_class,_id,batchId,Year,Quarter,Month,Day,createdBy,designId,Year,Quarter,Month,Day,lastModifiedBy,qrCode,type,urlPrefix
in.pixiverse.user.management.securetag.db.entity.QRCode,6632d5ce382ecd43e5d5bb2d,6632d5cd382ecd43e5d5bb2c,2024,Qtr 2,May,1,1143adda-d001-70dd-24d1-50370710e4fe,6632d383382ecd43e5d5bafe,2024,Qtr 2,May,1,1143adda-d001-70dd-24d1-50370710e4fe,8DdEeF,URL,https://securetag.in/found
in.pixiverse.user.management.securetag.db.entity.QRCode,6632d5ce382ecd43e5d5bb2e,6632d5cd382ecd43e5d5bb2c,2024,Qtr 2,May,1,1143adda-d001-70dd-24d1-50370710e4fe,6632d383382ecd43e5d5bafe,2024,Qtr 2,May,1,1143adda-d001-70dd-24d1-50370710e4fe,7AaBbC,URL,https://securetag.in/found
in.pixiverse.user.management.securetag.db.entity.QRCode,6632d5ce382ecd43e5d5bb2f,6632d5cd382ecd43e5d5bb2c,2024,Qtr 2,May,1,1143adda-d001-70dd-24d1-50370710e4fe,6632d383382ecd43e5d5bafe,2024,Qtr 2,May,1,1143adda-d001-70dd-24d1-50370710e4fe,eYyZz0,URL,https://securetag.in/found
in.pixiverse.user.management.securetag.db.entity.QRCode,6632d5ce382ecd43e5d5bb30,6632d5cd382ecd43e5d5bb2c,2024,Qtr 2,May,1,1143adda-d001-70dd-24d1-50370710e4fe,6632d383382ecd43e5d5bafe,2024,Qtr 2,May,1,1143adda-d001-70dd-24d1-50370710e4fe,bPpQqR,URL,https://securetag.in/found
in.pixiverse.user.management.securetag.db.entity.QRCode,6632d5ce382ecd43e5d5bb31,6632d5cd382ecd43e5d5bb2c,2024,Qtr 2,May,1,1143adda-d001-70dd-24d1-50370710e4fe,6632d383382ecd43e5d5bafe,2024,Qtr 2,May,1,1143adda-d001-70dd-24d1-50370710e4fe,aMmNnO,URL,https://securetag.in/found
in.pixiverse.user.management.securetag.db.entity.QRCode,6632d5ce382ecd43e5d5bb32,6632d5cd382ecd43e5d5bb2c,2024,Qtr 2,May,1,1143adda-d001-70dd-24d1-50370710e4fe,6632d383382ecd43e5d5bafe,2024,Qtr 2,May,1,1143adda-d001-70dd-24d1-50370710e4fe,9GgHhI,URL,https://securetag.in/found
in.pixiverse.user.management.securetag.db.entity.QRCode,6632d5ce382ecd43e5d5bb33,6632d5cd382ecd43e5d5bb2c,2024,Qtr 2,May,1,1143adda-d001-70dd-24d1-50370710e4fe,6632d383382ecd43e5d5bafe,2024,Qtr 2,May,1,1143adda-d001-70dd-24d1-50370710e4fe,dVvWwX,URL,https://securetag.in/found
in.pixiverse.user.management.securetag.db.entity.QRCode,6632d5ce382ecd43e5d5bb34,6632d5cd382ecd43e5d5bb2c,2024,Qtr 2,May,1,1143adda-d001-70dd-24d1-50370710e4fe,6632d383382ecd43e5d5bafe,2024,Qtr 2,May,1,1143adda-d001-70dd-24d1-50370710e4fe,0JjKkL,URL,https://securetag.in/found
in.pixiverse.user.management.securetag.db.entity.QRCode,6632d5ce382ecd43e5d5bb35,6632d5cd382ecd43e5d5bb2c,2024,Qtr 2,May,1,1143adda-d001-70dd-24d1-50370710e4fe,6632d383382ecd43e5d5bafe,2024,Qtr 2,May,1,1143adda-d001-70dd-24d1-50370710e4fe,cSsTtU,URL,https://securetag.in/found
in.pixiverse.user.management.securetag.db.entity.QRCode,6632d5ce382ecd43e5d5bb37,6632d5ce382ecd43e5d5bb36,2024,Qtr 2,May,1,1143adda-d001-70dd-24d1-50370710e4fe,6632d383382ecd43e5d5baff,2024,Qtr 2,May,1,1143adda-d001-70dd-24d1-50370710e4fe,j90LlM,URL,https://securetag.in/found
in.pixiverse.user.management.securetag.db.entity.QRCode,6632d5ce382ecd43e5d5bb38,6632d5ce382ecd43e5d5bb36,2024,Qtr 2,May,1,1143adda-d001-70dd-24d1-50370710e4fe,6632d383382ecd43e5d5baff,2024,Qtr 2,May,1,1143adda-d001-70dd-24d1-50370710e4fe,h56GhI,URL,https://securetag.in/found
in.pixiverse.user.management.securetag.db.entity.QRCode,6632d5ce382ecd43e5d5bb39,6632d5ce382ecd43e5d5bb36,2024,Qtr 2,May,1,1143adda-d001-70dd-24d1-50370710e4fe,6632d383382ecd43e5d5baff,2024,Qtr 2,May,1,1143adda-d001-70dd-24d1-50370710e4fe,g34DeF,URL,https://securetag.in/found
in.pixiverse.user.management.securetag.db.entity.QRCode,6632d5ce382ecd43e5d5bb3a,6632d5ce382ecd43e5d5bb36,2024,Qtr 2,May,1,1143adda-d001-70dd-24d1-50370710e4fe,6632d383382ecd43e5d5baff,2024,Qtr 2,May,1,1143adda-d001-70dd-24d1-50370710e4fe,f12AbC,URL,https://securetag.in/found
in.pixiverse.user.management.securetag.db.entity.QRCode,6632d5ce382ecd43e5d5bb3b,6632d5ce382ecd43e5d5bb36,2024,Qtr 2,May,1,1143adda-d001-70dd-24d1-50370710e4fe,6632d383382ecd43e5d5baff,2024,Qtr 2,May,1,1143adda-d001-70dd-24d1-50370710e4fe,i78JjK,URL,https://securetag.in/found
in.pixiverse.user.management.securetag.db.entity.QRCode,6632d5cf382ecd43e5d5bb3d,6632d5cf382ecd43e5d5bb3c,2024,Qtr 2,May,1,1143adda-d001-70dd-24d1-50370710e4fe,6632d384382ecd43e5d5bb00,2024,Qtr 2,May,1,1143adda-d001-70dd-24d1-50370710e4fe,ojlKkl,URL,https://securetag.in/found
in.pixiverse.user.management.securetag.db.entity.QRCode,6632d5cf382ecd43e5d5bb3e,6632d5cf382ecd43e5d5bb3c,2024,Qtr 2,May,1,1143adda-d001-70dd-24d1-50370710e4fe,6632d384382ecd43e5d5bb00,2024,Qtr 2,May,1,1143adda-d001-70dd-24d1-50370710e4fe,mdgFhi,URL,https://securetag.in/found
in.pixiverse.user.management.securetag.db.entity.QRCode,6632d5cf382ecd43e5d5bb3f,6632d5cf382ecd43e5d5bb3c,2024,Qtr 2,May,1,1143adda-d001-70dd-24d1-50370710e4fe,6632d384382ecd43e5d5bb00,2024,Qtr 2,May,1,1143adda-d001-70dd-24d1-50370710e4fe,kabCde,URL,https://securetag.in/found
in.pixiverse.user.management.securetag.db.entity.QRCode,6632d5cf382ecd43e5d5bb40,6632d5cf382ecd43e5d5bb3c,2024,Qtr 2,May,1,1143adda-d001-70dd-24d1-50370710e4fe,6632d384382ecd43e5d5bb00,2024,Qtr 2,May,1,1143adda-d001-70dd-24d1-50370710e4fe,nfiJjk,URL,https://securetag.in/found
in.pixiverse.user.management.securetag.db.entity.QRCode,6632d5cf382ecd43e5d5bb41,6632d5cf382ecd43e5d5bb3c,2024,Qtr 2,May,1,1143adda-d001-70dd-24d1-50370710e4fe,6632d384382ecd43e5d5bb00,2024,Qtr 2,May,1,1143adda-d001-70dd-24d1-50370710e4fe,IcdEfg,URL,https://securetag.in/found
in.pixiverse.user.management.securetag.db.entity.QRCode,6632d5cf382ecd43e5d5bb43,6632d5cf382ecd43e5d5bb42,2024,Qtr 2,May,1,1143adda-d001-70dd-24d1-50370710e4fe,6632d384382ecd43e5d5bb01,2024,Qtr 2,May,1,1143adda-d001-70dd-24d1-50370710e4fe,z01ZzA,URL,https://securetag.in/found
in.pixiverse.user.management.securetag.db.entity.QRCode,6632d5cf382ecd43e5d5bb44,6632d5cf382ecd43e5d5bb42,2024,Qtr 2,May,1,1143adda-d001-70dd-24d1-50370710e4fe,6632d384382ecd43e5d5bb01,2024,Qtr 2,May,1,1143adda-d001-70dd-24d1-50370710e4fe,FcdFGg,URL,https://securetag.in/found
in.pixiverse.user.management.securetag.db.entity.QRCode,6632d5d0382ecd43e5d5bb46,6632d5d0382ecd43e5d5bb45,2024,Qtr 2,May,1,1143adda-d001-70dd-24d1-50370710e4fe,6632d385382ecd43e5d5bb02,2024,Qtr 2,May,1,1143adda-d001-70dd-24d1-50370710e4fe,kno78L,URL,https://securetag.in/found
in.pixiverse.user.management.securetag.db.entity.QRCode,6632d5d0382ecd43e5d5bb47,6632d5d0382ecd43e5d5bb45,2024,Qtr 2,May,1,1143adda-d001-70dd-24d1-50370710e4fe,6632d385382ecd43e5d5bb02,2024,Qtr 2,May,1,1143adda-d001-70dd-24d1-50370710e4fe,Jlm56K,URL,https://securetag.in/found
in.pixiverse.user.management.securetag.db.entity.QRCode,6632d5d0382ecd43e5d5bb48,6632d5d0382ecd43e5d5bb45,2024,Qtr 2,May,1,1143adda-d001-70dd-24d1-50370710e4fe,6632d385382ecd43e5d5bb02,2024,Qtr 2,May,1,1143adda-d001-70dd-24d1-50370710e4fe,Lpq90M,URL,https://securetag.in/found
in.pixiverse.user.management.securetag.db.entity.QRCode,6632d5d0382ecd43e5d5bb4a,6632d5d0382ecd43e5d5bb49,2024,Qtr 2,May,1,1143adda-d001-70dd-24d1-50370710e4fe,6632d385382ecd43e5d5bb03,2024,Qtr 2,May,1,1143adda-d001-70dd-24d1-50370710e4fe,XNFSYZ,URL,https://securetag.in/found
in.pixiverse.user.management.securetag.db.entity.QRCode,6632d5d0382ecd43e5d5bb4b,6632d5d0382ecd43e5d5bb49,2024,Qtr 2,May,1,1143adda-d001-70dd-24d1-50370710e4fe,6632d385382ecd43e5d5bb03,2024,Qtr 2,May,1,1143adda-d001-70dd-24d1-50370710e4fe,WBUI1P,URL,https://securetag.in/found
in.pixiverse.user.management.securetag.db.entity.QRCode,6632d5d0382ecd43e5d5bb4c,6632d5d0382ecd43e5d5bb49,2024,Qtr 2,May,1,1143adda-d001-70dd-24d1-50370710e4fe,6632d385382ecd43e5d5bb03,2024,Qtr 2,May,1,1143adda-d001-70dd-24d1-50370710e4fe,YUBXK3,URL,https://securetag.in/found
in.pixiverse.user.management.securetag.db.entity.QRCode,6632d5d0382ecd43e5d5bb4d,6632d5d0382ecd43e5d5bb49,2024,Qtr 2,May,1,1143adda-d001-70dd-24d1-50370710e4fe,6632d385382ecd43e5d5bb03,2024,Qtr 2,May,1,1143adda-d001-70dd-24d1-50370710e4fe,XYBIW6,URL,https://securetag.in/found
in.pixiverse.user.management.securetag.db.entity.QRCode,6632d5d0382ecd43e5d5bb4e,6632d5d0382ecd43e5d5bb49,2024,Qtr 2,May,1,1143adda-d001-70dd-24d1-50370710e4fe,6632d385382ecd43e5d5bb03,2024,Qtr 2,May,1,1143adda-d001-70dd-24d1-50370710e4fe,YFNXVN,URL,https://securetag.in/found
in.pixiverse.user.management.securetag.db.entity.QRCode,6632d5d1382ecd43e5d5bb50,6632d5d1382ecd43e5d5bb4f,2024,Qtr 2,May,1,1143adda-d001-70dd-24d1-50370710e4fe,6632d386382ecd43e5d5bb04,2024,Qtr 2,May,1,1143adda-d001-70dd-24d1-50370710e4fe,M7U5JG,URL,https://securetag.in/found
in.pixiverse.user.management.securetag.db.entity.QRCode,6632d5d1382ecd43e5d5bb51,6632d5d1382ecd43e5d5bb4f,2024,Qtr 2,May,1,1143adda-d001-70dd-24d1-50370710e4fe,6632d386382ecd43e5d5bb04,2024,Qtr 2,May,1,1143adda-d001-70dd-24d1-50370710e4fe,N4E2T3,URL,https://securetag.in/found
in.pixiverse.user.management.securetag.db.entity.QRCode,6632d5d1382ecd43e5d5bb52,6632d5d1382ecd43e5d5bb4f,2024,Qtr 2,May,1,1143adda-d001-70dd-24d1-50370710e4fe,6632d386382ecd43e5d5bb04,2024,Qtr 2,May,1,1143adda-d001-70dd-24d1-50370710e4fe,NU2H76,URL,https://securetag.in/found
in.pixiverse.user.management.securetag.db.entity.QRCode,6632d5d1382ecd43e5d5bb53,6632d5d1382ecd43e5d5bb4f,2024,Qtr 2,May,1,1143adda-d001-70dd-24d1-50370710e4fe,6632d386382ecd43e5d5bb04,2024,Qtr 2,May,1,1143adda-d001-70dd-24d1-50370710e4fe,NDI9RY,URL,https://securetag.in/found
in.pixiverse.user.management.securetag.db.entity.QRCode,6632d5d1382ecd43e5d5bb54,6632d5d1382ecd43e5d5bb4f,2024,Qtr 2,May,1,1143adda-d001-70dd-24d1-50370710e4fe,6632d386382ecd43e5d5bb04,2024,Qtr 2,May,1,1143adda-d001-70dd-24d1-50370710e4fe,MPYSSS,URL,https://securetag.in/found
in.pixiverse.user.management.securetag.db.entity.QRCode,6632d5d1382ecd43e5d5bb56,6632d5d1382ecd43e5d5bb55,2024,Qtr 2,May,1,1143adda-d001-70dd-24d1-50370710e4fe,6632d386382ecd43e5d5bb05,2024,Qtr 2,May,1,1143adda-d001-70dd-24d1-50370710e4fe,U9JLNN,URL,https://securetag.in/found
in.pixiverse.user.management.securetag.db.entity.QRCode,6632d5d1382ecd43e5d5bb57,6632d5d1382ecd43e5d5bb55,2024,Qtr 2,May,1,1143adda-d001-70dd-24d1-50370710e4fe,6632d386382ecd43e5d5bb05,2024,Qtr 2,May,1,1143adda-d001-70dd-24d1-50370710e4fe,UHFVVX,URL,https://securetag.in/found
in.pixiverse.user.management.securetag.db.entity.QRCode,6632d5d1382ecd43e5d5bb58,6632d5d1382ecd43e5d5bb55,2024,Qtr 2,May,1,1143adda-d001-70dd-24d1-50370710e4fe,6632d386382ecd43e5d5bb05,2024,Qtr 2,May,1,1143adda-d001-70dd-24d1-50370710e4fe,TX0Z8D,URL,https://securetag.in/found
in.pixiverse.user.management.securetag.db.entity.QRCode,6632d5d1382ecd43e5d5bb59,6632d5d1382ecd43e5d5bb55,2024,Qtr 2,May,1,1143adda-d001-70dd-24d1-50370710e4fe,6632d386382ecd43e5d5bb05,2024,Qtr 2,May,1,1143adda-d001-70dd-24d1-50370710e4fe,UKTF8U,URL,https://securetag.in/found
in.pixiverse.user.management.securetag.db.entity.QRCode,6632d5d1382ecd43e5d5bb5a,6632d5d1382ecd43e5d5bb55,2024,Qtr 2,May,1,1143adda-d001-70dd-24d1-50370710e4fe,6632d386382ecd43e5d5bb05,2024,Qtr 2,May,1,1143adda-d001-70dd-24d1-50370710e4fe,UXIAB4,URL,https://securetag.in/found
in.pixiverse.user.management.securetag.db.entity.QRCode,6632d5d2382ecd43e5d5bb5c,6632d5d1382ecd43e5d5bb5b,2024,Qtr 2,May,1,1143adda-d001-70dd-24d1-50370710e4fe,6632d387382ecd43e5d5bb06,2024,Qtr 2,May,1,1143adda-d001-70dd-24d1-50370710e4fe,RD3HIK,URL,https://securetag.in/found
in.pixiverse.user.management.securetag.db.entity.QRCode,6632d5d2382ecd43e5d5bb5d,6632d5d1382ecd43e5d5bb5b,2024,Qtr 2,May,1,1143adda-d001-70dd-24d1-50370710e4fe,6632d387382ecd43e5d5bb06,2024,Qtr 2,May,1,1143adda-d001-70dd-24d1-50370710e4fe,S47B5O,URL,https://securetag.in/found
in.pixiverse.user.management.securetag.db.entity.QRCode,6632d5d2382ecd43e5d5bb5e,6632d5d1382ecd43e5d5bb5b,2024,Qtr 2,May,1,1143adda-d001-70dd-24d1-50370710e4fe,6632d387382ecd43e5d5bb06,2024,Qtr 2,May,1,1143adda-d001-70dd-24d1-50370710e4fe,SPZVMV,URL,https://securetag.in/found
in.pixiverse.user.management.securetag.db.entity.QRCode,6632d5d2382ecd43e5d5bb5f,6632d5d1382ecd43e5d5bb5b,2024,Qtr 2,May,1,1143adda-d001-70dd-24d1-50370710e4fe,6632d387382ecd43e5d5bb06,2024,Qtr 2,May,1,1143adda-d001-70dd-24d1-50370710e4fe,TM5FUU,URL,https://securetag.in/found
in.pixiverse.user.management.securetag.db.entity.QRCode,6632d5d2382ecd43e5d5bb60,6632d5d1382ecd43e5d5bb5b,2024,Qtr 2,May,1,1143adda-d001-70dd-24d1-50370710e4fe,6632d387382ecd43e5d5bb06,2024,Qtr 2,May,1,1143adda-d001-70dd-24d1-50370710e4fe,Q5MZNP,URL,https://securetag.in/found
in.pixiverse.user.management.securetag.db.entity.QRCode,6632d5d2382ecd43e5d5bb62,6632d5d2382ecd43e5d5bb61,2024,Qtr 2,May,1,1143adda-d001-70dd-24d1-50370710e4fe,6632d387382ecd43e5d5bb07,2024,Qtr 2,May,1,1143adda-d001-70dd-24d1-50370710e4fe,OUH95G,URL,https://securetag.in/found
in.pixiverse.user.management.securetag.db.entity.QRCode,6632d5d2382ecd43e5d5bb63,6632d5d2382ecd43e5d5bb61,2024,Qtr 2,May,1,1143adda-d001-70dd-24d1-50370710e4fe,6632d387382ecd43e5d5bb07,2024,Qtr 2,May,1,1143adda-d001-70dd-24d1-50370710e4fe,O1NL50,URL,https://securetag.in/found
in.pixiverse.user.management.securetag.db.entity.QRCode,6632d5d2382ecd43e5d5bb64,6632d5d2382ecd43e5d5bb61,2024,Qtr 2,May,1,1143adda-d001-70dd-24d1-50370710e4fe,6632d387382ecd43e5d5bb07,2024,Qtr 2,May,1,1143adda-d001-70dd-24d1-50370710e4fe,P4K9GK,URL,https://securetag.in/found
in.pixiverse.user.management.securetag.db.entity.QRCode,6632d5d2382ecd43e5d5bb65,6632d5d2382ecd43e5d5bb61,2024,Qtr 2,May,1,1143adda-d001-70dd-24d1-50370710e4fe,6632d387382ecd43e5d5bb07,2024,Qtr 2,May,1,1143adda-d001-70dd-24d1-50370710e4fe,Q3L4ZS,URL,https://securetag.in/found
in.pixiverse.user.management.securetag.db.entity.QRCode,6632d5d2382ecd43e5d5bb66,6632d5d2382ecd43e5d5bb61,2024,Qtr 2,May,1,1143adda-d001-70dd-24d1-50370710e4fe,6632d387382ecd43e5d5bb07,2024,Qtr 2,May,1,1143adda-d001-70dd-24d1-50370710e4fe,OV3WB8,URL,https://securetag.in/found
in.pixiverse.user.management.securetag.db.entity.QRCode,6632d5d3382ecd43e5d5bb68,6632d5d3382ecd43e5d5bb67,2024,Qtr 2,May,1,1143adda-d001-70dd-24d1-50370710e4fe,6632d388382ecd43e5d5bb08,2024,Qtr 2,May,1,1143adda-d001-70dd-24d1-50370710e4fe,1aBcDe,URL,https://securetag.in/found
in.pixiverse.user.management.securetag.db.entity.QRCode,6632d5d4382ecd43e5d5bb6a,6632d5d4382ecd43e5d5bb69,2024,Qtr 2,May,1,1143adda-d001-70dd-24d1-50370710e4fe,6632d388382ecd43e5d5bb09,2024,Qtr 2,May,1,1143adda-d001-70dd-24d1-50370710e4fe,2dEfGh,URL,https://securetag.in/found
in.pixiverse.user.management.securetag.db.entity.QRCode,6632d5d4382ecd43e5d5bb6c,6632d5d4382ecd43e5d5bb6b,2024,Qtr 2,May,1,1143adda-d001-70dd-24d1-50370710e4fe,6632d389382ecd43e5d5bb0a,2024,Qtr 2,May,1,1143adda-d001-70dd-24d1-50370710e4fe,3iJkLm,URL,https://securetag.in/found
in.pixiverse.user.management.securetag.db.entity.QRCode,6632d5d5382ecd43e5d5bb6e,6632d5d5382ecd43e5d5bb6d,2024,Qtr 2,May,1,1143adda-d001-70dd-24d1-50370710e4fe,6632d38a382ecd43e5d5bb0b,2024,Qtr 2,May,1,1143adda-d001-70dd-24d1-50370710e4fe,4nOpQr,URL,https://securetag.in/found
in.pixiverse.user.management.securetag.db.entity.QRCode,6632d5d5382ecd43e5d5bb70,6632d5d5382ecd43e5d5bb6f,2024,Qtr 2,May,1,1143adda-d001-70dd-24d1-50370710e4fe,6632d38a382ecd43e5d5bb0c,2024,Qtr 2,May,1,1143adda-d001-70dd-24d1-50370710e4fe,5sTuVw,URL,https://securetag.in/found
in.pixiverse.user.management.securetag.db.entity.QRCode,6632d5d6382ecd43e5d5bb72,6632d5d6382ecd43e5d5bb71,2024,Qtr 2,May,1,1143adda-d001-70dd-24d1-50370710e4fe,6632d38b382ecd43e5d5bb0d,2024,Qtr 2,May,1,1143adda-d001-70dd-24d1-50370710e4fe,6xYz01,URL,https://securetag.in/found
in.pixiverse.user.management.securetag.db.entity.QRCode,6632d5d7382ecd43e5d5bb74,6632d5d7382ecd43e5d5bb73,2024,Qtr 2,May,1,1143adda-d001-70dd-24d1-50370710e4fe,6632d38c382ecd43e5d5bb0e,2024,Qtr 2,May,1,1143adda-d001-70dd-24d1-50370710e4fe,tstRrS,URL,https://securetag.in/found
in.pixiverse.user.management.securetag.db.entity.QRCode,6632d5d7382ecd43e5d5bb76,6632d5d7382ecd43e5d5bb75,2024,Qtr 2,May,1,1143adda-d001-70dd-24d1-50370710e4fe,6632d38d382ecd43e5d5bb0f,2024,Qtr 2,May,1,1143adda-d001-70dd-24d1-50370710e4fe,srqQpP,URL,https://securetag.in/found
in.pixiverse.user.management.securetag.db.entity.QRCode,6632d5d8382ecd43e5d5bb78,6632d5d8382ecd43e5d5bb77,2024,Qtr 2,May,1,1143adda-d001-70dd-24d1-50370710e4fe,6632d38d382ecd43e5d5bb10,2024,Qtr 2,May,1,1143adda-d001-70dd-24d1-50370710e4fe,rqpPoO,URL,https://securetag.in/found
in.pixiverse.user.management.securetag.db.entity.QRCode,6632d5d8382ecd43e5d5bb7a,6632d5d8382ecd43e5d5bb79,2024,Qtr 2,May,1,1143adda-d001-70dd-24d1-50370710e4fe,6632d38e382ecd43e5d5bb11,2024,Qtr 2,May,1,1143adda-d001-70dd-24d1-50370710e4fe,qpoOnN,URL,https://securetag.in/found
in.pixiverse.user.management.securetag.db.entity.QRCode,6632d5d8382ecd43e5d5bb7c,6632d5d8382ecd43e5d5bb7b,2024,Qtr 2,May,1,1143adda-d001-70dd-24d1-50370710e4fe,6632d38e382ecd43e5d5bb12,2024,Qtr 2,May,1,1143adda-d001-70dd-24d1-50370710e4fe,pmnMnm,URL,https://securetag.in/found
in.pixiverse.user.management.securetag.db.entity.QRCode,6632d5d9382ecd43e5d5bb7e,6632d5d9382ecd43e5d5bb7d,2024,Qtr 2,May,1,1143adda-d001-70dd-24d1-50370710e4fe,6632d38f382ecd43e5d5bb13,2024,Qtr 2,May,1,1143adda-d001-70dd-24d1-50370710e4fe,y0zYyZ,URL,https://securetag.in/found
in.pixiverse.user.management.securetag.db.entity.QRCode,6632d5d9382ecd43e5d5bb80,6632d5d9382ecd43e5d5bb7f,2024,Qtr 2,May,1,1143adda-d001-70dd-24d1-50370710e4fe,6632d38f382ecd43e5d5bb14,2024,Qtr 2,May,1,1143adda-d001-70dd-24d1-50370710e4fe,xyzXxY,URL,https://securetag.in/found
in.pixiverse.user.management.securetag.db.entity.QRCode,6632d5da382ecd43e5d5bb82,6632d5da382ecd43e5d5bb81,2024,Qtr 2,May,1,1143adda-d001-70dd-24d1-50370710e4fe,6632d38f382ecd43e5d5bb15,2024,Qtr 2,May,1,1143adda-d001-70dd-24d1-50370710e4fe,wxvWwW,URL,https://securetag.in/found
in.pixiverse.user.management.securetag.db.entity.QRCode,6632d5db382ecd43e5d5bb84,6632d5db382ecd43e5d5bb83,2024,Qtr 2,May,1,1143adda-d001-70dd-24d1-50370710e4fe,6632d390382ecd43e5d5bb16,2024,Qtr 2,May,1,1143adda-d001-70dd-24d1-50370710e4fe,vwuVuV,URL,https://securetag.in/found
in.pixiverse.user.management.securetag.db.entity.QRCode,6632d5db382ecd43e5d5bb86,6632d5db382ecd43e5d5bb85,2024,Qtr 2,May,1,1143adda-d001-70dd-24d1-50370710e4fe,6632d390382ecd43e5d5bb17,2024,Qtr 2,May,1,1143adda-d001-70dd-24d1-50370710e4fe,uvtStT,URL,https://securetag.in/found
in.pixiverse.user.management.securetag.db.entity.QRCode,6632d5dc382ecd43e5d5bb88,6632d5dc382ecd43e5d5bb87,2024,Qtr 2,May,1,1143adda-d001-70dd-24d1-50370710e4fe,6632d391382ecd43e5d5bb18,2024,Qtr 2,May,1,1143adda-d001-70dd-24d1-50370710e4fe,D89DEe,URL,https://securetag.in/found
in.pixiverse.user.management.securetag.db.entity.QRCode,6632d5dc382ecd43e5d5bb8a,6632d5dc382ecd43e5d5bb89,2024,Qtr 2,May,1,1143adda-d001-70dd-24d1-50370710e4fe,6632d391382ecd43e5d5bb19,2024,Qtr 2,May,1,1143adda-d001-70dd-24d1-50370710e4fe,C67Cdd,URL,https://securetag.in/found
in.pixiverse.user.management.securetag.db.entity.QRCode,6632d5dd382ecd43e5d5bb8c,6632d5dd382ecd43e5d5bb8b,2024,Qtr 2,May,1,1143adda-d001-70dd-24d1-50370710e4fe,6632d392382ecd43e5d5bb1a,2024,Qtr 2,May,1,1143adda-d001-70dd-24d1-50370710e4fe,B45BCc,URL,https://securetag.in/found
in.pixiverse.user.management.securetag.db.entity.QRCode,6632d5de382ecd43e5d5bb8e,6632d5de382ecd43e5d5bb8d,2024,Qtr 2,May,1,1143adda-d001-70dd-24d1-50370710e4fe,6632d392382ecd43e5d5bb1b,2024,Qtr 2,May,1,1143adda-d001-70dd-24d1-50370710e4fe,A23ABb,URL,https://securetag.in/found
in.pixiverse.user.management.securetag.db.entity.QRCode,6632d5de382ecd43e5d5bb90,6632d5de382ecd43e5d5bb8f,2024,Qtr 2,May,1,1143adda-d001-70dd-24d1-50370710e4fe,6632d393382ecd43e5d5bb1c,2024,Qtr 2,May,1,1143adda-d001-70dd-24d1-50370710e4fe,Ijk34J,URL,https://securetag.in/found
in.pixiverse.user.management.securetag.db.entity.QRCode,6632d5df382ecd43e5d5bb92,6632d5df382ecd43e5d5bb91,2024,Qtr 2,May,1,1143adda-d001-70dd-24d1-50370710e4fe,6632d393382ecd43e5d5bb1d,2024,Qtr 2,May,1,1143adda-d001-70dd-24d1-50370710e4fe,HiJ12I,URL,https://securetag.in/found
in.pixiverse.user.management.securetag.db.entity.QRCode,6632d5df382ecd43e5d5bb94,6632d5df382ecd43e5d5bb93,2024,Qtr 2,May,1,1143adda-d001-70dd-24d1-50370710e4fe,6632d394382ecd43e5d5bb1e,2024,Qtr 2,May,1,1143adda-d001-70dd-24d1-50370710e4fe,GeFGHh,URL,https://securetag.in/found
in.pixiverse.user.management.securetag.db.entity.QRCode,6632d5e0382ecd43e5d5bb96,6632d5e0382ecd43e5d5bb95,2024,Qtr 2,May,1,1143adda-d001-70dd-24d1-50370710e4fe,6632d394382ecd43e5d5bb1f,2024,Qtr 2,May,1,1143adda-d001-70dd-24d1-50370710e4fe,EabEFf,URL,https://securetag.in/found
in.pixiverse.user.management.securetag.db.entity.QRCode,6632d5e0382ecd43e5d5bb98,6632d5e0382ecd43e5d5bb97,2024,Qtr 2,May,1,1143adda-d001-70dd-24d1-50370710e4fe,6632d395382ecd43e5d5bb20,2024,Qtr 2,May,1,1143adda-d001-70dd-24d1-50370710e4fe,NtuCcD,URL,https://securetag.in/found
in.pixiverse.user.management.securetag.db.entity.QRCode,6632d5e1382ecd43e5d5bb9a,6632d5e1382ecd43e5d5bb99,2024,Qtr 2,May,1,1143adda-d001-70dd-24d1-50370710e4fe,6632d396382ecd43e5d5bb21,2024,Qtr 2,May,1,1143adda-d001-70dd-24d1-50370710e4fe,MrsAaB,URL,https://securetag.in/found
in.pixiverse.user.management.securetag.db.entity.QRCode,664b788ff495144eca1c5e49,664b788ef495144eca1c5e48,2024,Qtr 2,May,20,21e39d3a-f021-705b-4b81-9064b65d6c77,664b6c23f495144eca1c5e47,2024,Qtr 2,May,20,21e39d3a-f021-705b-4b81-9064b65d6c77,YNRQHR,URL,https://securetag.in/found
in.pixiverse.user.management.securetag.db.entity.QRCode,664b788ff495144eca1c5e4a,664b788ef495144eca1c5e48,2024,Qtr 2,May,20,21e39d3a-f021-705b-4b81-9064b65d6c77,664b6c23f495144eca1c5e47,2024,Qtr 2,May,20,21e39d3a-f021-705b-4b81-9064b65d6c77,GQQZD4,URL,https://securetag.in/found
in.pixiverse.user.management.securetag.db.entity.QRCode,664b788ff495144eca1c5e4b,664b788ef495144eca1c5e48,2024,Qtr 2,May,20,21e39d3a-f021-705b-4b81-9064b65d6c77,664b6c23f495144eca1c5e47,2024,Qtr 2,May,20,21e39d3a-f021-705b-4b81-9064b65d6c77,I6H8BM,URL,https://securetag.in/found
in.pixiverse.user.management.securetag.db.entity.QRCode,664b788ff495144eca1c5e4c,664b788ef495144eca1c5e48,2024,Qtr 2,May,20,21e39d3a-f021-705b-4b81-9064b65d6c77,664b6c23f495144eca1c5e47,2024,Qtr 2,May,20,21e39d3a-f021-705b-4b81-9064b65d6c77,HCM4UJ,URL,https://securetag.in/found
in.pixiverse.user.management.securetag.db.entity.QRCode,664b788ff495144eca1c5e4d,664b788ef495144eca1c5e48,2024,Qtr 2,May,20,21e39d3a-f021-705b-4b81-9064b65d6c77,664b6c23f495144eca1c5e47,2024,Qtr 2,May,20,21e39d3a-f021-705b-4b81-9064b65d6c77,Y4PO2I,URL,https://securetag.in/found
in.pixiverse.user.management.securetag.db.entity.QRCode,664b788ff495144eca1c5e4e,664b788ef495144eca1c5e48,2024,Qtr 2,May,20,21e39d3a-f021-705b-4b81-9064b65d6c77,664b6c23f495144eca1c5e47,2024,Qtr 2,May,20,21e39d3a-f021-705b-4b81-9064b65d6c77,LGFUTA,URL,https://securetag.in/found
in.pixiverse.user.management.securetag.db.entity.QRCode,664b788ff495144eca1c5e4f,664b788ef495144eca1c5e48,2024,Qtr 2,May,20,21e39d3a-f021-705b-4b81-9064b65d6c77,664b6c23f495144eca1c5e47,2024,Qtr 2,May,20,21e39d3a-f021-705b-4b81-9064b65d6c77,762C87,URL,https://securetag.in/found
in.pixiverse.user.management.securetag.db.entity.QRCode,664b788ff495144eca1c5e50,664b788ef495144eca1c5e48,2024,Qtr 2,May,20,21e39d3a-f021-705b-4b81-9064b65d6c77,664b6c23f495144eca1c5e47,2024,Qtr 2,May,20,21e39d3a-f021-705b-4b81-9064b65d6c77,9NN5J3,URL,https://securetag.in/found
in.pixiverse.user.management.securetag.db.entity.QRCode,664b788ff495144eca1c5e51,664b788ef495144eca1c5e48,2024,Qtr 2,May,20,21e39d3a-f021-705b-4b81-9064b65d6c77,664b6c23f495144eca1c5e47,2024,Qtr 2,May,20,21e39d3a-f021-705b-4b81-9064b65d6c77,4LK1QP,URL,https://securetag.in/found
in.pixiverse.user.management.securetag.db.entity.QRCode,664b788ff495144eca1c5e52,664b788ef495144eca1c5e48,2024,Qtr 2,May,20,21e39d3a-f021-705b-4b81-9064b65d6c77,664b6c23f495144eca1c5e47,2024,Qtr 2,May,20,21e39d3a-f021-705b-4b81-9064b65d6c77,ZQHGUQ,URL,https://securetag.in/found
in.pixiverse.user.management.securetag.db.entity.QRCode,664b788ff495144eca1c5e53,664b788ef495144eca1c5e48,2024,Qtr 2,May,20,21e39d3a-f021-705b-4b81-9064b65d6c77,664b6c23f495144eca1c5e47,2024,Qtr 2,May,20,21e39d3a-f021-705b-4b81-9064b65d6c77,D9Y6RB,URL,https://securetag.in/found
in.pixiverse.user.management.securetag.db.entity.QRCode,664b788ff495144eca1c5e54,664b788ef495144eca1c5e48,2024,Qtr 2,May,20,21e39d3a-f021-705b-4b81-9064b65d6c77,664b6c23f495144eca1c5e47,2024,Qtr 2,May,20,21e39d3a-f021-705b-4b81-9064b65d6c77,YKD8C5,URL,https://securetag.in/found
in.pixiverse.user.management.securetag.db.entity.QRCode,664b788ff495144eca1c5e55,664b788ef495144eca1c5e48,2024,Qtr 2,May,20,21e39d3a-f021-705b-4b81-9064b65d6c77,664b6c23f495144eca1c5e47,2024,Qtr 2,May,20,21e39d3a-f021-705b-4b81-9064b65d6c77,YF2XUI,URL,https://securetag.in/found
in.pixiverse.user.management.securetag.db.entity.QRCode,664b788ff495144eca1c5e56,664b788ef495144eca1c5e48,2024,Qtr 2,May,20,21e39d3a-f021-705b-4b81-9064b65d6c77,664b6c23f495144eca1c5e47,2024,Qtr 2,May,20,21e39d3a-f021-705b-4b81-9064b65d6c77,RBQ4MH,URL,https://securetag.in/found
in.pixiverse.user.management.securetag.db.entity.QRCode,664b788ff495144eca1c5e57,664b788ef495144eca1c5e48,2024,Qtr 2,May,20,21e39d3a-f021-705b-4b81-9064b65d6c77,664b6c23f495144eca1c5e47,2024,Qtr 2,May,20,21e39d3a-f021-705b-4b81-9064b65d6c77,0NH7AA,URL,https://securetag.in/found
in.pixiverse.user.management.securetag.db.entity.QRCode,664b788ff495144eca1c5e58,664b788ef495144eca1c5e48,2024,Qtr 2,May,20,21e39d3a-f021-705b-4b81-9064b65d6c77,664b6c23f495144eca1c5e47,2024,Qtr 2,May,20,21e39d3a-f021-705b-4b81-9064b65d6c77,VW4QBU,URL,https://securetag.in/found
in.pixiverse.user.management.securetag.db.entity.QRCode,664b788ff495144eca1c5e59,664b788ef495144eca1c5e48,2024,Qtr 2,May,20,21e39d3a-f021-705b-4b81-9064b65d6c77,664b6c23f495144eca1c5e47,2024,Qtr 2,May,20,21e39d3a-f021-705b-4b81-9064b65d6c77,TZ0PFU,URL,https://securetag.in/found
in.pixiverse.user.management.securetag.db.entity.QRCode,664b788ff495144eca1c5e5a,664b788ef495144eca1c5e48,2024,Qtr 2,May,20,21e39d3a-f021-705b-4b81-9064b65d6c77,664b6c23f495144eca1c5e47,2024,Qtr 2,May,20,21e39d3a-f021-705b-4b81-9064b65d6c77,NNSQ1W,URL,https://securetag.in/found
in.pixiverse.user.management.securetag.db.entity.QRCode,664b788ff495144eca1c5e5b,664b788ef495144eca1c5e48,2024,Qtr 2,May,20,21e39d3a-f021-705b-4b81-9064b65d6c77,664b6c23f495144eca1c5e47,2024,Qtr 2,May,20,21e39d3a-f021-705b-4b81-9064b65d6c77,50MYR7,URL,https://securetag.in/found
in.pixiverse.user.management.securetag.db.entity.QRCode,664b788ff495144eca1c5e5c,664b788ef495144eca1c5e48,2024,Qtr 2,May,20,21e39d3a-f021-705b-4b81-9064b65d6c77,664b6c23f495144eca1c5e47,2024,Qtr 2,May,20,21e39d3a-f021-705b-4b81-9064b65d6c77,OOX4F1,URL,https://securetag.in/found
in.pixiverse.user.management.securetag.db.entity.QRCode,664b788ff495144eca1c5e5d,664b788ef495144eca1c5e48,2024,Qtr 2,May,20,21e39d3a-f021-705b-4b81-9064b65d6c77,664b6c23f495144eca1c5e47,2024,Qtr 2,May,20,21e39d3a-f021-705b-4b81-9064b65d6c77,H8GNH9,URL,https://securetag.in/found
in.pixiverse.user.management.securetag.db.entity.QRCode,664b788ff495144eca1c5e5e,664b788ef495144eca1c5e48,2024,Qtr 2,May,20,21e39d3a-f021-705b-4b81-9064b65d6c77,664b6c23f495144eca1c5e47,2024,Qtr 2,May,20,21e39d3a-f021-705b-4b81-9064b65d6c77,XNCV4C,URL,https://securetag.in/found
in.pixiverse.user.management.securetag.db.entity.QRCode,664b788ff495144eca1c5e5f,664b788ef495144eca1c5e48,2024,Qtr 2,May,20,21e39d3a-f021-705b-4b81-9064b65d6c77,664b6c23f495144eca1c5e47,2024,Qtr 2,May,20,21e39d3a-f021-705b-4b81-9064b65d6c77,77H3PK,URL,https://securetag.in/found
in.pixiverse.user.management.securetag.db.entity.QRCode,664b788ff495144eca1c5e60,664b788ef495144eca1c5e48,2024,Qtr 2,May,20,21e39d3a-f021-705b-4b81-9064b65d6c77,664b6c23f495144eca1c5e47,2024,Qtr 2,May,20,21e39d3a-f021-705b-4b81-9064b65d6c77,2Z3CLW,URL,https://securetag.in/found
in.pixiverse.user.management.securetag.db.entity.QRCode,664b788ff495144eca1c5e61,664b788ef495144eca1c5e48,2024,Qtr 2,May,20,21e39d3a-f021-705b-4b81-9064b65d6c77,664b6c23f495144eca1c5e47,2024,Qtr 2,May,20,21e39d3a-f021-705b-4b81-9064b65d6c77,0UA5GR,URL,https://securetag.in/found
in.pixiverse.user.management.securetag.db.entity.QRCode,664b788ff495144eca1c5e62,664b788ef495144eca1c5e48,2024,Qtr 2,May,20,21e39d3a-f021-705b-4b81-9064b65d6c77,664b6c23f495144eca1c5e47,2024,Qtr 2,May,20,21e39d3a-f021-705b-4b81-9064b65d6c77,ATH29D,URL,https://securetag.in/found
in.pixiverse.user.management.securetag.db.entity.QRCode,664b788ff495144eca1c5e63,664b788ef495144eca1c5e48,2024,Qtr 2,May,20,21e39d3a-f021-705b-4b81-9064b65d6c77,664b6c23f495144eca1c5e47,2024,Qtr 2,May,20,21e39d3a-f021-705b-4b81-9064b65d6c77,THGM9I,URL,https://securetag.in/found
in.pixiverse.user.management.securetag.db.entity.QRCode,664b788ff495144eca1c5e64,664b788ef495144eca1c5e48,2024,Qtr 2,May,20,21e39d3a-f021-705b-4b81-9064b65d6c77,664b6c23f495144eca1c5e47,2024,Qtr 2,May,20,21e39d3a-f021-705b-4b81-9064b65d6c77,XILL3Q,URL,https://securetag.in/found
in.pixiverse.user.management.securetag.db.entity.QRCode,664b788ff495144eca1c5e65,664b788ef495144eca1c5e48,2024,Qtr 2,May,20,21e39d3a-f021-705b-4b81-9064b65d6c77,664b6c23f495144eca1c5e47,2024,Qtr 2,May,20,21e39d3a-f021-705b-4b81-9064b65d6c77,6M1078,URL,https://securetag.in/found
in.pixiverse.user.management.securetag.db.entity.QRCode,664b788ff495144eca1c5e66,664b788ef495144eca1c5e48,2024,Qtr 2,May,20,21e39d3a-f021-705b-4b81-9064b65d6c77,664b6c23f495144eca1c5e47,2024,Qtr 2,May,20,21e39d3a-f021-705b-4b81-9064b65d6c77,CTFNMF,URL,https://securetag.in/found
in.pixiverse.user.management.securetag.db.entity.QRCode,664b788ff495144eca1c5e67,664b788ef495144eca1c5e48,2024,Qtr 2,May,20,21e39d3a-f021-705b-4b81-9064b65d6c77,664b6c23f495144eca1c5e47,2024,Qtr 2,May,20,21e39d3a-f021-705b-4b81-9064b65d6c77,6623SE,URL,https://securetag.in/found
in.pixiverse.user.management.securetag.db.entity.QRCode,664b788ff495144eca1c5e68,664b788ef495144eca1c5e48,2024,Qtr 2,May,20,21e39d3a-f021-705b-4b81-9064b65d6c77,664b6c23f495144eca1c5e47,2024,Qtr 2,May,20,21e39d3a-f021-705b-4b81-9064b65d6c77,S0K678,URL,https://securetag.in/found
in.pixiverse.user.management.securetag.db.entity.QRCode,664b788ff495144eca1c5e69,664b788ef495144eca1c5e48,2024,Qtr 2,May,20,21e39d3a-f021-705b-4b81-9064b65d6c77,664b6c23f495144eca1c5e47,2024,Qtr 2,May,20,21e39d3a-f021-705b-4b81-9064b65d6c77,30UUNE,URL,https://securetag.in/found
in.pixiverse.user.management.securetag.db.entity.QRCode,664b788ff495144eca1c5e6a,664b788ef495144eca1c5e48,2024,Qtr 2,May,20,21e39d3a-f021-705b-4b81-9064b65d6c77,664b6c23f495144eca1c5e47,2024,Qtr 2,May,20,21e39d3a-f021-705b-4b81-9064b65d6c77,D65GR2,URL,https://securetag.in/found
in.pixiverse.user.management.securetag.db.entity.QRCode,664b788ff495144eca1c5e6b,664b788ef495144eca1c5e48,2024,Qtr 2,May,20,21e39d3a-f021-705b-4b81-9064b65d6c77,664b6c23f495144eca1c5e47,2024,Qtr 2,May,20,21e39d3a-f021-705b-4b81-9064b65d6c77,89CSVG,URL,https://securetag.in/found
in.pixiverse.user.management.securetag.db.entity.QRCode,664b788ff495144eca1c5e6c,664b788ef495144eca1c5e48,2024,Qtr 2,May,20,21e39d3a-f021-705b-4b81-9064b65d6c77,664b6c23f495144eca1c5e47,2024,Qtr 2,May,20,21e39d3a-f021-705b-4b81-9064b65d6c77,A106AV,URL,https://securetag.in/found
in.pixiverse.user.management.securetag.db.entity.QRCode,664b788ff495144eca1c5e6d,664b788ef495144eca1c5e48,2024,Qtr 2,May,20,21e39d3a-f021-705b-4b81-9064b65d6c77,664b6c23f495144eca1c5e47,2024,Qtr 2,May,20,21e39d3a-f021-705b-4b81-9064b65d6c77,9HA6O1,URL,https://securetag.in/found
in.pixiverse.user.management.securetag.db.entity.QRCode,664b788ff495144eca1c5e6e,664b788ef495144eca1c5e48,2024,Qtr 2,May,20,21e39d3a-f021-705b-4b81-9064b65d6c77,664b6c23f495144eca1c5e47,2024,Qtr 2,May,20,21e39d3a-f021-705b-4b81-9064b65d6c77,TLV2YK,URL,https://securetag.in/found
in.pixiverse.user.management.securetag.db.entity.QRCode,664b788ff495144eca1c5e6f,664b788ef495144eca1c5e48,2024,Qtr 2,May,20,21e39d3a-f021-705b-4b81-9064b65d6c77,664b6c23f495144eca1c5e47,2024,Qtr 2,May,20,21e39d3a-f021-705b-4b81-9064b65d6c77,IC9LWU,URL,https://securetag.in/found
in.pixiverse.user.management.securetag.db.entity.QRCode,664b788ff495144eca1c5e70,664b788ef495144eca1c5e48,2024,Qtr 2,May,20,21e39d3a-f021-705b-4b81-9064b65d6c77,664b6c23f495144eca1c5e47,2024,Qtr 2,May,20,21e39d3a-f021-705b-4b81-9064b65d6c77,4WJIM6,URL,https://securetag.in/found
in.pixiverse.user.management.securetag.db.entity.QRCode,664b788ff495144eca1c5e71,664b788ef495144eca1c5e48,2024,Qtr 2,May,20,21e39d3a-f021-705b-4b81-9064b65d6c77,664b6c23f495144eca1c5e47,2024,Qtr 2,May,20,21e39d3a-f021-705b-4b81-9064b65d6c77,3026Q9,URL,https://securetag.in/found
in.pixiverse.user.management.securetag.db.entity.QRCode,664b788ff495144eca1c5e72,664b788ef495144eca1c5e48,2024,Qtr 2,May,20,21e39d3a-f021-705b-4b81-9064b65d6c77,664b6c23f495144eca1c5e47,2024,Qtr 2,May,20,21e39d3a-f021-705b-4b81-9064b65d6c77,F0B7LL,URL,https://securetag.in/found
in.pixiverse.user.management.securetag.db.entity.QRCode,664b788ff495144eca1c5e73,664b788ef495144eca1c5e48,2024,Qtr 2,May,20,21e39d3a-f021-705b-4b81-9064b65d6c77,664b6c23f495144eca1c5e47,2024,Qtr 2,May,20,21e39d3a-f021-705b-4b81-9064b65d6c77,T14CK7,URL,https://securetag.in/found
in.pixiverse.user.management.securetag.db.entity.QRCode,664b788ff495144eca1c5e74,664b788ef495144eca1c5e48,2024,Qtr 2,May,20,21e39d3a-f021-705b-4b81-9064b65d6c77,664b6c23f495144eca1c5e47,2024,Qtr 2,May,20,21e39d3a-f021-705b-4b81-9064b65d6c77,SNS79Q,URL,https://securetag.in/found
in.pixiverse.user.management.securetag.db.entity.QRCode,664b788ff495144eca1c5e75,664b788ef495144eca1c5e48,2024,Qtr 2,May,20,21e39d3a-f021-705b-4b81-9064b65d6c77,664b6c23f495144eca1c5e47,2024,Qtr 2,May,20,21e39d3a-f021-705b-4b81-9064b65d6c77,XOF178,URL,https://securetag.in/found
in.pixiverse.user.management.securetag.db.entity.QRCode,664b788ff495144eca1c5e76,664b788ef495144eca1c5e48,2024,Qtr 2,May,20,21e39d3a-f021-705b-4b81-9064b65d6c77,664b6c23f495144eca1c5e47,2024,Qtr 2,May,20,21e39d3a-f021-705b-4b81-9064b65d6c77,7VHP4K,URL,https://securetag.in/found
in.pixiverse.user.management.securetag.db.entity.QRCode,664b788ff495144eca1c5e77,664b788ef495144eca1c5e48,2024,Qtr 2,May,20,21e39d3a-f021-705b-4b81-9064b65d6c77,664b6c23f495144eca1c5e47,2024,Qtr 2,May,20,21e39d3a-f021-705b-4b81-9064b65d6c77,EYTLS0,URL,https://securetag.in/found
in.pixiverse.user.management.securetag.db.entity.QRCode,664b788ff495144eca1c5e78,664b788ef495144eca1c5e48,2024,Qtr 2,May,20,21e39d3a-f021-705b-4b81-9064b65d6c77,664b6c23f495144eca1c5e47,2024,Qtr 2,May,20,21e39d3a-f021-705b-4b81-9064b65d6c77,KQ1CB4,URL,https://securetag.in/found
in.pixiverse.user.management.securetag.db.entity.QRCode,664b788ff495144eca1c5e79,664b788ef495144eca1c5e48,2024,Qtr 2,May,20,21e39d3a-f021-705b-4b81-9064b65d6c77,664b6c23f495144eca1c5e47,2024,Qtr 2,May,20,21e39d3a-f021-705b-4b81-9064b65d6c77,A2YU9J,URL,https://securetag.in/found
in.pixiverse.user.management.securetag.db.entity.QRCode,664b788ff495144eca1c5e7a,664b788ef495144eca1c5e48,2024,Qtr 2,May,20,21e39d3a-f021-705b-4b81-9064b65d6c77,664b6c23f495144eca1c5e47,2024,Qtr 2,May,20,21e39d3a-f021-705b-4b81-9064b65d6c77,101FDV,URL,https://securetag.in/found
in.pixiverse.user.management.securetag.db.entity.QRCode,66729d83ae8732226453d2f7,66729d83ae8732226453d2f6,2024,Qtr 2,June,19,a1034d9a-1051-7074-049c-fb99233de741,66702dcb1e556463c0433817,2024,Qtr 2,June,19,a1034d9a-1051-7074-049c-fb99233de741,11T8IP,URL,https://app.securetag.in/found
in.pixiverse.user.management.securetag.db.entity.QRCode,66729d83ae8732226453d2f8,66729d83ae8732226453d2f6,2024,Qtr 2,June,19,a1034d9a-1051-7074-049c-fb99233de741,66702dcb1e556463c0433817,2024,Qtr 2,June,19,a1034d9a-1051-7074-049c-fb99233de741,QXD1K9,URL,https://app.securetag.in/found
in.pixiverse.user.management.securetag.db.entity.QRCode,66729d83ae8732226453d2f9,66729d83ae8732226453d2f6,2024,Qtr 2,June,19,a1034d9a-1051-7074-049c-fb99233de741,66702dcb1e556463c0433817,2024,Qtr 2,June,19,a1034d9a-1051-7074-049c-fb99233de741,J8WB7S,URL,https://app.securetag.in/found
in.pixiverse.user.management.securetag.db.entity.QRCode,66729d83ae8732226453d2fa,66729d83ae8732226453d2f6,2024,Qtr 2,June,19,a1034d9a-1051-7074-049c-fb99233de741,66702dcb1e556463c0433817,2024,Qtr 2,June,19,a1034d9a-1051-7074-049c-fb99233de741,EQNB6O,URL,https://app.securetag.in/found
in.pixiverse.user.management.securetag.db.entity.QRCode,66729d83ae8732226453d2fb,66729d83ae8732226453d2f6,2024,Qtr 2,June,19,a1034d9a-1051-7074-049c-fb99233de741,66702dcb1e556463c0433817,2024,Qtr 2,June,19,a1034d9a-1051-7074-049c-fb99233de741,QHS2VP,URL,https://app.securetag.in/found
in.pixiverse.user.management.securetag.db.entity.QRCode,66729d83ae8732226453d2fc,66729d83ae8732226453d2f6,2024,Qtr 2,June,19,a1034d9a-1051-7074-049c-fb99233de741,66702dcb1e556463c0433817,2024,Qtr 2,June,19,a1034d9a-1051-7074-049c-fb99233de741,77DWHO,URL,https://app.securetag.in/found
in.pixiverse.user.management.securetag.db.entity.QRCode,66729d83ae8732226453d2fd,66729d83ae8732226453d2f6,2024,Qtr 2,June,19,a1034d9a-1051-7074-049c-fb99233de741,66702dcb1e556463c0433817,2024,Qtr 2,June,19,a1034d9a-1051-7074-049c-fb99233de741,FXFLQ9,URL,https://app.securetag.in/found
in.pixiverse.user.management.securetag.db.entity.QRCode,66729d83ae8732226453d2fe,66729d83ae8732226453d2f6,2024,Qtr 2,June,19,a1034d9a-1051-7074-049c-fb99233de741,66702dcb1e556463c0433817,2024,Qtr 2,June,19,a1034d9a-1051-7074-049c-fb99233de741,H940QC,URL,https://app.securetag.in/found
in.pixiverse.user.management.securetag.db.entity.QRCode,66729d83ae8732226453d2ff,66729d83ae8732226453d2f6,2024,Qtr 2,June,19,a1034d9a-1051-7074-049c-fb99233de741,66702dcb1e556463c0433817,2024,Qtr 2,June,19,a1034d9a-1051-7074-049c-fb99233de741,TT4EIC,URL,https://app.securetag.in/found
in.pixiverse.user.management.securetag.db.entity.QRCode,66729d83ae8732226453d300,66729d83ae8732226453d2f6,2024,Qtr 2,June,19,a1034d9a-1051-7074-049c-fb99233de741,66702dcb1e556463c0433817,2024,Qtr 2,June,19,a1034d9a-1051-7074-049c-fb99233de741,PO8OYK,URL,https://app.securetag.in/found
in.pixiverse.user.management.securetag.db.entity.QRCode,66729d83ae8732226453d301,66729d83ae8732226453d2f6,2024,Qtr 2,June,19,a1034d9a-1051-7074-049c-fb99233de741,66702dcb1e556463c0433817,2024,Qtr 2,June,19,a1034d9a-1051-7074-049c-fb99233de741,0MFJEF,URL,https://app.securetag.in/found
in.pixiverse.user.management.securetag.db.entity.QRCode,66729d83ae8732226453d302,66729d83ae8732226453d2f6,2024,Qtr 2,June,19,a1034d9a-1051-7074-049c-fb99233de741,66702dcb1e556463c0433817,2024,Qtr 2,June,19,a1034d9a-1051-7074-049c-fb99233de741,PD9RJR,URL,https://app.securetag.in/found
in.pixiverse.user.management.securetag.db.entity.QRCode,66729d83ae8732226453d303,66729d83ae8732226453d2f6,2024,Qtr 2,June,19,a1034d9a-1051-7074-049c-fb99233de741,66702dcb1e556463c0433817,2024,Qtr 2,June,19,a1034d9a-1051-7074-049c-fb99233de741,L0TWFX,URL,https://app.securetag.in/found
in.pixiverse.user.management.securetag.db.entity.QRCode,66729d83ae8732226453d304,66729d83ae8732226453d2f6,2024,Qtr 2,June,19,a1034d9a-1051-7074-049c-fb99233de741,66702dcb1e556463c0433817,2024,Qtr 2,June,19,a1034d9a-1051-7074-049c-fb99233de741,DNF9E4,URL,https://app.securetag.in/found
in.pixiverse.user.management.securetag.db.entity.QRCode,66729d83ae8732226453d305,66729d83ae8732226453d2f6,2024,Qtr 2,June,19,a1034d9a-1051-7074-049c-fb99233de741,66702dcb1e556463c0433817,2024,Qtr 2,June,19,a1034d9a-1051-7074-049c-fb99233de741,07WV33,URL,https://app.securetag.in/found
in.pixiverse.user.management.securetag.db.entity.QRCode,66729d83ae8732226453d306,66729d83ae8732226453d2f6,2024,Qtr 2,June,19,a1034d9a-1051-7074-049c-fb99233de741,66702dcb1e556463c0433817,2024,Qtr 2,June,19,a1034d9a-1051-7074-049c-fb99233de741,3GN2NT,URL,https://app.securetag.in/found
in.pixiverse.user.management.securetag.db.entity.QRCode,66729d83ae8732226453d307,66729d83ae8732226453d2f6,2024,Qtr 2,June,19,a1034d9a-1051-7074-049c-fb99233de741,66702dcb1e556463c0433817,2024,Qtr 2,June,19,a1034d9a-1051-7074-049c-fb99233de741,AMZUUR,URL,https://app.securetag.in/found
in.pixiverse.user.management.securetag.db.entity.QRCode,66729d83ae8732226453d308,66729d83ae8732226453d2f6,2024,Qtr 2,June,19,a1034d9a-1051-7074-049c-fb99233de741,66702dcb1e556463c0433817,2024,Qtr 2,June,19,a1034d9a-1051-7074-049c-fb99233de741,WHAPH0,URL,https://app.securetag.in/found
in.pixiverse.user.management.securetag.db.entity.QRCode,66729d83ae8732226453d309,66729d83ae8732226453d2f6,2024,Qtr 2,June,19,a1034d9a-1051-7074-049c-fb99233de741,66702dcb1e556463c0433817,2024,Qtr 2,June,19,a1034d9a-1051-7074-049c-fb99233de741,IN56LS,URL,https://app.securetag.in/found
in.pixiverse.user.management.securetag.db.entity.QRCode,66729d83ae8732226453d30a,66729d83ae8732226453d2f6,2024,Qtr 2,June,19,a1034d9a-1051-7074-049c-fb99233de741,66702dcb1e556463c0433817,2024,Qtr 2,June,19,a1034d9a-1051-7074-049c-fb99233de741,PWDZHD,URL,https://app.securetag.in/found
in.pixiverse.user.management.securetag.db.entity.QRCode,66729d83ae8732226453d30b,66729d83ae8732226453d2f6,2024,Qtr 2,June,19,a1034d9a-1051-7074-049c-fb99233de741,66702dcb1e556463c0433817,2024,Qtr 2,June,19,a1034d9a-1051-7074-049c-fb99233de741,RS3XXS,URL,https://app.securetag.in/found
in.pixiverse.user.management.securetag.db.entity.QRCode,66729d83ae8732226453d30c,66729d83ae8732226453d2f6,2024,Qtr 2,June,19,a1034d9a-1051-7074-049c-fb99233de741,66702dcb1e556463c0433817,2024,Qtr 2,June,19,a1034d9a-1051-7074-049c-fb99233de741,VNENLE,URL,https://app.securetag.in/found
in.pixiverse.user.management.securetag.db.entity.QRCode,66729d83ae8732226453d30d,66729d83ae8732226453d2f6,2024,Qtr 2,June,19,a1034d9a-1051-7074-049c-fb99233de741,66702dcb1e556463c0433817,2024,Qtr 2,June,19,a1034d9a-1051-7074-049c-fb99233de741,CCDNG3,URL,https://app.securetag.in/found
in.pixiverse.user.management.securetag.db.entity.QRCode,66729d83ae8732226453d30e,66729d83ae8732226453d2f6,2024,Qtr 2,June,19,a1034d9a-1051-7074-049c-fb99233de741,66702dcb1e556463c0433817,2024,Qtr 2,June,19,a1034d9a-1051-7074-049c-fb99233de741,556FFC,URL,https://app.securetag.in/found
in.pixiverse.user.management.securetag.db.entity.QRCode,66729d83ae8732226453d30f,66729d83ae8732226453d2f6,2024,Qtr 2,June,19,a1034d9a-1051-7074-049c-fb99233de741,66702dcb1e556463c0433817,2024,Qtr 2,June,19,a1034d9a-1051-7074-049c-fb99233de741,5C0AK3,URL,https://app.securetag.in/found
in.pixiverse.user.management.securetag.db.entity.QRCode,66729ef3ae8732226453d311,66729ef3ae8732226453d310,2024,Qtr 2,June,19,a1034d9a-1051-7074-049c-fb99233de741,6670279c1e556463c043380a,2024,Qtr 2,June,19,a1034d9a-1051-7074-049c-fb99233de741,K9XZKS,URL,https://app.securetag.in/found
in.pixiverse.user.management.securetag.db.entity.QRCode,66729ef3ae8732226453d312,66729ef3ae8732226453d310,2024,Qtr 2,June,19,a1034d9a-1051-7074-049c-fb99233de741,6670279c1e556463c043380a,2024,Qtr 2,June,19,a1034d9a-1051-7074-049c-fb99233de741,VRGJOZ,URL,https://app.securetag.in/found
in.pixiverse.user.management.securetag.db.entity.QRCode,66729ef3ae8732226453d313,66729ef3ae8732226453d310,2024,Qtr 2,June,19,a1034d9a-1051-7074-049c-fb99233de741,6670279c1e556463c043380a,2024,Qtr 2,June,19,a1034d9a-1051-7074-049c-fb99233de741,5H2ZDZ,URL,https://app.securetag.in/found
in.pixiverse.user.management.securetag.db.entity.QRCode,66729ef3ae8732226453d314,66729ef3ae8732226453d310,2024,Qtr 2,June,19,a1034d9a-1051-7074-049c-fb99233de741,6670279c1e556463c043380a,2024,Qtr 2,June,19,a1034d9a-1051-7074-049c-fb99233de741,7E29AT,URL,https://app.securetag.in/found
in.pixiverse.user.management.securetag.db.entity.QRCode,66729ef3ae8732226453d315,66729ef3ae8732226453d310,2024,Qtr 2,June,19,a1034d9a-1051-7074-049c-fb99233de741,6670279c1e556463c043380a,2024,Qtr 2,June,19,a1034d9a-1051-7074-049c-fb99233de741,W2O07O,URL,https://app.securetag.in/found
in.pixiverse.user.management.securetag.db.entity.QRCode,66729ef3ae8732226453d316,66729ef3ae8732226453d310,2024,Qtr 2,June,19,a1034d9a-1051-7074-049c-fb99233de741,6670279c1e556463c043380a,2024,Qtr 2,June,19,a1034d9a-1051-7074-049c-fb99233de741,3K0QFU,URL,https://app.securetag.in/found
in.pixiverse.user.management.securetag.db.entity.QRCode,66729ef3ae8732226453d317,66729ef3ae8732226453d310,2024,Qtr 2,June,19,a1034d9a-1051-7074-049c-fb99233de741,6670279c1e556463c043380a,2024,Qtr 2,June,19,a1034d9a-1051-7074-049c-fb99233de741,WS48WP,URL,https://app.securetag.in/found
in.pixiverse.user.management.securetag.db.entity.QRCode,66729ef3ae8732226453d318,66729ef3ae8732226453d310,2024,Qtr 2,June,19,a1034d9a-1051-7074-049c-fb99233de741,6670279c1e556463c043380a,2024,Qtr 2,June,19,a1034d9a-1051-7074-049c-fb99233de741,CY6DWE,URL,https://app.securetag.in/found
in.pixiverse.user.management.securetag.db.entity.QRCode,66729ef3ae8732226453d319,66729ef3ae8732226453d310,2024,Qtr 2,June,19,a1034d9a-1051-7074-049c-fb99233de741,6670279c1e556463c043380a,2024,Qtr 2,June,19,a1034d9a-1051-7074-049c-fb99233de741,X5WJK3,URL,https://app.securetag.in/found
in.pixiverse.user.management.securetag.db.entity.QRCode,66729ef3ae8732226453d31a,66729ef3ae8732226453d310,2024,Qtr 2,June,19,a1034d9a-1051-7074-049c-fb99233de741,6670279c1e556463c043380a,2024,Qtr 2,June,19,a1034d9a-1051-7074-049c-fb99233de741,LILU5C,URL,https://app.securetag.in/found
in.pixiverse.user.management.securetag.db.entity.QRCode,66729ef3ae8732226453d31b,66729ef3ae8732226453d310,2024,Qtr 2,June,19,a1034d9a-1051-7074-049c-fb99233de741,6670279c1e556463c043380a,2024,Qtr 2,June,19,a1034d9a-1051-7074-049c-fb99233de741,SFLFL8,URL,https://app.securetag.in/found
in.pixiverse.user.management.securetag.db.entity.QRCode,66729ef3ae8732226453d31c,66729ef3ae8732226453d310,2024,Qtr 2,June,19,a1034d9a-1051-7074-049c-fb99233de741,6670279c1e556463c043380a,2024,Qtr 2,June,19,a1034d9a-1051-7074-049c-fb99233de741,PN65PP,URL,https://app.securetag.in/found
in.pixiverse.user.management.securetag.db.entity.QRCode,66729ef3ae8732226453d31d,66729ef3ae8732226453d310,2024,Qtr 2,June,19,a1034d9a-1051-7074-049c-fb99233de741,6670279c1e556463c043380a,2024,Qtr 2,June,19,a1034d9a-1051-7074-049c-fb99233de741,S0KSCJ,URL,https://app.securetag.in/found
in.pixiverse.user.management.securetag.db.entity.QRCode,66729ef3ae8732226453d31e,66729ef3ae8732226453d310,2024,Qtr 2,June,19,a1034d9a-1051-7074-049c-fb99233de741,6670279c1e556463c043380a,2024,Qtr 2,June,19,a1034d9a-1051-7074-049c-fb99233de741,NBBP85,URL,https://app.securetag.in/found
in.pixiverse.user.management.securetag.db.entity.QRCode,66729ef3ae8732226453d31f,66729ef3ae8732226453d310,2024,Qtr 2,June,19,a1034d9a-1051-7074-049c-fb99233de741,6670279c1e556463c043380a,2024,Qtr 2,June,19,a1034d9a-1051-7074-049c-fb99233de741,FG433D,URL,https://app.securetag.in/found
in.pixiverse.user.management.securetag.db.entity.QRCode,66729ef3ae8732226453d320,66729ef3ae8732226453d310,2024,Qtr 2,June,19,a1034d9a-1051-7074-049c-fb99233de741,6670279c1e556463c043380a,2024,Qtr 2,June,19,a1034d9a-1051-7074-049c-fb99233de741,LRQB9Y,URL,https://app.securetag.in/found
in.pixiverse.user.management.securetag.db.entity.QRCode,66729ef3ae8732226453d321,66729ef3ae8732226453d310,2024,Qtr 2,June,19,a1034d9a-1051-7074-049c-fb99233de741,6670279c1e556463c043380a,2024,Qtr 2,June,19,a1034d9a-1051-7074-049c-fb99233de741,BCMA84,URL,https://app.securetag.in/found
in.pixiverse.user.management.securetag.db.entity.QRCode,66729ef3ae8732226453d322,66729ef3ae8732226453d310,2024,Qtr 2,June,19,a1034d9a-1051-7074-049c-fb99233de741,6670279c1e556463c043380a,2024,Qtr 2,June,19,a1034d9a-1051-7074-049c-fb99233de741,RWJGUU,URL,https://app.securetag.in/found
in.pixiverse.user.management.securetag.db.entity.QRCode,66729ef3ae8732226453d323,66729ef3ae8732226453d310,2024,Qtr 2,June,19,a1034d9a-1051-7074-049c-fb99233de741,6670279c1e556463c043380a,2024,Qtr 2,June,19,a1034d9a-1051-7074-049c-fb99233de741,6IQ4ET,URL,https://app.securetag.in/found
in.pixiverse.user.management.securetag.db.entity.QRCode,66729ef3ae8732226453d324,66729ef3ae8732226453d310,2024,Qtr 2,June,19,a1034d9a-1051-7074-049c-fb99233de741,6670279c1e556463c043380a,2024,Qtr 2,June,19,a1034d9a-1051-7074-049c-fb99233de741,8G0MVL,URL,https://app.securetag.in/found
in.pixiverse.user.management.securetag.db.entity.QRCode,66729ef3ae8732226453d325,66729ef3ae8732226453d310,2024,Qtr 2,June,19,a1034d9a-1051-7074-049c-fb99233de741,6670279c1e556463c043380a,2024,Qtr 2,June,19,a1034d9a-1051-7074-049c-fb99233de741,QJ4C7X,URL,https://app.securetag.in/found
in.pixiverse.user.management.securetag.db.entity.QRCode,66729ef3ae8732226453d326,66729ef3ae8732226453d310,2024,Qtr 2,June,19,a1034d9a-1051-7074-049c-fb99233de741,6670279c1e556463c043380a,2024,Qtr 2,June,19,a1034d9a-1051-7074-049c-fb99233de741,LWDPQM,URL,https://app.securetag.in/found
in.pixiverse.user.management.securetag.db.entity.QRCode,66729ef3ae8732226453d327,66729ef3ae8732226453d310,2024,Qtr 2,June,19,a1034d9a-1051-7074-049c-fb99233de741,6670279c1e556463c043380a,2024,Qtr 2,June,19,a1034d9a-1051-7074-049c-fb99233de741,1D7VOO,URL,https://app.securetag.in/found
in.pixiverse.user.management.securetag.db.entity.QRCode,66729ef3ae8732226453d328,66729ef3ae8732226453d310,2024,Qtr 2,June,19,a1034d9a-1051-7074-049c-fb99233de741,6670279c1e556463c043380a,2024,Qtr 2,June,19,a1034d9a-1051-7074-049c-fb99233de741,H14OHT,URL,https://app.securetag.in/found
in.pixiverse.user.management.securetag.db.entity.QRCode,66729ef3ae8732226453d329,66729ef3ae8732226453d310,2024,Qtr 2,June,19,a1034d9a-1051-7074-049c-fb99233de741,6670279c1e556463c043380a,2024,Qtr 2,June,19,a1034d9a-1051-7074-049c-fb99233de741,T5PNWX,URL,https://app.securetag.in/found
in.pixiverse.user.management.securetag.db.entity.QRCode,6672ab8aae8732226453d32b,6672ab8aae8732226453d32a,2024,Qtr 2,June,19,a1034d9a-1051-7074-049c-fb99233de741,6632d386382ecd43e5d5bb05,2024,Qtr 2,June,19,a1034d9a-1051-7074-049c-fb99233de741,AGOD9P,URL,https://app.securetag.in/found
in.pixiverse.user.management.securetag.db.entity.QRCode,6672ab8aae8732226453d32c,6672ab8aae8732226453d32a,2024,Qtr 2,June,19,a1034d9a-1051-7074-049c-fb99233de741,6632d386382ecd43e5d5bb05,2024,Qtr 2,June,19,a1034d9a-1051-7074-049c-fb99233de741,QBG73C,URL,https://app.securetag.in/found
in.pixiverse.user.management.securetag.db.entity.QRCode,6672ab8aae8732226453d32d,6672ab8aae8732226453d32a,2024,Qtr 2,June,19,a1034d9a-1051-7074-049c-fb99233de741,6632d386382ecd43e5d5bb05,2024,Qtr 2,June,19,a1034d9a-1051-7074-049c-fb99233de741,YH7Q2B,URL,https://app.securetag.in/found
in.pixiverse.user.management.securetag.db.entity.QRCode,6672ab8aae8732226453d32e,6672ab8aae8732226453d32a,2024,Qtr 2,June,19,a1034d9a-1051-7074-049c-fb99233de741,6632d386382ecd43e5d5bb05,2024,Qtr 2,June,19,a1034d9a-1051-7074-049c-fb99233de741,9BY7CI,URL,https://app.securetag.in/found
in.pixiverse.user.management.securetag.db.entity.QRCode,6672ab8aae8732226453d32f,6672ab8aae8732226453d32a,2024,Qtr 2,June,19,a1034d9a-1051-7074-049c-fb99233de741,6632d386382ecd43e5d5bb05,2024,Qtr 2,June,19,a1034d9a-1051-7074-049c-fb99233de741,CC0FXQ,URL,https://app.securetag.in/found
in.pixiverse.user.management.securetag.db.entity.QRCode,6672ab8aae8732226453d330,6672ab8aae8732226453d32a,2024,Qtr 2,June,19,a1034d9a-1051-7074-049c-fb99233de741,6632d386382ecd43e5d5bb05,2024,Qtr 2,June,19,a1034d9a-1051-7074-049c-fb99233de741,CSOA6J,URL,https://app.securetag.in/found
in.pixiverse.user.management.securetag.db.entity.QRCode,6672ab8aae8732226453d331,6672ab8aae8732226453d32a,2024,Qtr 2,June,19,a1034d9a-1051-7074-049c-fb99233de741,6632d386382ecd43e5d5bb05,2024,Qtr 2,June,19,a1034d9a-1051-7074-049c-fb99233de741,DYWVKS,URL,https://app.securetag.in/found
in.pixiverse.user.management.securetag.db.entity.QRCode,6672ab8aae8732226453d332,6672ab8aae8732226453d32a,2024,Qtr 2,June,19,a1034d9a-1051-7074-049c-fb99233de741,6632d386382ecd43e5d5bb05,2024,Qtr 2,June,19,a1034d9a-1051-7074-049c-fb99233de741,4949LU,URL,https://app.securetag.in/found
in.pixiverse.user.management.securetag.db.entity.QRCode,6672ab8aae8732226453d333,6672ab8aae8732226453d32a,2024,Qtr 2,June,19,a1034d9a-1051-7074-049c-fb99233de741,6632d386382ecd43e5d5bb05,2024,Qtr 2,June,19,a1034d9a-1051-7074-049c-fb99233de741,VWJOPI,URL,https://app.securetag.in/found
in.pixiverse.user.management.securetag.db.entity.QRCode,6672ab8aae8732226453d334,6672ab8aae8732226453d32a,2024,Qtr 2,June,19,a1034d9a-1051-7074-049c-fb99233de741,6632d386382ecd43e5d5bb05,2024,Qtr 2,June,19,a1034d9a-1051-7074-049c-fb99233de741,K4HAM7,URL,https://app.securetag.in/found
in.pixiverse.user.management.securetag.db.entity.QRCode,6672ab8aae8732226453d335,6672ab8aae8732226453d32a,2024,Qtr 2,June,19,a1034d9a-1051-7074-049c-fb99233de741,6632d386382ecd43e5d5bb05,2024,Qtr 2,June,19,a1034d9a-1051-7074-049c-fb99233de741,G9A31M,URL,https://app.securetag.in/found
in.pixiverse.user.management.securetag.db.entity.QRCode,6672ab8aae8732226453d336,6672ab8aae8732226453d32a,2024,Qtr 2,June,19,a1034d9a-1051-7074-049c-fb99233de741,6632d386382ecd43e5d5bb05,2024,Qtr 2,June,19,a1034d9a-1051-7074-049c-fb99233de741,JG77LH,URL,https://app.securetag.in/found
in.pixiverse.user.management.securetag.db.entity.QRCode,6672ab8aae8732226453d337,6672ab8aae8732226453d32a,2024,Qtr 2,June,19,a1034d9a-1051-7074-049c-fb99233de741,6632d386382ecd43e5d5bb05,2024,Qtr 2,June,19,a1034d9a-1051-7074-049c-fb99233de741,9LUCE6,URL,https://app.securetag.in/found
in.pixiverse.user.management.securetag.db.entity.QRCode,6672ab8aae8732226453d338,6672ab8aae8732226453d32a,2024,Qtr 2,June,19,a1034d9a-1051-7074-049c-fb99233de741,6632d386382ecd43e5d5bb05,2024,Qtr 2,June,19,a1034d9a-1051-7074-049c-fb99233de741,6I14AD,URL,https://app.securetag.in/found
in.pixiverse.user.management.securetag.db.entity.QRCode,6672ab8aae8732226453d339,6672ab8aae8732226453d32a,2024,Qtr 2,June,19,a1034d9a-1051-7074-049c-fb99233de741,6632d386382ecd43e5d5bb05,2024,Qtr 2,June,19,a1034d9a-1051-7074-049c-fb99233de741,UTRPAX,URL,https://app.securetag.in/found
in.pixiverse.user.management.securetag.db.entity.QRCode,6672ab8aae8732226453d33a,6672ab8aae8732226453d32a,2024,Qtr 2,June,19,a1034d9a-1051-7074-049c-fb99233de741,6632d386382ecd43e5d5bb05,2024,Qtr 2,June,19,a1034d9a-1051-7074-049c-fb99233de741,F5TA6M,URL,https://app.securetag.in/found
in.pixiverse.user.management.securetag.db.entity.QRCode,6672ab8aae8732226453d33b,6672ab8aae8732226453d32a,2024,Qtr 2,June,19,a1034d9a-1051-7074-049c-fb99233de741,6632d386382ecd43e5d5bb05,2024,Qtr 2,June,19,a1034d9a-1051-7074-049c-fb99233de741,F8VKHB,URL,https://app.securetag.in/found
in.pixiverse.user.management.securetag.db.entity.QRCode,6672ab8aae8732226453d33c,6672ab8aae8732226453d32a,2024,Qtr 2,June,19,a1034d9a-1051-7074-049c-fb99233de741,6632d386382ecd43e5d5bb05,2024,Qtr 2,June,19,a1034d9a-1051-7074-049c-fb99233de741,IZ0OFJ,URL,https://app.securetag.in/found
in.pixiverse.user.management.securetag.db.entity.QRCode,6672ab8aae8732226453d33d,6672ab8aae8732226453d32a,2024,Qtr 2,June,19,a1034d9a-1051-7074-049c-fb99233de741,6632d386382ecd43e5d5bb05,2024,Qtr 2,June,19,a1034d9a-1051-7074-049c-fb99233de741,M0YIUA,URL,https://app.securetag.in/found
in.pixiverse.user.management.securetag.db.entity.QRCode,6672ab8aae8732226453d33e,6672ab8aae8732226453d32a,2024,Qtr 2,June,19,a1034d9a-1051-7074-049c-fb99233de741,6632d386382ecd43e5d5bb05,2024,Qtr 2,June,19,a1034d9a-1051-7074-049c-fb99233de741,C3PCSR,URL,https://app.securetag.in/found
in.pixiverse.user.management.securetag.db.entity.QRCode,6672ab8aae8732226453d33f,6672ab8aae8732226453d32a,2024,Qtr 2,June,19,a1034d9a-1051-7074-049c-fb99233de741,6632d386382ecd43e5d5bb05,2024,Qtr 2,June,19,a1034d9a-1051-7074-049c-fb99233de741,CR9RHC,URL,https://app.securetag.in/found
in.pixiverse.user.management.securetag.db.entity.QRCode,6672ab8aae8732226453d340,6672ab8aae8732226453d32a,2024,Qtr 2,June,19,a1034d9a-1051-7074-049c-fb99233de741,6632d386382ecd43e5d5bb05,2024,Qtr 2,June,19,a1034d9a-1051-7074-049c-fb99233de741,7SY0I3,URL,https://app.securetag.in/found
in.pixiverse.user.management.securetag.db.entity.QRCode,6672ab8aae8732226453d341,6672ab8aae8732226453d32a,2024,Qtr 2,June,19,a1034d9a-1051-7074-049c-fb99233de741,6632d386382ecd43e5d5bb05,2024,Qtr 2,June,19,a1034d9a-1051-7074-049c-fb99233de741,KGQTFZ,URL,https://app.securetag.in/found
in.pixiverse.user.management.securetag.db.entity.QRCode,6672ab8aae8732226453d342,6672ab8aae8732226453d32a,2024,Qtr 2,June,19,a1034d9a-1051-7074-049c-fb99233de741,6632d386382ecd43e5d5bb05,2024,Qtr 2,June,19,a1034d9a-1051-7074-049c-fb99233de741,4KPOAP,URL,https://app.securetag.in/found
in.pixiverse.user.management.securetag.db.entity.QRCode,6672ab8aae8732226453d343,6672ab8aae8732226453d32a,2024,Qtr 2,June,19,a1034d9a-1051-7074-049c-fb99233de741,6632d386382ecd43e5d5bb05,2024,Qtr 2,June,19,a1034d9a-1051-7074-049c-fb99233de741,7TKR73,URL,https://app.securetag.in/found
in.pixiverse.user.management.securetag.db.entity.QRCode,6672bf3bae8732226453d34b,6672bf3aae8732226453d34a,2024,Qtr 2,June,19,a1034d9a-1051-7074-049c-fb99233de741,6632d383382ecd43e5d5bafe,2024,Qtr 2,June,19,a1034d9a-1051-7074-049c-fb99233de741,8PRYSQ,URL,https://app.securetag.in/found
in.pixiverse.user.management.securetag.db.entity.QRCode,6672bf3bae8732226453d34c,6672bf3aae8732226453d34a,2024,Qtr 2,June,19,a1034d9a-1051-7074-049c-fb99233de741,6632d383382ecd43e5d5bafe,2024,Qtr 2,June,19,a1034d9a-1051-7074-049c-fb99233de741,4IEAV6,URL,https://app.securetag.in/found
in.pixiverse.user.management.securetag.db.entity.QRCode,6672bf3bae8732226453d34d,6672bf3aae8732226453d34a,2024,Qtr 2,June,19,a1034d9a-1051-7074-049c-fb99233de741,6632d383382ecd43e5d5bafe,2024,Qtr 2,June,19,a1034d9a-1051-7074-049c-fb99233de741,CVZQZ7,URL,https://app.securetag.in/found
in.pixiverse.user.management.securetag.db.entity.QRCode,6672bf3bae8732226453d34e,6672bf3aae8732226453d34a,2024,Qtr 2,June,19,a1034d9a-1051-7074-049c-fb99233de741,6632d383382ecd43e5d5bafe,2024,Qtr 2,June,19,a1034d9a-1051-7074-049c-fb99233de741,G08ZSO,URL,https://app.securetag.in/found
in.pixiverse.user.management.securetag.db.entity.QRCode,6672bf3bae8732226453d34f,6672bf3aae8732226453d34a,2024,Qtr 2,June,19,a1034d9a-1051-7074-049c-fb99233de741,6632d383382ecd43e5d5bafe,2024,Qtr 2,June,19,a1034d9a-1051-7074-049c-fb99233de741,B6K4KI,URL,https://app.securetag.in/found
in.pixiverse.user.management.securetag.db.entity.QRCode,6672bf3bae8732226453d350,6672bf3aae8732226453d34a,2024,Qtr 2,June,19,a1034d9a-1051-7074-049c-fb99233de741,6632d383382ecd43e5d5bafe,2024,Qtr 2,June,19,a1034d9a-1051-7074-049c-fb99233de741,VW0C0N,URL,https://app.securetag.in/found
in.pixiverse.user.management.securetag.db.entity.QRCode,6672bf3bae8732226453d351,6672bf3aae8732226453d34a,2024,Qtr 2,June,19,a1034d9a-1051-7074-049c-fb99233de741,6632d383382ecd43e5d5bafe,2024,Qtr 2,June,19,a1034d9a-1051-7074-049c-fb99233de741,ILLX6W,URL,https://app.securetag.in/found
in.pixiverse.user.management.securetag.db.entity.QRCode,6672bf3bae8732226453d352,6672bf3aae8732226453d34a,2024,Qtr 2,June,19,a1034d9a-1051-7074-049c-fb99233de741,6632d383382ecd43e5d5bafe,2024,Qtr 2,June,19,a1034d9a-1051-7074-049c-fb99233de741,2HGEBT,URL,https://app.securetag.in/found
in.pixiverse.user.management.securetag.db.entity.QRCode,6672bf3bae8732226453d353,6672bf3aae8732226453d34a,2024,Qtr 2,June,19,a1034d9a-1051-7074-049c-fb99233de741,6632d383382ecd43e5d5bafe,2024,Qtr 2,June,19,a1034d9a-1051-7074-049c-fb99233de741,AYD7CG,URL,https://app.securetag.in/found
in.pixiverse.user.management.securetag.db.entity.QRCode,6672bf3bae8732226453d354,6672bf3aae8732226453d34a,2024,Qtr 2,June,19,a1034d9a-1051-7074-049c-fb99233de741,6632d383382ecd43e5d5bafe,2024,Qtr 2,June,19,a1034d9a-1051-7074-049c-fb99233de741,L0GRGB,URL,https://app.securetag.in/found
in.pixiverse.user.management.securetag.db.entity.QRCode,6672bf3bae8732226453d355,6672bf3aae8732226453d34a,2024,Qtr 2,June,19,a1034d9a-1051-7074-049c-fb99233de741,6632d383382ecd43e5d5bafe,2024,Qtr 2,June,19,a1034d9a-1051-7074-049c-fb99233de741,8K459K,URL,https://app.securetag.in/found
in.pixiverse.user.management.securetag.db.entity.QRCode,6672bf3bae8732226453d356,6672bf3aae8732226453d34a,2024,Qtr 2,June,19,a1034d9a-1051-7074-049c-fb99233de741,6632d383382ecd43e5d5bafe,2024,Qtr 2,June,19,a1034d9a-1051-7074-049c-fb99233de741,8UW1C9,URL,https://app.securetag.in/found
in.pixiverse.user.management.securetag.db.entity.QRCode,6672bf3bae8732226453d357,6672bf3aae8732226453d34a,2024,Qtr 2,June,19,a1034d9a-1051-7074-049c-fb99233de741,6632d383382ecd43e5d5bafe,2024,Qtr 2,June,19,a1034d9a-1051-7074-049c-fb99233de741,YHCRI5,URL,https://app.securetag.in/found
in.pixiverse.user.management.securetag.db.entity.QRCode,6672bf3bae8732226453d358,6672bf3aae8732226453d34a,2024,Qtr 2,June,19,a1034d9a-1051-7074-049c-fb99233de741,6632d383382ecd43e5d5bafe,2024,Qtr 2,June,19,a1034d9a-1051-7074-049c-fb99233de741,X9AD92,URL,https://app.securetag.in/found
in.pixiverse.user.management.securetag.db.entity.QRCode,6672bf3bae8732226453d359,6672bf3aae8732226453d34a,2024,Qtr 2,June,19,a1034d9a-1051-7074-049c-fb99233de741,6632d383382ecd43e5d5bafe,2024,Qtr 2,June,19,a1034d9a-1051-7074-049c-fb99233de741,LRK7NI,URL,https://app.securetag.in/found
in.pixiverse.user.management.securetag.db.entity.QRCode,6672bf3bae8732226453d35a,6672bf3aae8732226453d34a,2024,Qtr 2,June,19,a1034d9a-1051-7074-049c-fb99233de741,6632d383382ecd43e5d5bafe,2024,Qtr 2,June,19,a1034d9a-1051-7074-049c-fb99233de741,WEN7II,URL,https://app.securetag.in/found
in.pixiverse.user.management.securetag.db.entity.QRCode,6672bf3bae8732226453d35b,6672bf3aae8732226453d34a,2024,Qtr 2,June,19,a1034d9a-1051-7074-049c-fb99233de741,6632d383382ecd43e5d5bafe,2024,Qtr 2,June,19,a1034d9a-1051-7074-049c-fb99233de741,XHADX3,URL,https://app.securetag.in/found
in.pixiverse.user.management.securetag.db.entity.QRCode,6672bf3bae8732226453d35c,6672bf3aae8732226453d34a,2024,Qtr 2,June,19,a1034d9a-1051-7074-049c-fb99233de741,6632d383382ecd43e5d5bafe,2024,Qtr 2,June,19,a1034d9a-1051-7074-049c-fb99233de741,5OY4J1,URL,https://app.securetag.in/found
in.pixiverse.user.management.securetag.db.entity.QRCode,6672bf3bae8732226453d35d,6672bf3aae8732226453d34a,2024,Qtr 2,June,19,a1034d9a-1051-7074-049c-fb99233de741,6632d383382ecd43e5d5bafe,2024,Qtr 2,June,19,a1034d9a-1051-7074-049c-fb99233de741,ASHVUG,URL,https://app.securetag.in/found
in.pixiverse.user.management.securetag.db.entity.QRCode,6672bf3bae8732226453d35e,6672bf3aae8732226453d34a,2024,Qtr 2,June,19,a1034d9a-1051-7074-049c-fb99233de741,6632d383382ecd43e5d5bafe,2024,Qtr 2,June,19,a1034d9a-1051-7074-049c-fb99233de741,CJKJG8,URL,https://app.securetag.in/found
in.pixiverse.user.management.securetag.db.entity.QRCode,6672bf3bae8732226453d35f,6672bf3aae8732226453d34a,2024,Qtr 2,June,19,a1034d9a-1051-7074-049c-fb99233de741,6632d383382ecd43e5d5bafe,2024,Qtr 2,June,19,a1034d9a-1051-7074-049c-fb99233de741,W3R82D,URL,https://app.securetag.in/found
in.pixiverse.user.management.securetag.db.entity.QRCode,6672bf3bae8732226453d360,6672bf3aae8732226453d34a,2024,Qtr 2,June,19,a1034d9a-1051-7074-049c-fb99233de741,6632d383382ecd43e5d5bafe,2024,Qtr 2,June,19,a1034d9a-1051-7074-049c-fb99233de741,22V13C,URL,https://app.securetag.in/found
in.pixiverse.user.management.securetag.db.entity.QRCode,6672bf3bae8732226453d361,6672bf3aae8732226453d34a,2024,Qtr 2,June,19,a1034d9a-1051-7074-049c-fb99233de741,6632d383382ecd43e5d5bafe,2024,Qtr 2,June,19,a1034d9a-1051-7074-049c-fb99233de741,5IM0N3,URL,https://app.securetag.in/found
in.pixiverse.user.management.securetag.db.entity.QRCode,6672bf3bae8732226453d362,6672bf3aae8732226453d34a,2024,Qtr 2,June,19,a1034d9a-1051-7074-049c-fb99233de741,6632d383382ecd43e5d5bafe,2024,Qtr 2,June,19,a1034d9a-1051-7074-049c-fb99233de741,ZUWQ37,URL,https://app.securetag.in/found
in.pixiverse.user.management.securetag.db.entity.QRCode,6672bf3bae8732226453d363,6672bf3aae8732226453d34a,2024,Qtr 2,June,19,a1034d9a-1051-7074-049c-fb99233de741,6632d383382ecd43e5d5bafe,2024,Qtr 2,June,19,a1034d9a-1051-7074-049c-fb99233de741,L7VW97,URL,https://app.securetag.in/found
in.pixiverse.user.management.securetag.db.entity.QRCode,6672c3f4ae8732226453d365,6672c3f4ae8732226453d364,2024,Qtr 2,June,19,a1034d9a-1051-7074-049c-fb99233de741,6632d385382ecd43e5d5bb03,2024,Qtr 2,June,19,a1034d9a-1051-7074-049c-fb99233de741,KY6LO6,URL,https://app.securetag.in/found
in.pixiverse.user.management.securetag.db.entity.QRCode,6672c3f4ae8732226453d366,6672c3f4ae8732226453d364,2024,Qtr 2,June,19,a1034d9a-1051-7074-049c-fb99233de741,6632d385382ecd43e5d5bb03,2024,Qtr 2,June,19,a1034d9a-1051-7074-049c-fb99233de741,VGNGQ3,URL,https://app.securetag.in/found
in.pixiverse.user.management.securetag.db.entity.QRCode,6672c3f4ae8732226453d367,6672c3f4ae8732226453d364,2024,Qtr 2,June,19,a1034d9a-1051-7074-049c-fb99233de741,6632d385382ecd43e5d5bb03,2024,Qtr 2,June,19,a1034d9a-1051-7074-049c-fb99233de741,I4PC33,URL,https://app.securetag.in/found
in.pixiverse.user.management.securetag.db.entity.QRCode,6672c3f4ae8732226453d368,6672c3f4ae8732226453d364,2024,Qtr 2,June,19,a1034d9a-1051-7074-049c-fb99233de741,6632d385382ecd43e5d5bb03,2024,Qtr 2,June,19,a1034d9a-1051-7074-049c-fb99233de741,WNU8KV,URL,https://app.securetag.in/found
in.pixiverse.user.management.securetag.db.entity.QRCode,6672c3f4ae8732226453d369,6672c3f4ae8732226453d364,2024,Qtr 2,June,19,a1034d9a-1051-7074-049c-fb99233de741,6632d385382ecd43e5d5bb03,2024,Qtr 2,June,19,a1034d9a-1051-7074-049c-fb99233de741,DFM56I,URL,https://app.securetag.in/found
in.pixiverse.user.management.securetag.db.entity.QRCode,6672c3f4ae8732226453d36a,6672c3f4ae8732226453d364,2024,Qtr 2,June,19,a1034d9a-1051-7074-049c-fb99233de741,6632d385382ecd43e5d5bb03,2024,Qtr 2,June,19,a1034d9a-1051-7074-049c-fb99233de741,R9FDRU,URL,https://app.securetag.in/found
in.pixiverse.user.management.securetag.db.entity.QRCode,6672c3f4ae8732226453d36b,6672c3f4ae8732226453d364,2024,Qtr 2,June,19,a1034d9a-1051-7074-049c-fb99233de741,6632d385382ecd43e5d5bb03,2024,Qtr 2,June,19,a1034d9a-1051-7074-049c-fb99233de741,PMJO9Q,URL,https://app.securetag.in/found
in.pixiverse.user.management.securetag.db.entity.QRCode,6672c3f4ae8732226453d36c,6672c3f4ae8732226453d364,2024,Qtr 2,June,19,a1034d9a-1051-7074-049c-fb99233de741,6632d385382ecd43e5d5bb03,2024,Qtr 2,June,19,a1034d9a-1051-7074-049c-fb99233de741,BVLCE4,URL,https://app.securetag.in/found
in.pixiverse.user.management.securetag.db.entity.QRCode,6672c3f4ae8732226453d36d,6672c3f4ae8732226453d364,2024,Qtr 2,June,19,a1034d9a-1051-7074-049c-fb99233de741,6632d385382ecd43e5d5bb03,2024,Qtr 2,June,19,a1034d9a-1051-7074-049c-fb99233de741,AOXOES,URL,https://app.securetag.in/found
in.pixiverse.user.management.securetag.db.entity.QRCode,6672c3f4ae8732226453d36e,6672c3f4ae8732226453d364,2024,Qtr 2,June,19,a1034d9a-1051-7074-049c-fb99233de741,6632d385382ecd43e5d5bb03,2024,Qtr 2,June,19,a1034d9a-1051-7074-049c-fb99233de741,GORN4T,URL,https://app.securetag.in/found
in.pixiverse.user.management.securetag.db.entity.QRCode,6672c3f4ae8732226453d36f,6672c3f4ae8732226453d364,2024,Qtr 2,June,19,a1034d9a-1051-7074-049c-fb99233de741,6632d385382ecd43e5d5bb03,2024,Qtr 2,June,19,a1034d9a-1051-7074-049c-fb99233de741,OQDJ3R,URL,https://app.securetag.in/found
in.pixiverse.user.management.securetag.db.entity.QRCode,6672c3f4ae8732226453d370,6672c3f4ae8732226453d364,2024,Qtr 2,June,19,a1034d9a-1051-7074-049c-fb99233de741,6632d385382ecd43e5d5bb03,2024,Qtr 2,June,19,a1034d9a-1051-7074-049c-fb99233de741,7FB7E4,URL,https://app.securetag.in/found
in.pixiverse.user.management.securetag.db.entity.QRCode,6672c3f4ae8732226453d371,6672c3f4ae8732226453d364,2024,Qtr 2,June,19,a1034d9a-1051-7074-049c-fb99233de741,6632d385382ecd43e5d5bb03,2024,Qtr 2,June,19,a1034d9a-1051-7074-049c-fb99233de741,HVE2M9,URL,https://app.securetag.in/found
in.pixiverse.user.management.securetag.db.entity.QRCode,6672c3f4ae8732226453d372,6672c3f4ae8732226453d364,2024,Qtr 2,June,19,a1034d9a-1051-7074-049c-fb99233de741,6632d385382ecd43e5d5bb03,2024,Qtr 2,June,19,a1034d9a-1051-7074-049c-fb99233de741,YRX03B,URL,https://app.securetag.in/found
in.pixiverse.user.management.securetag.db.entity.QRCode,6672c3f4ae8732226453d373,6672c3f4ae8732226453d364,2024,Qtr 2,June,19,a1034d9a-1051-7074-049c-fb99233de741,6632d385382ecd43e5d5bb03,2024,Qtr 2,June,19,a1034d9a-1051-7074-049c-fb99233de741,64V8YF,URL,https://app.securetag.in/found
in.pixiverse.user.management.securetag.db.entity.QRCode,6672c3f4ae8732226453d374,6672c3f4ae8732226453d364,2024,Qtr 2,June,19,a1034d9a-1051-7074-049c-fb99233de741,6632d385382ecd43e5d5bb03,2024,Qtr 2,June,19,a1034d9a-1051-7074-049c-fb99233de741,XH0OCE,URL,https://app.securetag.in/found
in.pixiverse.user.management.securetag.db.entity.QRCode,6672c3f4ae8732226453d375,6672c3f4ae8732226453d364,2024,Qtr 2,June,19,a1034d9a-1051-7074-049c-fb99233de741,6632d385382ecd43e5d5bb03,2024,Qtr 2,June,19,a1034d9a-1051-7074-049c-fb99233de741,JTOVLI,URL,https://app.securetag.in/found
in.pixiverse.user.management.securetag.db.entity.QRCode,6672c3f4ae8732226453d376,6672c3f4ae8732226453d364,2024,Qtr 2,June,19,a1034d9a-1051-7074-049c-fb99233de741,6632d385382ecd43e5d5bb03,2024,Qtr 2,June,19,a1034d9a-1051-7074-049c-fb99233de741,ZTYH6M,URL,https://app.securetag.in/found
in.pixiverse.user.management.securetag.db.entity.QRCode,6672c3f4ae8732226453d377,6672c3f4ae8732226453d364,2024,Qtr 2,June,19,a1034d9a-1051-7074-049c-fb99233de741,6632d385382ecd43e5d5bb03,2024,Qtr 2,June,19,a1034d9a-1051-7074-049c-fb99233de741,WZCTRM,URL,https://app.securetag.in/found
in.pixiverse.user.management.securetag.db.entity.QRCode,6672c3f4ae8732226453d378,6672c3f4ae8732226453d364,2024,Qtr 2,June,19,a1034d9a-1051-7074-049c-fb99233de741,6632d385382ecd43e5d5bb03,2024,Qtr 2,June,19,a1034d9a-1051-7074-049c-fb99233de741,PB5L66,URL,https://app.securetag.in/found
in.pixiverse.user.management.securetag.db.entity.QRCode,6672c3f4ae8732226453d379,6672c3f4ae8732226453d364,2024,Qtr 2,June,19,a1034d9a-1051-7074-049c-fb99233de741,6632d385382ecd43e5d5bb03,2024,Qtr 2,June,19,a1034d9a-1051-7074-049c-fb99233de741,INTDC9,URL,https://app.securetag.in/found
in.pixiverse.user.management.securetag.db.entity.QRCode,6672c3f4ae8732226453d37a,6672c3f4ae8732226453d364,2024,Qtr 2,June,19,a1034d9a-1051-7074-049c-fb99233de741,6632d385382ecd43e5d5bb03,2024,Qtr 2,June,19,a1034d9a-1051-7074-049c-fb99233de741,JAZ7X2,URL,https://app.securetag.in/found
in.pixiverse.user.management.securetag.db.entity.QRCode,6672c3f4ae8732226453d37b,6672c3f4ae8732226453d364,2024,Qtr 2,June,19,a1034d9a-1051-7074-049c-fb99233de741,6632d385382ecd43e5d5bb03,2024,Qtr 2,June,19,a1034d9a-1051-7074-049c-fb99233de741,2H188X,URL,https://app.securetag.in/found
in.pixiverse.user.management.securetag.db.entity.QRCode,6672c3f4ae8732226453d37c,6672c3f4ae8732226453d364,2024,Qtr 2,June,19,a1034d9a-1051-7074-049c-fb99233de741,6632d385382ecd43e5d5bb03,2024,Qtr 2,June,19,a1034d9a-1051-7074-049c-fb99233de741,VI63BR,URL,https://app.securetag.in/found
in.pixiverse.user.management.securetag.db.entity.QRCode,6672c3f4ae8732226453d37d,6672c3f4ae8732226453d364,2024,Qtr 2,June,19,a1034d9a-1051-7074-049c-fb99233de741,6632d385382ecd43e5d5bb03,2024,Qtr 2,June,19,a1034d9a-1051-7074-049c-fb99233de741,9T0SYN,URL,https://app.securetag.in/found
in.pixiverse.user.management.securetag.db.entity.QRCode,6672c4edae8732226453d37f,6672c4ecae8732226453d37e,2024,Qtr 2,June,19,a1034d9a-1051-7074-049c-fb99233de741,6632d387382ecd43e5d5bb06,2024,Qtr 2,June,19,a1034d9a-1051-7074-049c-fb99233de741,6OCOF2,URL,https://app.securetag.in/found
in.pixiverse.user.management.securetag.db.entity.QRCode,6672c4edae8732226453d380,6672c4ecae8732226453d37e,2024,Qtr 2,June,19,a1034d9a-1051-7074-049c-fb99233de741,6632d387382ecd43e5d5bb06,2024,Qtr 2,June,19,a1034d9a-1051-7074-049c-fb99233de741,RVVEY9,URL,https://app.securetag.in/found
in.pixiverse.user.management.securetag.db.entity.QRCode,6672c4edae8732226453d381,6672c4ecae8732226453d37e,2024,Qtr 2,June,19,a1034d9a-1051-7074-049c-fb99233de741,6632d387382ecd43e5d5bb06,2024,Qtr 2,June,19,a1034d9a-1051-7074-049c-fb99233de741,LXDOHH,URL,https://app.securetag.in/found
in.pixiverse.user.management.securetag.db.entity.QRCode,6672c4edae8732226453d382,6672c4ecae8732226453d37e,2024,Qtr 2,June,19,a1034d9a-1051-7074-049c-fb99233de741,6632d387382ecd43e5d5bb06,2024,Qtr 2,June,19,a1034d9a-1051-7074-049c-fb99233de741,8TQ1QO,URL,https://app.securetag.in/found
in.pixiverse.user.management.securetag.db.entity.QRCode,6672c4edae8732226453d383,6672c4ecae8732226453d37e,2024,Qtr 2,June,19,a1034d9a-1051-7074-049c-fb99233de741,6632d387382ecd43e5d5bb06,2024,Qtr 2,June,19,a1034d9a-1051-7074-049c-fb99233de741,WVTTZ3,URL,https://app.securetag.in/found
in.pixiverse.user.management.securetag.db.entity.QRCode,6672c4edae8732226453d384,6672c4ecae8732226453d37e,2024,Qtr 2,June,19,a1034d9a-1051-7074-049c-fb99233de741,6632d387382ecd43e5d5bb06,2024,Qtr 2,June,19,a1034d9a-1051-7074-049c-fb99233de741,C9G412,URL,https://app.securetag.in/found
in.pixiverse.user.management.securetag.db.entity.QRCode,6672c4edae8732226453d385,6672c4ecae8732226453d37e,2024,Qtr 2,June,19,a1034d9a-1051-7074-049c-fb99233de741,6632d387382ecd43e5d5bb06,2024,Qtr 2,June,19,a1034d9a-1051-7074-049c-fb99233de741,YEXFMY,URL,https://app.securetag.in/found
in.pixiverse.user.management.securetag.db.entity.QRCode,6672c4edae8732226453d386,6672c4ecae8732226453d37e,2024,Qtr 2,June,19,a1034d9a-1051-7074-049c-fb99233de741,6632d387382ecd43e5d5bb06,2024,Qtr 2,June,19,a1034d9a-1051-7074-049c-fb99233de741,EMVUY0,URL,https://app.securetag.in/found
in.pixiverse.user.management.securetag.db.entity.QRCode,6672c4edae8732226453d387,6672c4ecae8732226453d37e,2024,Qtr 2,June,19,a1034d9a-1051-7074-049c-fb99233de741,6632d387382ecd43e5d5bb06,2024,Qtr 2,June,19,a1034d9a-1051-7074-049c-fb99233de741,7P30HO,URL,https://app.securetag.in/found
in.pixiverse.user.management.securetag.db.entity.QRCode,6672c4edae8732226453d388,6672c4ecae8732226453d37e,2024,Qtr 2,June,19,a1034d9a-1051-7074-049c-fb99233de741,6632d387382ecd43e5d5bb06,2024,Qtr 2,June,19,a1034d9a-1051-7074-049c-fb99233de741,7IG78R,URL,https://app.securetag.in/found
in.pixiverse.user.management.securetag.db.entity.QRCode,6672c4edae8732226453d389,6672c4ecae8732226453d37e,2024,Qtr 2,June,19,a1034d9a-1051-7074-049c-fb99233de741,6632d387382ecd43e5d5bb06,2024,Qtr 2,June,19,a1034d9a-1051-7074-049c-fb99233de741,KBDNC6,URL,https://app.securetag.in/found
in.pixiverse.user.management.securetag.db.entity.QRCode,6672c4edae8732226453d38a,6672c4ecae8732226453d37e,2024,Qtr 2,June,19,a1034d9a-1051-7074-049c-fb99233de741,6632d387382ecd43e5d5bb06,2024,Qtr 2,June,19,a1034d9a-1051-7074-049c-fb99233de741,1ICVGP,URL,https://app.securetag.in/found
in.pixiverse.user.management.securetag.db.entity.QRCode,6672c4edae8732226453d38b,6672c4ecae8732226453d37e,2024,Qtr 2,June,19,a1034d9a-1051-7074-049c-fb99233de741,6632d387382ecd43e5d5bb06,2024,Qtr 2,June,19,a1034d9a-1051-7074-049c-fb99233de741,PTIZZT,URL,https://app.securetag.in/found
in.pixiverse.user.management.securetag.db.entity.QRCode,6672c4edae8732226453d38c,6672c4ecae8732226453d37e,2024,Qtr 2,June,19,a1034d9a-1051-7074-049c-fb99233de741,6632d387382ecd43e5d5bb06,2024,Qtr 2,June,19,a1034d9a-1051-7074-049c-fb99233de741,VZ4LND,URL,https://app.securetag.in/found
in.pixiverse.user.management.securetag.db.entity.QRCode,6672c4edae8732226453d38d,6672c4ecae8732226453d37e,2024,Qtr 2,June,19,a1034d9a-1051-7074-049c-fb99233de741,6632d387382ecd43e5d5bb06,2024,Qtr 2,June,19,a1034d9a-1051-7074-049c-fb99233de741,KREAOF,URL,https://app.securetag.in/found
in.pixiverse.user.management.securetag.db.entity.QRCode,6672c4edae8732226453d38e,6672c4ecae8732226453d37e,2024,Qtr 2,June,19,a1034d9a-1051-7074-049c-fb99233de741,6632d387382ecd43e5d5bb06,2024,Qtr 2,June,19,a1034d9a-1051-7074-049c-fb99233de741,5YJRKX,URL,https://app.securetag.in/found
in.pixiverse.user.management.securetag.db.entity.QRCode,6672c4edae8732226453d38f,6672c4ecae8732226453d37e,2024,Qtr 2,June,19,a1034d9a-1051-7074-049c-fb99233de741,6632d387382ecd43e5d5bb06,2024,Qtr 2,June,19,a1034d9a-1051-7074-049c-fb99233de741,GOCIWN,URL,https://app.securetag.in/found
in.pixiverse.user.management.securetag.db.entity.QRCode,6672c4edae8732226453d390,6672c4ecae8732226453d37e,2024,Qtr 2,June,19,a1034d9a-1051-7074-049c-fb99233de741,6632d387382ecd43e5d5bb06,2024,Qtr 2,June,19,a1034d9a-1051-7074-049c-fb99233de741,KSBNGD,URL,https://app.securetag.in/found
in.pixiverse.user.management.securetag.db.entity.QRCode,6672c4edae8732226453d391,6672c4ecae8732226453d37e,2024,Qtr 2,June,19,a1034d9a-1051-7074-049c-fb99233de741,6632d387382ecd43e5d5bb06,2024,Qtr 2,June,19,a1034d9a-1051-7074-049c-fb99233de741,1JUODT,URL,https://app.securetag.in/found
in.pixiverse.user.management.securetag.db.entity.QRCode,6672c4edae8732226453d392,6672c4ecae8732226453d37e,2024,Qtr 2,June,19,a1034d9a-1051-7074-049c-fb99233de741,6632d387382ecd43e5d5bb06,2024,Qtr 2,June,19,a1034d9a-1051-7074-049c-fb99233de741,SSJ19T,URL,https://app.securetag.in/found
in.pixiverse.user.management.securetag.db.entity.QRCode,6672c4edae8732226453d393,6672c4ecae8732226453d37e,2024,Qtr 2,June,19,a1034d9a-1051-7074-049c-fb99233de741,6632d387382ecd43e5d5bb06,2024,Qtr 2,June,19,a1034d9a-1051-7074-049c-fb99233de741,9I6VLX,URL,https://app.securetag.in/found
in.pixiverse.user.management.securetag.db.entity.QRCode,6672c4edae8732226453d394,6672c4ecae8732226453d37e,2024,Qtr 2,June,19,a1034d9a-1051-7074-049c-fb99233de741,6632d387382ecd43e5d5bb06,2024,Qtr 2,June,19,a1034d9a-1051-7074-049c-fb99233de741,AEWMJ5,URL,https://app.securetag.in/found
in.pixiverse.user.management.securetag.db.entity.QRCode,6672c4edae8732226453d395,6672c4ecae8732226453d37e,2024,Qtr 2,June,19,a1034d9a-1051-7074-049c-fb99233de741,6632d387382ecd43e5d5bb06,2024,Qtr 2,June,19,a1034d9a-1051-7074-049c-fb99233de741,REGSEN,URL,https://app.securetag.in/found
in.pixiverse.user.management.securetag.db.entity.QRCode,6672c4edae8732226453d396,6672c4ecae8732226453d37e,2024,Qtr 2,June,19,a1034d9a-1051-7074-049c-fb99233de741,6632d387382ecd43e5d5bb06,2024,Qtr 2,June,19,a1034d9a-1051-7074-049c-fb99233de741,VGE0S2,URL,https://app.securetag.in/found
in.pixiverse.user.management.securetag.db.entity.QRCode,6672c4edae8732226453d397,6672c4ecae8732226453d37e,2024,Qtr 2,June,19,a1034d9a-1051-7074-049c-fb99233de741,6632d387382ecd43e5d5bb06,2024,Qtr 2,June,19,a1034d9a-1051-7074-049c-fb99233de741,U29ZND,URL,https://app.securetag.in/found
in.pixiverse.user.management.securetag.db.entity.QRCode,667ff0a698c9713daae37aa7,667ff0a698c9713daae37aa6,2024,Qtr 2,June,29,a1034d9a-1051-7074-049c-fb99233de741,667ff00298c9713daae37aa5,2024,Qtr 2,June,29,a1034d9a-1051-7074-049c-fb99233de741,AIPE26,URL,https://app.securetag.in/found
in.pixiverse.user.management.securetag.db.entity.QRCode,667ff0a698c9713daae37aa8,667ff0a698c9713daae37aa6,2024,Qtr 2,June,29,a1034d9a-1051-7074-049c-fb99233de741,667ff00298c9713daae37aa5,2024,Qtr 2,June,29,a1034d9a-1051-7074-049c-fb99233de741,P4WVQV,URL,https://app.securetag.in/found
in.pixiverse.user.management.securetag.db.entity.QRCode,667ff0a698c9713daae37aa9,667ff0a698c9713daae37aa6,2024,Qtr 2,June,29,a1034d9a-1051-7074-049c-fb99233de741,667ff00298c9713daae37aa5,2024,Qtr 2,June,29,a1034d9a-1051-7074-049c-fb99233de741,P6OEA1,URL,https://app.securetag.in/found
in.pixiverse.user.management.securetag.db.entity.QRCode,667ff11398c9713daae37aab,667ff11398c9713daae37aaa,2024,Qtr 2,June,29,a1034d9a-1051-7074-049c-fb99233de741,667ff00298c9713daae37aa5,2024,Qtr 2,June,29,a1034d9a-1051-7074-049c-fb99233de741,9FX1CH,URL,https://app.securetag.in/found
in.pixiverse.user.management.securetag.db.entity.QRCode,6680dd6698c9713daae37aae,6680dd6698c9713daae37aad,2024,Qtr 2,June,30,a1034d9a-1051-7074-049c-fb99233de741,6680dc8498c9713daae37aac,2024,Qtr 2,June,30,a1034d9a-1051-7074-049c-fb99233de741,CQQLP0,URL,https://app.securetag.in/found
in.pixiverse.user.management.securetag.db.entity.QRCode,6680dd6698c9713daae37aaf,6680dd6698c9713daae37aad,2024,Qtr 2,June,30,a1034d9a-1051-7074-049c-fb99233de741,6680dc8498c9713daae37aac,2024,Qtr 2,June,30,a1034d9a-1051-7074-049c-fb99233de741,2FLJPT,URL,https://app.securetag.in/found
in.pixiverse.user.management.securetag.db.entity.QRCode,6680dd6698c9713daae37ab0,6680dd6698c9713daae37aad,2024,Qtr 2,June,30,a1034d9a-1051-7074-049c-fb99233de741,6680dc8498c9713daae37aac,2024,Qtr 2,June,30,a1034d9a-1051-7074-049c-fb99233de741,N1AMWI,URL,https://app.securetag.in/found
in.pixiverse.user.management.securetag.db.entity.QRCode,6680dd6698c9713daae37ab1,6680dd6698c9713daae37aad,2024,Qtr 2,June,30,a1034d9a-1051-7074-049c-fb99233de741,6680dc8498c9713daae37aac,2024,Qtr 2,June,30,a1034d9a-1051-7074-049c-fb99233de741,GY5U28,URL,https://app.securetag.in/found
in.pixiverse.user.management.securetag.db.entity.QRCode,6680dd6698c9713daae37ab2,6680dd6698c9713daae37aad,2024,Qtr 2,June,30,a1034d9a-1051-7074-049c-fb99233de741,6680dc8498c9713daae37aac,2024,Qtr 2,June,30,a1034d9a-1051-7074-049c-fb99233de741,OEZZS8,URL,https://app.securetag.in/found
in.pixiverse.user.management.securetag.db.entity.QRCode,6680dd6698c9713daae37ab3,6680dd6698c9713daae37aad,2024,Qtr 2,June,30,a1034d9a-1051-7074-049c-fb99233de741,6680dc8498c9713daae37aac,2024,Qtr 2,June,30,a1034d9a-1051-7074-049c-fb99233de741,UHZXMK,URL,https://app.securetag.in/found
in.pixiverse.user.management.securetag.db.entity.QRCode,6680dd6698c9713daae37ab4,6680dd6698c9713daae37aad,2024,Qtr 2,June,30,a1034d9a-1051-7074-049c-fb99233de741,6680dc8498c9713daae37aac,2024,Qtr 2,June,30,a1034d9a-1051-7074-049c-fb99233de741,TE1E8R,URL,https://app.securetag.in/found
in.pixiverse.user.management.securetag.db.entity.QRCode,6680dd6698c9713daae37ab5,6680dd6698c9713daae37aad,2024,Qtr 2,June,30,a1034d9a-1051-7074-049c-fb99233de741,6680dc8498c9713daae37aac,2024,Qtr 2,June,30,a1034d9a-1051-7074-049c-fb99233de741,UBJJL0,URL,https://app.securetag.in/found
in.pixiverse.user.management.securetag.db.entity.QRCode,6680dd6698c9713daae37ab6,6680dd6698c9713daae37aad,2024,Qtr 2,June,30,a1034d9a-1051-7074-049c-fb99233de741,6680dc8498c9713daae37aac,2024,Qtr 2,June,30,a1034d9a-1051-7074-049c-fb99233de741,CZOHGQ,URL,https://app.securetag.in/found
in.pixiverse.user.management.securetag.db.entity.QRCode,6680dd6698c9713daae37ab7,6680dd6698c9713daae37aad,2024,Qtr 2,June,30,a1034d9a-1051-7074-049c-fb99233de741,6680dc8498c9713daae37aac,2024,Qtr 2,June,30,a1034d9a-1051-7074-049c-fb99233de741,794OAQ,URL,https://app.securetag.in/found
in.pixiverse.user.management.securetag.db.entity.QRCode,6680dd6698c9713daae37ab8,6680dd6698c9713daae37aad,2024,Qtr 2,June,30,a1034d9a-1051-7074-049c-fb99233de741,6680dc8498c9713daae37aac,2024,Qtr 2,June,30,a1034d9a-1051-7074-049c-fb99233de741,IFW877,URL,https://app.securetag.in/found
in.pixiverse.user.management.securetag.db.entity.QRCode,6680dd6698c9713daae37ab9,6680dd6698c9713daae37aad,2024,Qtr 2,June,30,a1034d9a-1051-7074-049c-fb99233de741,6680dc8498c9713daae37aac,2024,Qtr 2,June,30,a1034d9a-1051-7074-049c-fb99233de741,7GAQCN,URL,https://app.securetag.in/found
in.pixiverse.user.management.securetag.db.entity.QRCode,6680dd6698c9713daae37aba,6680dd6698c9713daae37aad,2024,Qtr 2,June,30,a1034d9a-1051-7074-049c-fb99233de741,6680dc8498c9713daae37aac,2024,Qtr 2,June,30,a1034d9a-1051-7074-049c-fb99233de741,VRRO8H,URL,https://app.securetag.in/found
in.pixiverse.user.management.securetag.db.entity.QRCode,6680dd6698c9713daae37abb,6680dd6698c9713daae37aad,2024,Qtr 2,June,30,a1034d9a-1051-7074-049c-fb99233de741,6680dc8498c9713daae37aac,2024,Qtr 2,June,30,a1034d9a-1051-7074-049c-fb99233de741,5HQ4PJ,URL,https://app.securetag.in/found
in.pixiverse.user.management.securetag.db.entity.QRCode,6680dd6698c9713daae37abc,6680dd6698c9713daae37aad,2024,Qtr 2,June,30,a1034d9a-1051-7074-049c-fb99233de741,6680dc8498c9713daae37aac,2024,Qtr 2,June,30,a1034d9a-1051-7074-049c-fb99233de741,VKZW22,URL,https://app.securetag.in/found
in.pixiverse.user.management.securetag.db.entity.QRCode,6680dd6698c9713daae37abd,6680dd6698c9713daae37aad,2024,Qtr 2,June,30,a1034d9a-1051-7074-049c-fb99233de741,6680dc8498c9713daae37aac,2024,Qtr 2,June,30,a1034d9a-1051-7074-049c-fb99233de741,EUYRBN,URL,https://app.securetag.in/found
in.pixiverse.user.management.securetag.db.entity.QRCode,6680dd6698c9713daae37abe,6680dd6698c9713daae37aad,2024,Qtr 2,June,30,a1034d9a-1051-7074-049c-fb99233de741,6680dc8498c9713daae37aac,2024,Qtr 2,June,30,a1034d9a-1051-7074-049c-fb99233de741,628QJA,URL,https://app.securetag.in/found
in.pixiverse.user.management.securetag.db.entity.QRCode,6680dd6698c9713daae37abf,6680dd6698c9713daae37aad,2024,Qtr 2,June,30,a1034d9a-1051-7074-049c-fb99233de741,6680dc8498c9713daae37aac,2024,Qtr 2,June,30,a1034d9a-1051-7074-049c-fb99233de741,56HAH6,URL,https://app.securetag.in/found
in.pixiverse.user.management.securetag.db.entity.QRCode,6680dd6698c9713daae37ac0,6680dd6698c9713daae37aad,2024,Qtr 2,June,30,a1034d9a-1051-7074-049c-fb99233de741,6680dc8498c9713daae37aac,2024,Qtr 2,June,30,a1034d9a-1051-7074-049c-fb99233de741,HQTT5T,URL,https://app.securetag.in/found
in.pixiverse.user.management.securetag.db.entity.QRCode,6680dd6698c9713daae37ac1,6680dd6698c9713daae37aad,2024,Qtr 2,June,30,a1034d9a-1051-7074-049c-fb99233de741,6680dc8498c9713daae37aac,2024,Qtr 2,June,30,a1034d9a-1051-7074-049c-fb99233de741,KGVABO,URL,https://app.securetag.in/found
in.pixiverse.user.management.securetag.db.entity.QRCode,6680dd6698c9713daae37ac2,6680dd6698c9713daae37aad,2024,Qtr 2,June,30,a1034d9a-1051-7074-049c-fb99233de741,6680dc8498c9713daae37aac,2024,Qtr 2,June,30,a1034d9a-1051-7074-049c-fb99233de741,2K0J0V,URL,https://app.securetag.in/found
in.pixiverse.user.management.securetag.db.entity.QRCode,6680dd6698c9713daae37ac3,6680dd6698c9713daae37aad,2024,Qtr 2,June,30,a1034d9a-1051-7074-049c-fb99233de741,6680dc8498c9713daae37aac,2024,Qtr 2,June,30,a1034d9a-1051-7074-049c-fb99233de741,CQFSQF,URL,https://app.securetag.in/found
in.pixiverse.user.management.securetag.db.entity.QRCode,6680dd6698c9713daae37ac4,6680dd6698c9713daae37aad,2024,Qtr 2,June,30,a1034d9a-1051-7074-049c-fb99233de741,6680dc8498c9713daae37aac,2024,Qtr 2,June,30,a1034d9a-1051-7074-049c-fb99233de741,9E5UL1,URL,https://app.securetag.in/found
in.pixiverse.user.management.securetag.db.entity.QRCode,6680dd6698c9713daae37ac5,6680dd6698c9713daae37aad,2024,Qtr 2,June,30,a1034d9a-1051-7074-049c-fb99233de741,6680dc8498c9713daae37aac,2024,Qtr 2,June,30,a1034d9a-1051-7074-049c-fb99233de741,DW2GLN,URL,https://app.securetag.in/found
in.pixiverse.user.management.securetag.db.entity.QRCode,6680dd6698c9713daae37ac6,6680dd6698c9713daae37aad,2024,Qtr 2,June,30,a1034d9a-1051-7074-049c-fb99233de741,6680dc8498c9713daae37aac,2024,Qtr 2,June,30,a1034d9a-1051-7074-049c-fb99233de741,RLRZN7,URL,https://app.securetag.in/found
in.pixiverse.user.management.securetag.db.entity.QRCode,6680def398c9713daae37ac9,6680deee98c9713daae37ac8,2024,Qtr 2,June,30,a1034d9a-1051-7074-049c-fb99233de741,6680de3b98c9713daae37ac7,2024,Qtr 2,June,30,a1034d9a-1051-7074-049c-fb99233de741,OMX4XN,URL,https://app.securetag.in/found
in.pixiverse.user.management.securetag.db.entity.QRCode,6680def398c9713daae37aca,6680deee98c9713daae37ac8,2024,Qtr 2,June,30,a1034d9a-1051-7074-049c-fb99233de741,6680de3b98c9713daae37ac7,2024,Qtr 2,June,30,a1034d9a-1051-7074-049c-fb99233de741,V6JK5B,URL,https://app.securetag.in/found
in.pixiverse.user.management.securetag.db.entity.QRCode,6680def398c9713daae37acb,6680deee98c9713daae37ac8,2024,Qtr 2,June,30,a1034d9a-1051-7074-049c-fb99233de741,6680de3b98c9713daae37ac7,2024,Qtr 2,June,30,a1034d9a-1051-7074-049c-fb99233de741,OL7F7Q,URL,https://app.securetag.in/found
in.pixiverse.user.management.securetag.db.entity.QRCode,6680def398c9713daae37acc,6680deee98c9713daae37ac8,2024,Qtr 2,June,30,a1034d9a-1051-7074-049c-fb99233de741,6680de3b98c9713daae37ac7,2024,Qtr 2,June,30,a1034d9a-1051-7074-049c-fb99233de741,9HDB0M,URL,https://app.securetag.in/found
in.pixiverse.user.management.securetag.db.entity.QRCode,6680def398c9713daae37acd,6680deee98c9713daae37ac8,2024,Qtr 2,June,30,a1034d9a-1051-7074-049c-fb99233de741,6680de3b98c9713daae37ac7,2024,Qtr 2,June,30,a1034d9a-1051-7074-049c-fb99233de741,KMW3M2,URL,https://app.securetag.in/found
in.pixiverse.user.management.securetag.db.entity.QRCode,6680def398c9713daae37ace,6680deee98c9713daae37ac8,2024,Qtr 2,June,30,a1034d9a-1051-7074-049c-fb99233de741,6680de3b98c9713daae37ac7,2024,Qtr 2,June,30,a1034d9a-1051-7074-049c-fb99233de741,B9AFMZ,URL,https://app.securetag.in/found
in.pixiverse.user.management.securetag.db.entity.QRCode,6680def398c9713daae37acf,6680deee98c9713daae37ac8,2024,Qtr 2,June,30,a1034d9a-1051-7074-049c-fb99233de741,6680de3b98c9713daae37ac7,2024,Qtr 2,June,30,a1034d9a-1051-7074-049c-fb99233de741,K96H2I,URL,https://app.securetag.in/found
in.pixiverse.user.management.securetag.db.entity.QRCode,6680def398c9713daae37ad0,6680deee98c9713daae37ac8,2024,Qtr 2,June,30,a1034d9a-1051-7074-049c-fb99233de741,6680de3b98c9713daae37ac7,2024,Qtr 2,June,30,a1034d9a-1051-7074-049c-fb99233de741,RIYIZG,URL,https://app.securetag.in/found
in.pixiverse.user.management.securetag.db.entity.QRCode,6680def398c9713daae37ad1,6680deee98c9713daae37ac8,2024,Qtr 2,June,30,a1034d9a-1051-7074-049c-fb99233de741,6680de3b98c9713daae37ac7,2024,Qtr 2,June,30,a1034d9a-1051-7074-049c-fb99233de741,TY9BLE,URL,https://app.securetag.in/found
in.pixiverse.user.management.securetag.db.entity.QRCode,6680def398c9713daae37ad2,6680deee98c9713daae37ac8,2024,Qtr 2,June,30,a1034d9a-1051-7074-049c-fb99233de741,6680de3b98c9713daae37ac7,2024,Qtr 2,June,30,a1034d9a-1051-7074-049c-fb99233de741,I7CRAX,URL,https://app.securetag.in/found
in.pixiverse.user.management.securetag.db.entity.QRCode,6680def398c9713daae37ad3,6680deee98c9713daae37ac8,2024,Qtr 2,June,30,a1034d9a-1051-7074-049c-fb99233de741,6680de3b98c9713daae37ac7,2024,Qtr 2,June,30,a1034d9a-1051-7074-049c-fb99233de741,YTCE2U,URL,https://app.securetag.in/found
in.pixiverse.user.management.securetag.db.entity.QRCode,6680def398c9713daae37ad4,6680deee98c9713daae37ac8,2024,Qtr 2,June,30,a1034d9a-1051-7074-049c-fb99233de741,6680de3b98c9713daae37ac7,2024,Qtr 2,June,30,a1034d9a-1051-7074-049c-fb99233de741,NJFXIQ,URL,https://app.securetag.in/found
in.pixiverse.user.management.securetag.db.entity.QRCode,6680def398c9713daae37ad5,6680deee98c9713daae37ac8,2024,Qtr 2,June,30,a1034d9a-1051-7074-049c-fb99233de741,6680de3b98c9713daae37ac7,2024,Qtr 2,June,30,a1034d9a-1051-7074-049c-fb99233de741,WC6Q8M,URL,https://app.securetag.in/found
in.pixiverse.user.management.securetag.db.entity.QRCode,6680def398c9713daae37ad6,6680deee98c9713daae37ac8,2024,Qtr 2,June,30,a1034d9a-1051-7074-049c-fb99233de741,6680de3b98c9713daae37ac7,2024,Qtr 2,June,30,a1034d9a-1051-7074-049c-fb99233de741,S7JM4T,URL,https://app.securetag.in/found
in.pixiverse.user.management.securetag.db.entity.QRCode,6680def398c9713daae37ad7,6680deee98c9713daae37ac8,2024,Qtr 2,June,30,a1034d9a-1051-7074-049c-fb99233de741,6680de3b98c9713daae37ac7,2024,Qtr 2,June,30,a1034d9a-1051-7074-049c-fb99233de741,W17O60,URL,https://app.securetag.in/found
in.pixiverse.user.management.securetag.db.entity.QRCode,6680def398c9713daae37ad8,6680deee98c9713daae37ac8,2024,Qtr 2,June,30,a1034d9a-1051-7074-049c-fb99233de741,6680de3b98c9713daae37ac7,2024,Qtr 2,June,30,a1034d9a-1051-7074-049c-fb99233de741,UM37AU,URL,https://app.securetag.in/found
in.pixiverse.user.management.securetag.db.entity.QRCode,6680def398c9713daae37ad9,6680deee98c9713daae37ac8,2024,Qtr 2,June,30,a1034d9a-1051-7074-049c-fb99233de741,6680de3b98c9713daae37ac7,2024,Qtr 2,June,30,a1034d9a-1051-7074-049c-fb99233de741,2TE8DQ,URL,https://app.securetag.in/found
in.pixiverse.user.management.securetag.db.entity.QRCode,6680def398c9713daae37ada,6680deee98c9713daae37ac8,2024,Qtr 2,June,30,a1034d9a-1051-7074-049c-fb99233de741,6680de3b98c9713daae37ac7,2024,Qtr 2,June,30,a1034d9a-1051-7074-049c-fb99233de741,KZPZ3H,URL,https://app.securetag.in/found
in.pixiverse.user.management.securetag.db.entity.QRCode,6680def398c9713daae37adb,6680deee98c9713daae37ac8,2024,Qtr 2,June,30,a1034d9a-1051-7074-049c-fb99233de741,6680de3b98c9713daae37ac7,2024,Qtr 2,June,30,a1034d9a-1051-7074-049c-fb99233de741,43HFMA,URL,https://app.securetag.in/found
in.pixiverse.user.management.securetag.db.entity.QRCode,6680def398c9713daae37adc,6680deee98c9713daae37ac8,2024,Qtr 2,June,30,a1034d9a-1051-7074-049c-fb99233de741,6680de3b98c9713daae37ac7,2024,Qtr 2,June,30,a1034d9a-1051-7074-049c-fb99233de741,EYT8ZW,URL,https://app.securetag.in/found
in.pixiverse.user.management.securetag.db.entity.QRCode,6680def398c9713daae37add,6680deee98c9713daae37ac8,2024,Qtr 2,June,30,a1034d9a-1051-7074-049c-fb99233de741,6680de3b98c9713daae37ac7,2024,Qtr 2,June,30,a1034d9a-1051-7074-049c-fb99233de741,K2BU1F,URL,https://app.securetag.in/found
in.pixiverse.user.management.securetag.db.entity.QRCode,6680def398c9713daae37ade,6680deee98c9713daae37ac8,2024,Qtr 2,June,30,a1034d9a-1051-7074-049c-fb99233de741,6680de3b98c9713daae37ac7,2024,Qtr 2,June,30,a1034d9a-1051-7074-049c-fb99233de741,YB2XZC,URL,https://app.securetag.in/found
in.pixiverse.user.management.securetag.db.entity.QRCode,6680def398c9713daae37adf,6680deee98c9713daae37ac8,2024,Qtr 2,June,30,a1034d9a-1051-7074-049c-fb99233de741,6680de3b98c9713daae37ac7,2024,Qtr 2,June,30,a1034d9a-1051-7074-049c-fb99233de741,CNLLGJ,URL,https://app.securetag.in/found
in.pixiverse.user.management.securetag.db.entity.QRCode,6680def398c9713daae37ae0,6680deee98c9713daae37ac8,2024,Qtr 2,June,30,a1034d9a-1051-7074-049c-fb99233de741,6680de3b98c9713daae37ac7,2024,Qtr 2,June,30,a1034d9a-1051-7074-049c-fb99233de741,OA04OS,URL,https://app.securetag.in/found
in.pixiverse.user.management.securetag.db.entity.QRCode,6680def398c9713daae37ae1,6680deee98c9713daae37ac8,2024,Qtr 2,June,30,a1034d9a-1051-7074-049c-fb99233de741,6680de3b98c9713daae37ac7,2024,Qtr 2,June,30,a1034d9a-1051-7074-049c-fb99233de741,9ZLYT0,URL,https://app.securetag.in/found
in.pixiverse.user.management.securetag.db.entity.QRCode,6680def398c9713daae37ae2,6680deee98c9713daae37ac8,2024,Qtr 2,June,30,a1034d9a-1051-7074-049c-fb99233de741,6680de3b98c9713daae37ac7,2024,Qtr 2,June,30,a1034d9a-1051-7074-049c-fb99233de741,3CNBHK,URL,https://app.securetag.in/found
in.pixiverse.user.management.securetag.db.entity.QRCode,6680def398c9713daae37ae3,6680deee98c9713daae37ac8,2024,Qtr 2,June,30,a1034d9a-1051-7074-049c-fb99233de741,6680de3b98c9713daae37ac7,2024,Qtr 2,June,30,a1034d9a-1051-7074-049c-fb99233de741,7STIK1,URL,https://app.securetag.in/found
in.pixiverse.user.management.securetag.db.entity.QRCode,6680def398c9713daae37ae4,6680deee98c9713daae37ac8,2024,Qtr 2,June,30,a1034d9a-1051-7074-049c-fb99233de741,6680de3b98c9713daae37ac7,2024,Qtr 2,June,30,a1034d9a-1051-7074-049c-fb99233de741,2PK0UJ,URL,https://app.securetag.in/found
in.pixiverse.user.management.securetag.db.entity.QRCode,6680def398c9713daae37ae5,6680deee98c9713daae37ac8,2024,Qtr 2,June,30,a1034d9a-1051-7074-049c-fb99233de741,6680de3b98c9713daae37ac7,2024,Qtr 2,June,30,a1034d9a-1051-7074-049c-fb99233de741,8OI489,URL,https://app.securetag.in/found
in.pixiverse.user.management.securetag.db.entity.QRCode,6680def398c9713daae37ae6,6680deee98c9713daae37ac8,2024,Qtr 2,June,30,a1034d9a-1051-7074-049c-fb99233de741,6680de3b98c9713daae37ac7,2024,Qtr 2,June,30,a1034d9a-1051-7074-049c-fb99233de741,3FUXYE,URL,https://app.securetag.in/found
in.pixiverse.user.management.securetag.db.entity.QRCode,6680def398c9713daae37ae7,6680deee98c9713daae37ac8,2024,Qtr 2,June,30,a1034d9a-1051-7074-049c-fb99233de741,6680de3b98c9713daae37ac7,2024,Qtr 2,June,30,a1034d9a-1051-7074-049c-fb99233de741,TX8C91,URL,https://app.securetag.in/found
in.pixiverse.user.management.securetag.db.entity.QRCode,6680def398c9713daae37ae8,6680deee98c9713daae37ac8,2024,Qtr 2,June,30,a1034d9a-1051-7074-049c-fb99233de741,6680de3b98c9713daae37ac7,2024,Qtr 2,June,30,a1034d9a-1051-7074-049c-fb99233de741,BESBDE,URL,https://app.securetag.in/found
in.pixiverse.user.management.securetag.db.entity.QRCode,6680def398c9713daae37ae9,6680deee98c9713daae37ac8,2024,Qtr 2,June,30,a1034d9a-1051-7074-049c-fb99233de741,6680de3b98c9713daae37ac7,2024,Qtr 2,June,30,a1034d9a-1051-7074-049c-fb99233de741,I88N34,URL,https://app.securetag.in/found
in.pixiverse.user.management.securetag.db.entity.QRCode,6680def398c9713daae37aea,6680deee98c9713daae37ac8,2024,Qtr 2,June,30,a1034d9a-1051-7074-049c-fb99233de741,6680de3b98c9713daae37ac7,2024,Qtr 2,June,30,a1034d9a-1051-7074-049c-fb99233de741,LML6TO,URL,https://app.securetag.in/found
in.pixiverse.user.management.securetag.db.entity.QRCode,6680def398c9713daae37aeb,6680deee98c9713daae37ac8,2024,Qtr 2,June,30,a1034d9a-1051-7074-049c-fb99233de741,6680de3b98c9713daae37ac7,2024,Qtr 2,June,30,a1034d9a-1051-7074-049c-fb99233de741,DI03SE,URL,https://app.securetag.in/found
in.pixiverse.user.management.securetag.db.entity.QRCode,6680def398c9713daae37aec,6680deee98c9713daae37ac8,2024,Qtr 2,June,30,a1034d9a-1051-7074-049c-fb99233de741,6680de3b98c9713daae37ac7,2024,Qtr 2,June,30,a1034d9a-1051-7074-049c-fb99233de741,UE0I6J,URL,https://app.securetag.in/found
in.pixiverse.user.management.securetag.db.entity.QRCode,6680def398c9713daae37aed,6680deee98c9713daae37ac8,2024,Qtr 2,June,30,a1034d9a-1051-7074-049c-fb99233de741,6680de3b98c9713daae37ac7,2024,Qtr 2,June,30,a1034d9a-1051-7074-049c-fb99233de741,MZIDMU,URL,https://app.securetag.in/found
in.pixiverse.user.management.securetag.db.entity.QRCode,6680def398c9713daae37aee,6680deee98c9713daae37ac8,2024,Qtr 2,June,30,a1034d9a-1051-7074-049c-fb99233de741,6680de3b98c9713daae37ac7,2024,Qtr 2,June,30,a1034d9a-1051-7074-049c-fb99233de741,V2P1S9,URL,https://app.securetag.in/found
in.pixiverse.user.management.securetag.db.entity.QRCode,6680def398c9713daae37aef,6680deee98c9713daae37ac8,2024,Qtr 2,June,30,a1034d9a-1051-7074-049c-fb99233de741,6680de3b98c9713daae37ac7,2024,Qtr 2,June,30,a1034d9a-1051-7074-049c-fb99233de741,ZEZ59D,URL,https://app.securetag.in/found
in.pixiverse.user.management.securetag.db.entity.QRCode,6680def398c9713daae37af0,6680deee98c9713daae37ac8,2024,Qtr 2,June,30,a1034d9a-1051-7074-049c-fb99233de741,6680de3b98c9713daae37ac7,2024,Qtr 2,June,30,a1034d9a-1051-7074-049c-fb99233de741,2GL8XT,URL,https://app.securetag.in/found
in.pixiverse.user.management.securetag.db.entity.QRCode,6680def398c9713daae37af1,6680deee98c9713daae37ac8,2024,Qtr 2,June,30,a1034d9a-1051-7074-049c-fb99233de741,6680de3b98c9713daae37ac7,2024,Qtr 2,June,30,a1034d9a-1051-7074-049c-fb99233de741,W4V1WE,URL,https://app.securetag.in/found
in.pixiverse.user.management.securetag.db.entity.QRCode,6680def398c9713daae37af2,6680deee98c9713daae37ac8,2024,Qtr 2,June,30,a1034d9a-1051-7074-049c-fb99233de741,6680de3b98c9713daae37ac7,2024,Qtr 2,June,30,a1034d9a-1051-7074-049c-fb99233de741,NK5CXO,URL,https://app.securetag.in/found
in.pixiverse.user.management.securetag.db.entity.QRCode,6680def398c9713daae37af3,6680deee98c9713daae37ac8,2024,Qtr 2,June,30,a1034d9a-1051-7074-049c-fb99233de741,6680de3b98c9713daae37ac7,2024,Qtr 2,June,30,a1034d9a-1051-7074-049c-fb99233de741,KSS97S,URL,https://app.securetag.in/found
in.pixiverse.user.management.securetag.db.entity.QRCode,6680def398c9713daae37af4,6680deee98c9713daae37ac8,2024,Qtr 2,June,30,a1034d9a-1051-7074-049c-fb99233de741,6680de3b98c9713daae37ac7,2024,Qtr 2,June,30,a1034d9a-1051-7074-049c-fb99233de741,9K3TL3,URL,https://app.securetag.in/found
in.pixiverse.user.management.securetag.db.entity.QRCode,6680def398c9713daae37af5,6680deee98c9713daae37ac8,2024,Qtr 2,June,30,a1034d9a-1051-7074-049c-fb99233de741,6680de3b98c9713daae37ac7,2024,Qtr 2,June,30,a1034d9a-1051-7074-049c-fb99233de741,YQ1HP0,URL,https://app.securetag.in/found
in.pixiverse.user.management.securetag.db.entity.QRCode,6680def398c9713daae37af6,6680deee98c9713daae37ac8,2024,Qtr 2,June,30,a1034d9a-1051-7074-049c-fb99233de741,6680de3b98c9713daae37ac7,2024,Qtr 2,June,30,a1034d9a-1051-7074-049c-fb99233de741,78702P,URL,https://app.securetag.in/found
in.pixiverse.user.management.securetag.db.entity.QRCode,6680def398c9713daae37af7,6680deee98c9713daae37ac8,2024,Qtr 2,June,30,a1034d9a-1051-7074-049c-fb99233de741,6680de3b98c9713daae37ac7,2024,Qtr 2,June,30,a1034d9a-1051-7074-049c-fb99233de741,KRECKT,URL,https://app.securetag.in/found
in.pixiverse.user.management.securetag.db.entity.QRCode,6680def398c9713daae37af8,6680deee98c9713daae37ac8,2024,Qtr 2,June,30,a1034d9a-1051-7074-049c-fb99233de741,6680de3b98c9713daae37ac7,2024,Qtr 2,June,30,a1034d9a-1051-7074-049c-fb99233de741,AEF9QJ,URL,https://app.securetag.in/found
in.pixiverse.user.management.securetag.db.entity.QRCode,6680def398c9713daae37af9,6680deee98c9713daae37ac8,2024,Qtr 2,June,30,a1034d9a-1051-7074-049c-fb99233de741,6680de3b98c9713daae37ac7,2024,Qtr 2,June,30,a1034d9a-1051-7074-049c-fb99233de741,7BZTNK,URL,https://app.securetag.in/found
in.pixiverse.user.management.securetag.db.entity.QRCode,6680def398c9713daae37afa,6680deee98c9713daae37ac8,2024,Qtr 2,June,30,a1034d9a-1051-7074-049c-fb99233de741,6680de3b98c9713daae37ac7,2024,Qtr 2,June,30,a1034d9a-1051-7074-049c-fb99233de741,IGBHNI,URL,https://app.securetag.in/found
in.pixiverse.user.management.securetag.db.entity.QRCode,6680def398c9713daae37afb,6680deee98c9713daae37ac8,2024,Qtr 2,June,30,a1034d9a-1051-7074-049c-fb99233de741,6680de3b98c9713daae37ac7,2024,Qtr 2,June,30,a1034d9a-1051-7074-049c-fb99233de741,FG8M8D,URL,https://app.securetag.in/found
in.pixiverse.user.management.securetag.db.entity.QRCode,6680def398c9713daae37afc,6680deee98c9713daae37ac8,2024,Qtr 2,June,30,a1034d9a-1051-7074-049c-fb99233de741,6680de3b98c9713daae37ac7,2024,Qtr 2,June,30,a1034d9a-1051-7074-049c-fb99233de741,A0KS7M,URL,https://app.securetag.in/found
in.pixiverse.user.management.securetag.db.entity.QRCode,6680def398c9713daae37afd,6680deee98c9713daae37ac8,2024,Qtr 2,June,30,a1034d9a-1051-7074-049c-fb99233de741,6680de3b98c9713daae37ac7,2024,Qtr 2,June,30,a1034d9a-1051-7074-049c-fb99233de741,YS46IC,URL,https://app.securetag.in/found
in.pixiverse.user.management.securetag.db.entity.QRCode,6680def398c9713daae37afe,6680deee98c9713daae37ac8,2024,Qtr 2,June,30,a1034d9a-1051-7074-049c-fb99233de741,6680de3b98c9713daae37ac7,2024,Qtr 2,June,30,a1034d9a-1051-7074-049c-fb99233de741,SSQJZJ,URL,https://app.securetag.in/found
in.pixiverse.user.management.securetag.db.entity.QRCode,6680def398c9713daae37aff,6680deee98c9713daae37ac8,2024,Qtr 2,June,30,a1034d9a-1051-7074-049c-fb99233de741,6680de3b98c9713daae37ac7,2024,Qtr 2,June,30,a1034d9a-1051-7074-049c-fb99233de741,45TJLN,URL,https://app.securetag.in/found
in.pixiverse.user.management.securetag.db.entity.QRCode,6680def398c9713daae37b00,6680deee98c9713daae37ac8,2024,Qtr 2,June,30,a1034d9a-1051-7074-049c-fb99233de741,6680de3b98c9713daae37ac7,2024,Qtr 2,June,30,a1034d9a-1051-7074-049c-fb99233de741,JX07Z5,URL,https://app.securetag.in/found
in.pixiverse.user.management.securetag.db.entity.QRCode,6680def398c9713daae37b01,6680deee98c9713daae37ac8,2024,Qtr 2,June,30,a1034d9a-1051-7074-049c-fb99233de741,6680de3b98c9713daae37ac7,2024,Qtr 2,June,30,a1034d9a-1051-7074-049c-fb99233de741,PEODBK,URL,https://app.securetag.in/found
in.pixiverse.user.management.securetag.db.entity.QRCode,6680def398c9713daae37b02,6680deee98c9713daae37ac8,2024,Qtr 2,June,30,a1034d9a-1051-7074-049c-fb99233de741,6680de3b98c9713daae37ac7,2024,Qtr 2,June,30,a1034d9a-1051-7074-049c-fb99233de741,OZVF70,URL,https://app.securetag.in/found
in.pixiverse.user.management.securetag.db.entity.QRCode,6680def398c9713daae37b03,6680deee98c9713daae37ac8,2024,Qtr 2,June,30,a1034d9a-1051-7074-049c-fb99233de741,6680de3b98c9713daae37ac7,2024,Qtr 2,June,30,a1034d9a-1051-7074-049c-fb99233de741,SEA3PE,URL,https://app.securetag.in/found
in.pixiverse.user.management.securetag.db.entity.QRCode,6680def398c9713daae37b04,6680deee98c9713daae37ac8,2024,Qtr 2,June,30,a1034d9a-1051-7074-049c-fb99233de741,6680de3b98c9713daae37ac7,2024,Qtr 2,June,30,a1034d9a-1051-7074-049c-fb99233de741,PBCFFM,URL,https://app.securetag.in/found
in.pixiverse.user.management.securetag.db.entity.QRCode,6680def398c9713daae37b05,6680deee98c9713daae37ac8,2024,Qtr 2,June,30,a1034d9a-1051-7074-049c-fb99233de741,6680de3b98c9713daae37ac7,2024,Qtr 2,June,30,a1034d9a-1051-7074-049c-fb99233de741,XAPLR5,URL,https://app.securetag.in/found
in.pixiverse.user.management.securetag.db.entity.QRCode,6680def398c9713daae37b06,6680deee98c9713daae37ac8,2024,Qtr 2,June,30,a1034d9a-1051-7074-049c-fb99233de741,6680de3b98c9713daae37ac7,2024,Qtr 2,June,30,a1034d9a-1051-7074-049c-fb99233de741,ROA35F,URL,https://app.securetag.in/found
in.pixiverse.user.management.securetag.db.entity.QRCode,6680def398c9713daae37b07,6680deee98c9713daae37ac8,2024,Qtr 2,June,30,a1034d9a-1051-7074-049c-fb99233de741,6680de3b98c9713daae37ac7,2024,Qtr 2,June,30,a1034d9a-1051-7074-049c-fb99233de741,ECI22D,URL,https://app.securetag.in/found
in.pixiverse.user.management.securetag.db.entity.QRCode,6680def398c9713daae37b08,6680deee98c9713daae37ac8,2024,Qtr 2,June,30,a1034d9a-1051-7074-049c-fb99233de741,6680de3b98c9713daae37ac7,2024,Qtr 2,June,30,a1034d9a-1051-7074-049c-fb99233de741,S1MROH,URL,https://app.securetag.in/found
in.pixiverse.user.management.securetag.db.entity.QRCode,6680def398c9713daae37b09,6680deee98c9713daae37ac8,2024,Qtr 2,June,30,a1034d9a-1051-7074-049c-fb99233de741,6680de3b98c9713daae37ac7,2024,Qtr 2,June,30,a1034d9a-1051-7074-049c-fb99233de741,I9A4TY,URL,https://app.securetag.in/found
in.pixiverse.user.management.securetag.db.entity.QRCode,6680def398c9713daae37b0a,6680deee98c9713daae37ac8,2024,Qtr 2,June,30,a1034d9a-1051-7074-049c-fb99233de741,6680de3b98c9713daae37ac7,2024,Qtr 2,June,30,a1034d9a-1051-7074-049c-fb99233de741,PVZX10,URL,https://app.securetag.in/found
in.pixiverse.user.management.securetag.db.entity.QRCode,6680def398c9713daae37b0b,6680deee98c9713daae37ac8,2024,Qtr 2,June,30,a1034d9a-1051-7074-049c-fb99233de741,6680de3b98c9713daae37ac7,2024,Qtr 2,June,30,a1034d9a-1051-7074-049c-fb99233de741,1M2W6R,URL,https://app.securetag.in/found
in.pixiverse.user.management.securetag.db.entity.QRCode,6680def398c9713daae37b0c,6680deee98c9713daae37ac8,2024,Qtr 2,June,30,a1034d9a-1051-7074-049c-fb99233de741,6680de3b98c9713daae37ac7,2024,Qtr 2,June,30,a1034d9a-1051-7074-049c-fb99233de741,2HOILA,URL,https://app.securetag.in/found
in.pixiverse.user.management.securetag.db.entity.QRCode,6680def398c9713daae37b0d,6680deee98c9713daae37ac8,2024,Qtr 2,June,30,a1034d9a-1051-7074-049c-fb99233de741,6680de3b98c9713daae37ac7,2024,Qtr 2,June,30,a1034d9a-1051-7074-049c-fb99233de741,8MR678,URL,https://app.securetag.in/found
in.pixiverse.user.management.securetag.db.entity.QRCode,6680def398c9713daae37b0e,6680deee98c9713daae37ac8,2024,Qtr 2,June,30,a1034d9a-1051-7074-049c-fb99233de741,6680de3b98c9713daae37ac7,2024,Qtr 2,June,30,a1034d9a-1051-7074-049c-fb99233de741,2HR28E,URL,https://app.securetag.in/found
in.pixiverse.user.management.securetag.db.entity.QRCode,6680def398c9713daae37b0f,6680deee98c9713daae37ac8,2024,Qtr 2,June,30,a1034d9a-1051-7074-049c-fb99233de741,6680de3b98c9713daae37ac7,2024,Qtr 2,June,30,a1034d9a-1051-7074-049c-fb99233de741,2AFCMY,URL,https://app.securetag.in/found
in.pixiverse.user.management.securetag.db.entity.QRCode,6680def398c9713daae37b10,6680deee98c9713daae37ac8,2024,Qtr 2,June,30,a1034d9a-1051-7074-049c-fb99233de741,6680de3b98c9713daae37ac7,2024,Qtr 2,June,30,a1034d9a-1051-7074-049c-fb99233de741,G05Z7G,URL,https://app.securetag.in/found
in.pixiverse.user.management.securetag.db.entity.QRCode,6680def398c9713daae37b11,6680deee98c9713daae37ac8,2024,Qtr 2,June,30,a1034d9a-1051-7074-049c-fb99233de741,6680de3b98c9713daae37ac7,2024,Qtr 2,June,30,a1034d9a-1051-7074-049c-fb99233de741,VM0KYB,URL,https://app.securetag.in/found
in.pixiverse.user.management.securetag.db.entity.QRCode,6680def398c9713daae37b12,6680deee98c9713daae37ac8,2024,Qtr 2,June,30,a1034d9a-1051-7074-049c-fb99233de741,6680de3b98c9713daae37ac7,2024,Qtr 2,June,30,a1034d9a-1051-7074-049c-fb99233de741,U21YJQ,URL,https://app.securetag.in/found
in.pixiverse.user.management.securetag.db.entity.QRCode,6680def398c9713daae37b13,6680deee98c9713daae37ac8,2024,Qtr 2,June,30,a1034d9a-1051-7074-049c-fb99233de741,6680de3b98c9713daae37ac7,2024,Qtr 2,June,30,a1034d9a-1051-7074-049c-fb99233de741,6TX62Q,URL,https://app.securetag.in/found
in.pixiverse.user.management.securetag.db.entity.QRCode,6680def398c9713daae37b14,6680deee98c9713daae37ac8,2024,Qtr 2,June,30,a1034d9a-1051-7074-049c-fb99233de741,6680de3b98c9713daae37ac7,2024,Qtr 2,June,30,a1034d9a-1051-7074-049c-fb99233de741,9UI065,URL,https://app.securetag.in/found
in.pixiverse.user.management.securetag.db.entity.QRCode,6680def398c9713daae37b15,6680deee98c9713daae37ac8,2024,Qtr 2,June,30,a1034d9a-1051-7074-049c-fb99233de741,6680de3b98c9713daae37ac7,2024,Qtr 2,June,30,a1034d9a-1051-7074-049c-fb99233de741,K7PE33,URL,https://app.securetag.in/found
in.pixiverse.user.management.securetag.db.entity.QRCode,6680def398c9713daae37b16,6680deee98c9713daae37ac8,2024,Qtr 2,June,30,a1034d9a-1051-7074-049c-fb99233de741,6680de3b98c9713daae37ac7,2024,Qtr 2,June,30,a1034d9a-1051-7074-049c-fb99233de741,LDSG69,URL,https://app.securetag.in/found
in.pixiverse.user.management.securetag.db.entity.QRCode,6680def398c9713daae37b17,6680deee98c9713daae37ac8,2024,Qtr 2,June,30,a1034d9a-1051-7074-049c-fb99233de741,6680de3b98c9713daae37ac7,2024,Qtr 2,June,30,a1034d9a-1051-7074-049c-fb99233de741,99XUTU,URL,https://app.securetag.in/found
in.pixiverse.user.management.securetag.db.entity.QRCode,6680def398c9713daae37b18,6680deee98c9713daae37ac8,2024,Qtr 2,June,30,a1034d9a-1051-7074-049c-fb99233de741,6680de3b98c9713daae37ac7,2024,Qtr 2,June,30,a1034d9a-1051-7074-049c-fb99233de741,GT67I8,URL,https://app.securetag.in/found
in.pixiverse.user.management.securetag.db.entity.QRCode,6680def398c9713daae37b19,6680deee98c9713daae37ac8,2024,Qtr 2,June,30,a1034d9a-1051-7074-049c-fb99233de741,6680de3b98c9713daae37ac7,2024,Qtr 2,June,30,a1034d9a-1051-7074-049c-fb99233de741,H07KZF,URL,https://app.securetag.in/found
in.pixiverse.user.management.securetag.db.entity.QRCode,6680def398c9713daae37b1a,6680deee98c9713daae37ac8,2024,Qtr 2,June,30,a1034d9a-1051-7074-049c-fb99233de741,6680de3b98c9713daae37ac7,2024,Qtr 2,June,30,a1034d9a-1051-7074-049c-fb99233de741,CGLDAF,URL,https://app.securetag.in/found
in.pixiverse.user.management.securetag.db.entity.QRCode,6680def398c9713daae37b1b,6680deee98c9713daae37ac8,2024,Qtr 2,June,30,a1034d9a-1051-7074-049c-fb99233de741,6680de3b98c9713daae37ac7,2024,Qtr 2,June,30,a1034d9a-1051-7074-049c-fb99233de741,9P49KC,URL,https://app.securetag.in/found
in.pixiverse.user.management.securetag.db.entity.QRCode,6680def398c9713daae37b1c,6680deee98c9713daae37ac8,2024,Qtr 2,June,30,a1034d9a-1051-7074-049c-fb99233de741,6680de3b98c9713daae37ac7,2024,Qtr 2,June,30,a1034d9a-1051-7074-049c-fb99233de741,3AJR3V,URL,https://app.securetag.in/found
in.pixiverse.user.management.securetag.db.entity.QRCode,6680def398c9713daae37b1d,6680deee98c9713daae37ac8,2024,Qtr 2,June,30,a1034d9a-1051-7074-049c-fb99233de741,6680de3b98c9713daae37ac7,2024,Qtr 2,June,30,a1034d9a-1051-7074-049c-fb99233de741,30OAYW,URL,https://app.securetag.in/found
in.pixiverse.user.management.securetag.db.entity.QRCode,6680def398c9713daae37b1e,6680deee98c9713daae37ac8,2024,Qtr 2,June,30,a1034d9a-1051-7074-049c-fb99233de741,6680de3b98c9713daae37ac7,2024,Qtr 2,June,30,a1034d9a-1051-7074-049c-fb99233de741,NVWJKN,URL,https://app.securetag.in/found
in.pixiverse.user.management.securetag.db.entity.QRCode,6680def398c9713daae37b1f,6680deee98c9713daae37ac8,2024,Qtr 2,June,30,a1034d9a-1051-7074-049c-fb99233de741,6680de3b98c9713daae37ac7,2024,Qtr 2,June,30,a1034d9a-1051-7074-049c-fb99233de741,Z8R83A,URL,https://app.securetag.in/found
in.pixiverse.user.management.securetag.db.entity.QRCode,6680def398c9713daae37b20,6680deee98c9713daae37ac8,2024,Qtr 2,June,30,a1034d9a-1051-7074-049c-fb99233de741,6680de3b98c9713daae37ac7,2024,Qtr 2,June,30,a1034d9a-1051-7074-049c-fb99233de741,73QQOO,URL,https://app.securetag.in/found
in.pixiverse.user.management.securetag.db.entity.QRCode,6680def398c9713daae37b21,6680deee98c9713daae37ac8,2024,Qtr 2,June,30,a1034d9a-1051-7074-049c-fb99233de741,6680de3b98c9713daae37ac7,2024,Qtr 2,June,30,a1034d9a-1051-7074-049c-fb99233de741,6KWI6J,URL,https://app.securetag.in/found
in.pixiverse.user.management.securetag.db.entity.QRCode,6680def398c9713daae37b22,6680deee98c9713daae37ac8,2024,Qtr 2,June,30,a1034d9a-1051-7074-049c-fb99233de741,6680de3b98c9713daae37ac7,2024,Qtr 2,June,30,a1034d9a-1051-7074-049c-fb99233de741,4XV0H4,URL,https://app.securetag.in/found
in.pixiverse.user.management.securetag.db.entity.QRCode,6680def398c9713daae37b23,6680deee98c9713daae37ac8,2024,Qtr 2,June,30,a1034d9a-1051-7074-049c-fb99233de741,6680de3b98c9713daae37ac7,2024,Qtr 2,June,30,a1034d9a-1051-7074-049c-fb99233de741,RXZ0K6,URL,https://app.securetag.in/found
in.pixiverse.user.management.securetag.db.entity.QRCode,6680def398c9713daae37b24,6680deee98c9713daae37ac8,2024,Qtr 2,June,30,a1034d9a-1051-7074-049c-fb99233de741,6680de3b98c9713daae37ac7,2024,Qtr 2,June,30,a1034d9a-1051-7074-049c-fb99233de741,FQPSGL,URL,https://app.securetag.in/found
in.pixiverse.user.management.securetag.db.entity.QRCode,6680def398c9713daae37b25,6680deee98c9713daae37ac8,2024,Qtr 2,June,30,a1034d9a-1051-7074-049c-fb99233de741,6680de3b98c9713daae37ac7,2024,Qtr 2,June,30,a1034d9a-1051-7074-049c-fb99233de741,47YO1Z,URL,https://app.securetag.in/found
in.pixiverse.user.management.securetag.db.entity.QRCode,6680def398c9713daae37b26,6680deee98c9713daae37ac8,2024,Qtr 2,June,30,a1034d9a-1051-7074-049c-fb99233de741,6680de3b98c9713daae37ac7,2024,Qtr 2,June,30,a1034d9a-1051-7074-049c-fb99233de741,IDAJ0D,URL,https://app.securetag.in/found
in.pixiverse.user.management.securetag.db.entity.QRCode,6680def398c9713daae37b27,6680deee98c9713daae37ac8,2024,Qtr 2,June,30,a1034d9a-1051-7074-049c-fb99233de741,6680de3b98c9713daae37ac7,2024,Qtr 2,June,30,a1034d9a-1051-7074-049c-fb99233de741,DVOW5O,URL,https://app.securetag.in/found
in.pixiverse.user.management.securetag.db.entity.QRCode,6680def398c9713daae37b28,6680deee98c9713daae37ac8,2024,Qtr 2,June,30,a1034d9a-1051-7074-049c-fb99233de741,6680de3b98c9713daae37ac7,2024,Qtr 2,June,30,a1034d9a-1051-7074-049c-fb99233de741,YPBQLW,URL,https://app.securetag.in/found
in.pixiverse.user.management.securetag.db.entity.QRCode,6680def398c9713daae37b29,6680deee98c9713daae37ac8,2024,Qtr 2,June,30,a1034d9a-1051-7074-049c-fb99233de741,6680de3b98c9713daae37ac7,2024,Qtr 2,June,30,a1034d9a-1051-7074-049c-fb99233de741,4NAB3Z,URL,https://app.securetag.in/found
in.pixiverse.user.management.securetag.db.entity.QRCode,6680def398c9713daae37b2a,6680deee98c9713daae37ac8,2024,Qtr 2,June,30,a1034d9a-1051-7074-049c-fb99233de741,6680de3b98c9713daae37ac7,2024,Qtr 2,June,30,a1034d9a-1051-7074-049c-fb99233de741,8604TQ,URL,https://app.securetag.in/found
in.pixiverse.user.management.securetag.db.entity.QRCode,6680def398c9713daae37b2b,6680deee98c9713daae37ac8,2024,Qtr 2,June,30,a1034d9a-1051-7074-049c-fb99233de741,6680de3b98c9713daae37ac7,2024,Qtr 2,June,30,a1034d9a-1051-7074-049c-fb99233de741,SL5KMZ,URL,https://app.securetag.in/found
in.pixiverse.user.management.securetag.db.entity.QRCode,6680def398c9713daae37b2c,6680deee98c9713daae37ac8,2024,Qtr 2,June,30,a1034d9a-1051-7074-049c-fb99233de741,6680de3b98c9713daae37ac7,2024,Qtr 2,June,30,a1034d9a-1051-7074-049c-fb99233de741,EU8Z8Z,URL,https://app.securetag.in/found
in.pixiverse.user.management.securetag.db.entity.QRCode,6680def398c9713daae37b2d,6680deee98c9713daae37ac8,2024,Qtr 2,June,30,a1034d9a-1051-7074-049c-fb99233de741,6680de3b98c9713daae37ac7,2024,Qtr 2,June,30,a1034d9a-1051-7074-049c-fb99233de741,YRKCFK,URL,https://app.securetag.in/found
in.pixiverse.user.management.securetag.db.entity.QRCode,6680def398c9713daae37b2e,6680deee98c9713daae37ac8,2024,Qtr 2,June,30,a1034d9a-1051-7074-049c-fb99233de741,6680de3b98c9713daae37ac7,2024,Qtr 2,June,30,a1034d9a-1051-7074-049c-fb99233de741,LTPO54,URL,https://app.securetag.in/found
in.pixiverse.user.management.securetag.db.entity.QRCode,6680def398c9713daae37b2f,6680deee98c9713daae37ac8,2024,Qtr 2,June,30,a1034d9a-1051-7074-049c-fb99233de741,6680de3b98c9713daae37ac7,2024,Qtr 2,June,30,a1034d9a-1051-7074-049c-fb99233de741,11X6NZ,URL,https://app.securetag.in/found
in.pixiverse.user.management.securetag.db.entity.QRCode,6680def398c9713daae37b30,6680deee98c9713daae37ac8,2024,Qtr 2,June,30,a1034d9a-1051-7074-049c-fb99233de741,6680de3b98c9713daae37ac7,2024,Qtr 2,June,30,a1034d9a-1051-7074-049c-fb99233de741,TIEHKA,URL,https://app.securetag.in/found
in.pixiverse.user.management.securetag.db.entity.QRCode,6680def398c9713daae37b31,6680deee98c9713daae37ac8,2024,Qtr 2,June,30,a1034d9a-1051-7074-049c-fb99233de741,6680de3b98c9713daae37ac7,2024,Qtr 2,June,30,a1034d9a-1051-7074-049c-fb99233de741,GB9H9K,URL,https://app.securetag.in/found
in.pixiverse.user.management.securetag.db.entity.QRCode,6680def398c9713daae37b32,6680deee98c9713daae37ac8,2024,Qtr 2,June,30,a1034d9a-1051-7074-049c-fb99233de741,6680de3b98c9713daae37ac7,2024,Qtr 2,June,30,a1034d9a-1051-7074-049c-fb99233de741,HJXFP8,URL,https://app.securetag.in/found
in.pixiverse.user.management.securetag.db.entity.QRCode,6680def398c9713daae37b33,6680deee98c9713daae37ac8,2024,Qtr 2,June,30,a1034d9a-1051-7074-049c-fb99233de741,6680de3b98c9713daae37ac7,2024,Qtr 2,June,30,a1034d9a-1051-7074-049c-fb99233de741,Z3WHQB,URL,https://app.securetag.in/found
in.pixiverse.user.management.securetag.db.entity.QRCode,6680def398c9713daae37b34,6680deee98c9713daae37ac8,2024,Qtr 2,June,30,a1034d9a-1051-7074-049c-fb99233de741,6680de3b98c9713daae37ac7,2024,Qtr 2,June,30,a1034d9a-1051-7074-049c-fb99233de741,5PQUQ2,URL,https://app.securetag.in/found
in.pixiverse.user.management.securetag.db.entity.QRCode,6680def398c9713daae37b35,6680deee98c9713daae37ac8,2024,Qtr 2,June,30,a1034d9a-1051-7074-049c-fb99233de741,6680de3b98c9713daae37ac7,2024,Qtr 2,June,30,a1034d9a-1051-7074-049c-fb99233de741,EUZ7WP,URL,https://app.securetag.in/found
in.pixiverse.user.management.securetag.db.entity.QRCode,6680def398c9713daae37b36,6680deee98c9713daae37ac8,2024,Qtr 2,June,30,a1034d9a-1051-7074-049c-fb99233de741,6680de3b98c9713daae37ac7,2024,Qtr 2,June,30,a1034d9a-1051-7074-049c-fb99233de741,NVU6QY,URL,https://app.securetag.in/found
in.pixiverse.user.management.securetag.db.entity.QRCode,6680def398c9713daae37b37,6680deee98c9713daae37ac8,2024,Qtr 2,June,30,a1034d9a-1051-7074-049c-fb99233de741,6680de3b98c9713daae37ac7,2024,Qtr 2,June,30,a1034d9a-1051-7074-049c-fb99233de741,GAWU7Q,URL,https://app.securetag.in/found
in.pixiverse.user.management.securetag.db.entity.QRCode,6680def398c9713daae37b38,6680deee98c9713daae37ac8,2024,Qtr 2,June,30,a1034d9a-1051-7074-049c-fb99233de741,6680de3b98c9713daae37ac7,2024,Qtr 2,June,30,a1034d9a-1051-7074-049c-fb99233de741,J45IZJ,URL,https://app.securetag.in/found
in.pixiverse.user.management.securetag.db.entity.QRCode,6680def398c9713daae37b39,6680deee98c9713daae37ac8,2024,Qtr 2,June,30,a1034d9a-1051-7074-049c-fb99233de741,6680de3b98c9713daae37ac7,2024,Qtr 2,June,30,a1034d9a-1051-7074-049c-fb99233de741,7WJKTJ,URL,https://app.securetag.in/found
in.pixiverse.user.management.securetag.db.entity.QRCode,6680def398c9713daae37b3a,6680deee98c9713daae37ac8,2024,Qtr 2,June,30,a1034d9a-1051-7074-049c-fb99233de741,6680de3b98c9713daae37ac7,2024,Qtr 2,June,30,a1034d9a-1051-7074-049c-fb99233de741,XWUB38,URL,https://app.securetag.in/found
in.pixiverse.user.management.securetag.db.entity.QRCode,6680def398c9713daae37b3b,6680deee98c9713daae37ac8,2024,Qtr 2,June,30,a1034d9a-1051-7074-049c-fb99233de741,6680de3b98c9713daae37ac7,2024,Qtr 2,June,30,a1034d9a-1051-7074-049c-fb99233de741,OUN7BP,URL,https://app.securetag.in/found
in.pixiverse.user.management.securetag.db.entity.QRCode,6680def398c9713daae37b3c,6680deee98c9713daae37ac8,2024,Qtr 2,June,30,a1034d9a-1051-7074-049c-fb99233de741,6680de3b98c9713daae37ac7,2024,Qtr 2,June,30,a1034d9a-1051-7074-049c-fb99233de741,UKICYL,URL,https://app.securetag.in/found
in.pixiverse.user.management.securetag.db.entity.QRCode,6680def398c9713daae37b3d,6680deee98c9713daae37ac8,2024,Qtr 2,June,30,a1034d9a-1051-7074-049c-fb99233de741,6680de3b98c9713daae37ac7,2024,Qtr 2,June,30,a1034d9a-1051-7074-049c-fb99233de741,Y2AU2E,URL,https://app.securetag.in/found
in.pixiverse.user.management.securetag.db.entity.QRCode,6680def398c9713daae37b3e,6680deee98c9713daae37ac8,2024,Qtr 2,June,30,a1034d9a-1051-7074-049c-fb99233de741,6680de3b98c9713daae37ac7,2024,Qtr 2,June,30,a1034d9a-1051-7074-049c-fb99233de741,GMLGI8,URL,https://app.securetag.in/found
in.pixiverse.user.management.securetag.db.entity.QRCode,6680def398c9713daae37b3f,6680deee98c9713daae37ac8,2024,Qtr 2,June,30,a1034d9a-1051-7074-049c-fb99233de741,6680de3b98c9713daae37ac7,2024,Qtr 2,June,30,a1034d9a-1051-7074-049c-fb99233de741,QKVCUQ,URL,https://app.securetag.in/found
in.pixiverse.user.management.securetag.db.entity.QRCode,6680def398c9713daae37b40,6680deee98c9713daae37ac8,2024,Qtr 2,June,30,a1034d9a-1051-7074-049c-fb99233de741,6680de3b98c9713daae37ac7,2024,Qtr 2,June,30,a1034d9a-1051-7074-049c-fb99233de741,2PI6AA,URL,https://app.securetag.in/found
in.pixiverse.user.management.securetag.db.entity.QRCode,6680def398c9713daae37b41,6680deee98c9713daae37ac8,2024,Qtr 2,June,30,a1034d9a-1051-7074-049c-fb99233de741,6680de3b98c9713daae37ac7,2024,Qtr 2,June,30,a1034d9a-1051-7074-049c-fb99233de741,74OLTW,URL,https://app.securetag.in/found
in.pixiverse.user.management.securetag.db.entity.QRCode,6680def398c9713daae37b42,6680deee98c9713daae37ac8,2024,Qtr 2,June,30,a1034d9a-1051-7074-049c-fb99233de741,6680de3b98c9713daae37ac7,2024,Qtr 2,June,30,a1034d9a-1051-7074-049c-fb99233de741,5MC3ED,URL,https://app.securetag.in/found
in.pixiverse.user.management.securetag.db.entity.QRCode,6680def398c9713daae37b43,6680deee98c9713daae37ac8,2024,Qtr 2,June,30,a1034d9a-1051-7074-049c-fb99233de741,6680de3b98c9713daae37ac7,2024,Qtr 2,June,30,a1034d9a-1051-7074-049c-fb99233de741,QV4W49,URL,https://app.securetag.in/found
in.pixiverse.user.management.securetag.db.entity.QRCode,6680def398c9713daae37b44,6680deee98c9713daae37ac8,2024,Qtr 2,June,30,a1034d9a-1051-7074-049c-fb99233de741,6680de3b98c9713daae37ac7,2024,Qtr 2,June,30,a1034d9a-1051-7074-049c-fb99233de741,OBHC9Q,URL,https://app.securetag.in/found
in.pixiverse.user.management.securetag.db.entity.QRCode,6680def398c9713daae37b45,6680deee98c9713daae37ac8,2024,Qtr 2,June,30,a1034d9a-1051-7074-049c-fb99233de741,6680de3b98c9713daae37ac7,2024,Qtr 2,June,30,a1034d9a-1051-7074-049c-fb99233de741,8EQO4V,URL,https://app.securetag.in/found
in.pixiverse.user.management.securetag.db.entity.QRCode,6680def398c9713daae37b46,6680deee98c9713daae37ac8,2024,Qtr 2,June,30,a1034d9a-1051-7074-049c-fb99233de741,6680de3b98c9713daae37ac7,2024,Qtr 2,June,30,a1034d9a-1051-7074-049c-fb99233de741,2H7KUJ,URL,https://app.securetag.in/found
in.pixiverse.user.management.securetag.db.entity.QRCode,6680def398c9713daae37b47,6680deee98c9713daae37ac8,2024,Qtr 2,June,30,a1034d9a-1051-7074-049c-fb99233de741,6680de3b98c9713daae37ac7,2024,Qtr 2,June,30,a1034d9a-1051-7074-049c-fb99233de741,H3JJ9S,URL,https://app.securetag.in/found
in.pixiverse.user.management.securetag.db.entity.QRCode,6680def398c9713daae37b48,6680deee98c9713daae37ac8,2024,Qtr 2,June,30,a1034d9a-1051-7074-049c-fb99233de741,6680de3b98c9713daae37ac7,2024,Qtr 2,June,30,a1034d9a-1051-7074-049c-fb99233de741,44W5AK,URL,https://app.securetag.in/found
in.pixiverse.user.management.securetag.db.entity.QRCode,6680def398c9713daae37b49,6680deee98c9713daae37ac8,2024,Qtr 2,June,30,a1034d9a-1051-7074-049c-fb99233de741,6680de3b98c9713daae37ac7,2024,Qtr 2,June,30,a1034d9a-1051-7074-049c-fb99233de741,HG7SJF,URL,https://app.securetag.in/found
in.pixiverse.user.management.securetag.db.entity.QRCode,6680def398c9713daae37b4a,6680deee98c9713daae37ac8,2024,Qtr 2,June,30,a1034d9a-1051-7074-049c-fb99233de741,6680de3b98c9713daae37ac7,2024,Qtr 2,June,30,a1034d9a-1051-7074-049c-fb99233de741,0XR9YA,URL,https://app.securetag.in/found
in.pixiverse.user.management.securetag.db.entity.QRCode,6680def398c9713daae37b4b,6680deee98c9713daae37ac8,2024,Qtr 2,June,30,a1034d9a-1051-7074-049c-fb99233de741,6680de3b98c9713daae37ac7,2024,Qtr 2,June,30,a1034d9a-1051-7074-049c-fb99233de741,WJ23RU,URL,https://app.securetag.in/found
in.pixiverse.user.management.securetag.db.entity.QRCode,6680def398c9713daae37b4c,6680deee98c9713daae37ac8,2024,Qtr 2,June,30,a1034d9a-1051-7074-049c-fb99233de741,6680de3b98c9713daae37ac7,2024,Qtr 2,June,30,a1034d9a-1051-7074-049c-fb99233de741,XXK1SD,URL,https://app.securetag.in/found
in.pixiverse.user.management.securetag.db.entity.QRCode,6680def398c9713daae37b4d,6680deee98c9713daae37ac8,2024,Qtr 2,June,30,a1034d9a-1051-7074-049c-fb99233de741,6680de3b98c9713daae37ac7,2024,Qtr 2,June,30,a1034d9a-1051-7074-049c-fb99233de741,3KPGZV,URL,https://app.securetag.in/found
in.pixiverse.user.management.securetag.db.entity.QRCode,6680def398c9713daae37b4e,6680deee98c9713daae37ac8,2024,Qtr 2,June,30,a1034d9a-1051-7074-049c-fb99233de741,6680de3b98c9713daae37ac7,2024,Qtr 2,June,30,a1034d9a-1051-7074-049c-fb99233de741,QTZS1P,URL,https://app.securetag.in/found
in.pixiverse.user.management.securetag.db.entity.QRCode,6680def398c9713daae37b4f,6680deee98c9713daae37ac8,2024,Qtr 2,June,30,a1034d9a-1051-7074-049c-fb99233de741,6680de3b98c9713daae37ac7,2024,Qtr 2,June,30,a1034d9a-1051-7074-049c-fb99233de741,ZMICR4,URL,https://app.securetag.in/found
in.pixiverse.user.management.securetag.db.entity.QRCode,6680def398c9713daae37b50,6680deee98c9713daae37ac8,2024,Qtr 2,June,30,a1034d9a-1051-7074-049c-fb99233de741,6680de3b98c9713daae37ac7,2024,Qtr 2,June,30,a1034d9a-1051-7074-049c-fb99233de741,F0FD3F,URL,https://app.securetag.in/found
in.pixiverse.user.management.securetag.db.entity.QRCode,6680def398c9713daae37b51,6680deee98c9713daae37ac8,2024,Qtr 2,June,30,a1034d9a-1051-7074-049c-fb99233de741,6680de3b98c9713daae37ac7,2024,Qtr 2,June,30,a1034d9a-1051-7074-049c-fb99233de741,FGWXD7,URL,https://app.securetag.in/found
in.pixiverse.user.management.securetag.db.entity.QRCode,6680def398c9713daae37b52,6680deee98c9713daae37ac8,2024,Qtr 2,June,30,a1034d9a-1051-7074-049c-fb99233de741,6680de3b98c9713daae37ac7,2024,Qtr 2,June,30,a1034d9a-1051-7074-049c-fb99233de741,32JBSV,URL,https://app.securetag.in/found
in.pixiverse.user.management.securetag.db.entity.QRCode,6680def398c9713daae37b53,6680deee98c9713daae37ac8,2024,Qtr 2,June,30,a1034d9a-1051-7074-049c-fb99233de741,6680de3b98c9713daae37ac7,2024,Qtr 2,June,30,a1034d9a-1051-7074-049c-fb99233de741,XXQ0VO,URL,https://app.securetag.in/found
in.pixiverse.user.management.securetag.db.entity.QRCode,6680def398c9713daae37b54,6680deee98c9713daae37ac8,2024,Qtr 2,June,30,a1034d9a-1051-7074-049c-fb99233de741,6680de3b98c9713daae37ac7,2024,Qtr 2,June,30,a1034d9a-1051-7074-049c-fb99233de741,G2TEZX,URL,https://app.securetag.in/found
in.pixiverse.user.management.securetag.db.entity.QRCode,6680def398c9713daae37b55,6680deee98c9713daae37ac8,2024,Qtr 2,June,30,a1034d9a-1051-7074-049c-fb99233de741,6680de3b98c9713daae37ac7,2024,Qtr 2,June,30,a1034d9a-1051-7074-049c-fb99233de741,6MDD37,URL,https://app.securetag.in/found
in.pixiverse.user.management.securetag.db.entity.QRCode,6680def398c9713daae37b56,6680deee98c9713daae37ac8,2024,Qtr 2,June,30,a1034d9a-1051-7074-049c-fb99233de741,6680de3b98c9713daae37ac7,2024,Qtr 2,June,30,a1034d9a-1051-7074-049c-fb99233de741,1KTEOJ,URL,https://app.securetag.in/found
in.pixiverse.user.management.securetag.db.entity.QRCode,6680def398c9713daae37b57,6680deee98c9713daae37ac8,2024,Qtr 2,June,30,a1034d9a-1051-7074-049c-fb99233de741,6680de3b98c9713daae37ac7,2024,Qtr 2,June,30,a1034d9a-1051-7074-049c-fb99233de741,SSBAEE,URL,https://app.securetag.in/found
in.pixiverse.user.management.securetag.db.entity.QRCode,6680def398c9713daae37b58,6680deee98c9713daae37ac8,2024,Qtr 2,June,30,a1034d9a-1051-7074-049c-fb99233de741,6680de3b98c9713daae37ac7,2024,Qtr 2,June,30,a1034d9a-1051-7074-049c-fb99233de741,Y66AOI,URL,https://app.securetag.in/found
in.pixiverse.user.management.securetag.db.entity.QRCode,6680def398c9713daae37b59,6680deee98c9713daae37ac8,2024,Qtr 2,June,30,a1034d9a-1051-7074-049c-fb99233de741,6680de3b98c9713daae37ac7,2024,Qtr 2,June,30,a1034d9a-1051-7074-049c-fb99233de741,4VGW3T,URL,https://app.securetag.in/found
in.pixiverse.user.management.securetag.db.entity.QRCode,6680def398c9713daae37b5a,6680deee98c9713daae37ac8,2024,Qtr 2,June,30,a1034d9a-1051-7074-049c-fb99233de741,6680de3b98c9713daae37ac7,2024,Qtr 2,June,30,a1034d9a-1051-7074-049c-fb99233de741,IKXA0P,URL,https://app.securetag.in/found
in.pixiverse.user.management.securetag.db.entity.QRCode,6680def398c9713daae37b5b,6680deee98c9713daae37ac8,2024,Qtr 2,June,30,a1034d9a-1051-7074-049c-fb99233de741,6680de3b98c9713daae37ac7,2024,Qtr 2,June,30,a1034d9a-1051-7074-049c-fb99233de741,01YF41,URL,https://app.securetag.in/found
in.pixiverse.user.management.securetag.db.entity.QRCode,6680def398c9713daae37b5c,6680deee98c9713daae37ac8,2024,Qtr 2,June,30,a1034d9a-1051-7074-049c-fb99233de741,6680de3b98c9713daae37ac7,2024,Qtr 2,June,30,a1034d9a-1051-7074-049c-fb99233de741,1UUPH7,URL,https://app.securetag.in/found
in.pixiverse.user.management.securetag.db.entity.QRCode,6680def398c9713daae37b5d,6680deee98c9713daae37ac8,2024,Qtr 2,June,30,a1034d9a-1051-7074-049c-fb99233de741,6680de3b98c9713daae37ac7,2024,Qtr 2,June,30,a1034d9a-1051-7074-049c-fb99233de741,P7AZ53,URL,https://app.securetag.in/found
in.pixiverse.user.management.securetag.db.entity.QRCode,6680def398c9713daae37b5e,6680deee98c9713daae37ac8,2024,Qtr 2,June,30,a1034d9a-1051-7074-049c-fb99233de741,6680de3b98c9713daae37ac7,2024,Qtr 2,June,30,a1034d9a-1051-7074-049c-fb99233de741,U2BISA,URL,https://app.securetag.in/found
in.pixiverse.user.management.securetag.db.entity.QRCode,6680def398c9713daae37b5f,6680deee98c9713daae37ac8,2024,Qtr 2,June,30,a1034d9a-1051-7074-049c-fb99233de741,6680de3b98c9713daae37ac7,2024,Qtr 2,June,30,a1034d9a-1051-7074-049c-fb99233de741,YBUP6Q,URL,https://app.securetag.in/found
in.pixiverse.user.management.securetag.db.entity.QRCode,6680def398c9713daae37b60,6680deee98c9713daae37ac8,2024,Qtr 2,June,30,a1034d9a-1051-7074-049c-fb99233de741,6680de3b98c9713daae37ac7,2024,Qtr 2,June,30,a1034d9a-1051-7074-049c-fb99233de741,59FS7P,URL,https://app.securetag.in/found
in.pixiverse.user.management.securetag.db.entity.QRCode,6680def398c9713daae37b61,6680deee98c9713daae37ac8,2024,Qtr 2,June,30,a1034d9a-1051-7074-049c-fb99233de741,6680de3b98c9713daae37ac7,2024,Qtr 2,June,30,a1034d9a-1051-7074-049c-fb99233de741,RX84QR,URL,https://app.securetag.in/found
in.pixiverse.user.management.securetag.db.entity.QRCode,6680def398c9713daae37b62,6680deee98c9713daae37ac8,2024,Qtr 2,June,30,a1034d9a-1051-7074-049c-fb99233de741,6680de3b98c9713daae37ac7,2024,Qtr 2,June,30,a1034d9a-1051-7074-049c-fb99233de741,B14HLE,URL,https://app.securetag.in/found
in.pixiverse.user.management.securetag.db.entity.QRCode,6680def398c9713daae37b63,6680deee98c9713daae37ac8,2024,Qtr 2,June,30,a1034d9a-1051-7074-049c-fb99233de741,6680de3b98c9713daae37ac7,2024,Qtr 2,June,30,a1034d9a-1051-7074-049c-fb99233de741,8EK4V9,URL,https://app.securetag.in/found
in.pixiverse.user.management.securetag.db.entity.QRCode,6680def398c9713daae37b64,6680deee98c9713daae37ac8,2024,Qtr 2,June,30,a1034d9a-1051-7074-049c-fb99233de741,6680de3b98c9713daae37ac7,2024,Qtr 2,June,30,a1034d9a-1051-7074-049c-fb99233de741,54XNJK,URL,https://app.securetag.in/found
in.pixiverse.user.management.securetag.db.entity.QRCode,6680def398c9713daae37b65,6680deee98c9713daae37ac8,2024,Qtr 2,June,30,a1034d9a-1051-7074-049c-fb99233de741,6680de3b98c9713daae37ac7,2024,Qtr 2,June,30,a1034d9a-1051-7074-049c-fb99233de741,K8Y3GL,URL,https://app.securetag.in/found
in.pixiverse.user.management.securetag.db.entity.QRCode,6680def398c9713daae37b66,6680deee98c9713daae37ac8,2024,Qtr 2,June,30,a1034d9a-1051-7074-049c-fb99233de741,6680de3b98c9713daae37ac7,2024,Qtr 2,June,30,a1034d9a-1051-7074-049c-fb99233de741,PPH7X5,URL,https://app.securetag.in/found
in.pixiverse.user.management.securetag.db.entity.QRCode,6680def398c9713daae37b67,6680deee98c9713daae37ac8,2024,Qtr 2,June,30,a1034d9a-1051-7074-049c-fb99233de741,6680de3b98c9713daae37ac7,2024,Qtr 2,June,30,a1034d9a-1051-7074-049c-fb99233de741,4KJAY3,URL,https://app.securetag.in/found
in.pixiverse.user.management.securetag.db.entity.QRCode,6680def398c9713daae37b68,6680deee98c9713daae37ac8,2024,Qtr 2,June,30,a1034d9a-1051-7074-049c-fb99233de741,6680de3b98c9713daae37ac7,2024,Qtr 2,June,30,a1034d9a-1051-7074-049c-fb99233de741,VVRRLG,URL,https://app.securetag.in/found
in.pixiverse.user.management.securetag.db.entity.QRCode,6680def398c9713daae37b69,6680deee98c9713daae37ac8,2024,Qtr 2,June,30,a1034d9a-1051-7074-049c-fb99233de741,6680de3b98c9713daae37ac7,2024,Qtr 2,June,30,a1034d9a-1051-7074-049c-fb99233de741,0AA44Z,URL,https://app.securetag.in/found
in.pixiverse.user.management.securetag.db.entity.QRCode,6680def398c9713daae37b6a,6680deee98c9713daae37ac8,2024,Qtr 2,June,30,a1034d9a-1051-7074-049c-fb99233de741,6680de3b98c9713daae37ac7,2024,Qtr 2,June,30,a1034d9a-1051-7074-049c-fb99233de741,K7RA1S,URL,https://app.securetag.in/found
in.pixiverse.user.management.securetag.db.entity.QRCode,6680def398c9713daae37b6b,6680deee98c9713daae37ac8,2024,Qtr 2,June,30,a1034d9a-1051-7074-049c-fb99233de741,6680de3b98c9713daae37ac7,2024,Qtr 2,June,30,a1034d9a-1051-7074-049c-fb99233de741,U46X39,URL,https://app.securetag.in/found
in.pixiverse.user.management.securetag.db.entity.QRCode,6680def398c9713daae37b6c,6680deee98c9713daae37ac8,2024,Qtr 2,June,30,a1034d9a-1051-7074-049c-fb99233de741,6680de3b98c9713daae37ac7,2024,Qtr 2,June,30,a1034d9a-1051-7074-049c-fb99233de741,3EWNY6,URL,https://app.securetag.in/found
in.pixiverse.user.management.securetag.db.entity.QRCode,6680def398c9713daae37b6d,6680deee98c9713daae37ac8,2024,Qtr 2,June,30,a1034d9a-1051-7074-049c-fb99233de741,6680de3b98c9713daae37ac7,2024,Qtr 2,June,30,a1034d9a-1051-7074-049c-fb99233de741,LH0J9M,URL,https://app.securetag.in/found
in.pixiverse.user.management.securetag.db.entity.QRCode,6680def398c9713daae37b6e,6680deee98c9713daae37ac8,2024,Qtr 2,June,30,a1034d9a-1051-7074-049c-fb99233de741,6680de3b98c9713daae37ac7,2024,Qtr 2,June,30,a1034d9a-1051-7074-049c-fb99233de741,3AYREN,URL,https://app.securetag.in/found
in.pixiverse.user.management.securetag.db.entity.QRCode,6680def398c9713daae37b6f,6680deee98c9713daae37ac8,2024,Qtr 2,June,30,a1034d9a-1051-7074-049c-fb99233de741,6680de3b98c9713daae37ac7,2024,Qtr 2,June,30,a1034d9a-1051-7074-049c-fb99233de741,KPNARF,URL,https://app.securetag.in/found
in.pixiverse.user.management.securetag.db.entity.QRCode,6680def398c9713daae37b70,6680deee98c9713daae37ac8,2024,Qtr 2,June,30,a1034d9a-1051-7074-049c-fb99233de741,6680de3b98c9713daae37ac7,2024,Qtr 2,June,30,a1034d9a-1051-7074-049c-fb99233de741,WPULVG,URL,https://app.securetag.in/found
in.pixiverse.user.management.securetag.db.entity.QRCode,6680def398c9713daae37b71,6680deee98c9713daae37ac8,2024,Qtr 2,June,30,a1034d9a-1051-7074-049c-fb99233de741,6680de3b98c9713daae37ac7,2024,Qtr 2,June,30,a1034d9a-1051-7074-049c-fb99233de741,UCTP6O,URL,https://app.securetag.in/found
in.pixiverse.user.management.securetag.db.entity.QRCode,6680def398c9713daae37b72,6680deee98c9713daae37ac8,2024,Qtr 2,June,30,a1034d9a-1051-7074-049c-fb99233de741,6680de3b98c9713daae37ac7,2024,Qtr 2,June,30,a1034d9a-1051-7074-049c-fb99233de741,DKG68Q,URL,https://app.securetag.in/found
in.pixiverse.user.management.securetag.db.entity.QRCode,6680def398c9713daae37b73,6680deee98c9713daae37ac8,2024,Qtr 2,June,30,a1034d9a-1051-7074-049c-fb99233de741,6680de3b98c9713daae37ac7,2024,Qtr 2,June,30,a1034d9a-1051-7074-049c-fb99233de741,R4SKVF,URL,https://app.securetag.in/found
in.pixiverse.user.management.securetag.db.entity.QRCode,6680def398c9713daae37b74,6680deee98c9713daae37ac8,2024,Qtr 2,June,30,a1034d9a-1051-7074-049c-fb99233de741,6680de3b98c9713daae37ac7,2024,Qtr 2,June,30,a1034d9a-1051-7074-049c-fb99233de741,HGFFCU,URL,https://app.securetag.in/found
in.pixiverse.user.management.securetag.db.entity.QRCode,6680def398c9713daae37b75,6680deee98c9713daae37ac8,2024,Qtr 2,June,30,a1034d9a-1051-7074-049c-fb99233de741,6680de3b98c9713daae37ac7,2024,Qtr 2,June,30,a1034d9a-1051-7074-049c-fb99233de741,4D2KAB,URL,https://app.securetag.in/found
in.pixiverse.user.management.securetag.db.entity.QRCode,6680def398c9713daae37b76,6680deee98c9713daae37ac8,2024,Qtr 2,June,30,a1034d9a-1051-7074-049c-fb99233de741,6680de3b98c9713daae37ac7,2024,Qtr 2,June,30,a1034d9a-1051-7074-049c-fb99233de741,WG0V08,URL,https://app.securetag.in/found
in.pixiverse.user.management.securetag.db.entity.QRCode,6680def398c9713daae37b77,6680deee98c9713daae37ac8,2024,Qtr 2,June,30,a1034d9a-1051-7074-049c-fb99233de741,6680de3b98c9713daae37ac7,2024,Qtr 2,June,30,a1034d9a-1051-7074-049c-fb99233de741,FJ8TZW,URL,https://app.securetag.in/found
in.pixiverse.user.management.securetag.db.entity.QRCode,6680def398c9713daae37b78,6680deee98c9713daae37ac8,2024,Qtr 2,June,30,a1034d9a-1051-7074-049c-fb99233de741,6680de3b98c9713daae37ac7,2024,Qtr 2,June,30,a1034d9a-1051-7074-049c-fb99233de741,NBQ4G7,URL,https://app.securetag.in/found
in.pixiverse.user.management.securetag.db.entity.QRCode,6680def398c9713daae37b79,6680deee98c9713daae37ac8,2024,Qtr 2,June,30,a1034d9a-1051-7074-049c-fb99233de741,6680de3b98c9713daae37ac7,2024,Qtr 2,June,30,a1034d9a-1051-7074-049c-fb99233de741,9LH27U,URL,https://app.securetag.in/found
in.pixiverse.user.management.securetag.db.entity.QRCode,6680def398c9713daae37b7a,6680deee98c9713daae37ac8,2024,Qtr 2,June,30,a1034d9a-1051-7074-049c-fb99233de741,6680de3b98c9713daae37ac7,2024,Qtr 2,June,30,a1034d9a-1051-7074-049c-fb99233de741,M4JLTC,URL,https://app.securetag.in/found
in.pixiverse.user.management.securetag.db.entity.QRCode,6680def398c9713daae37b7b,6680deee98c9713daae37ac8,2024,Qtr 2,June,30,a1034d9a-1051-7074-049c-fb99233de741,6680de3b98c9713daae37ac7,2024,Qtr 2,June,30,a1034d9a-1051-7074-049c-fb99233de741,UHFSBY,URL,https://app.securetag.in/found
in.pixiverse.user.management.securetag.db.entity.QRCode,6680def398c9713daae37b7c,6680deee98c9713daae37ac8,2024,Qtr 2,June,30,a1034d9a-1051-7074-049c-fb99233de741,6680de3b98c9713daae37ac7,2024,Qtr 2,June,30,a1034d9a-1051-7074-049c-fb99233de741,R34NMI,URL,https://app.securetag.in/found
in.pixiverse.user.management.securetag.db.entity.QRCode,6680def398c9713daae37b7d,6680deee98c9713daae37ac8,2024,Qtr 2,June,30,a1034d9a-1051-7074-049c-fb99233de741,6680de3b98c9713daae37ac7,2024,Qtr 2,June,30,a1034d9a-1051-7074-049c-fb99233de741,92RWDD,URL,https://app.securetag.in/found
in.pixiverse.user.management.securetag.db.entity.QRCode,6680def398c9713daae37b7e,6680deee98c9713daae37ac8,2024,Qtr 2,June,30,a1034d9a-1051-7074-049c-fb99233de741,6680de3b98c9713daae37ac7,2024,Qtr 2,June,30,a1034d9a-1051-7074-049c-fb99233de741,NJEHNC,URL,https://app.securetag.in/found
in.pixiverse.user.management.securetag.db.entity.QRCode,6680def398c9713daae37b7f,6680deee98c9713daae37ac8,2024,Qtr 2,June,30,a1034d9a-1051-7074-049c-fb99233de741,6680de3b98c9713daae37ac7,2024,Qtr 2,June,30,a1034d9a-1051-7074-049c-fb99233de741,DAO7OE,URL,https://app.securetag.in/found
in.pixiverse.user.management.securetag.db.entity.QRCode,6680def398c9713daae37b80,6680deee98c9713daae37ac8,2024,Qtr 2,June,30,a1034d9a-1051-7074-049c-fb99233de741,6680de3b98c9713daae37ac7,2024,Qtr 2,June,30,a1034d9a-1051-7074-049c-fb99233de741,7Y85XH,URL,https://app.securetag.in/found
in.pixiverse.user.management.securetag.db.entity.QRCode,6680def398c9713daae37b81,6680deee98c9713daae37ac8,2024,Qtr 2,June,30,a1034d9a-1051-7074-049c-fb99233de741,6680de3b98c9713daae37ac7,2024,Qtr 2,June,30,a1034d9a-1051-7074-049c-fb99233de741,4O17GT,URL,https://app.securetag.in/found
in.pixiverse.user.management.securetag.db.entity.QRCode,6680def398c9713daae37b82,6680deee98c9713daae37ac8,2024,Qtr 2,June,30,a1034d9a-1051-7074-049c-fb99233de741,6680de3b98c9713daae37ac7,2024,Qtr 2,June,30,a1034d9a-1051-7074-049c-fb99233de741,TEXRZ7,URL,https://app.securetag.in/found
in.pixiverse.user.management.securetag.db.entity.QRCode,6680def398c9713daae37b83,6680deee98c9713daae37ac8,2024,Qtr 2,June,30,a1034d9a-1051-7074-049c-fb99233de741,6680de3b98c9713daae37ac7,2024,Qtr 2,June,30,a1034d9a-1051-7074-049c-fb99233de741,XP76ZP,URL,https://app.securetag.in/found
in.pixiverse.user.management.securetag.db.entity.QRCode,6680def398c9713daae37b84,6680deee98c9713daae37ac8,2024,Qtr 2,June,30,a1034d9a-1051-7074-049c-fb99233de741,6680de3b98c9713daae37ac7,2024,Qtr 2,June,30,a1034d9a-1051-7074-049c-fb99233de741,75V3GF,URL,https://app.securetag.in/found
in.pixiverse.user.management.securetag.db.entity.QRCode,6680def398c9713daae37b85,6680deee98c9713daae37ac8,2024,Qtr 2,June,30,a1034d9a-1051-7074-049c-fb99233de741,6680de3b98c9713daae37ac7,2024,Qtr 2,June,30,a1034d9a-1051-7074-049c-fb99233de741,PZU0S7,URL,https://app.securetag.in/found
in.pixiverse.user.management.securetag.db.entity.QRCode,6680def398c9713daae37b86,6680deee98c9713daae37ac8,2024,Qtr 2,June,30,a1034d9a-1051-7074-049c-fb99233de741,6680de3b98c9713daae37ac7,2024,Qtr 2,June,30,a1034d9a-1051-7074-049c-fb99233de741,HI9Y3E,URL,https://app.securetag.in/found
in.pixiverse.user.management.securetag.db.entity.QRCode,6680def398c9713daae37b87,6680deee98c9713daae37ac8,2024,Qtr 2,June,30,a1034d9a-1051-7074-049c-fb99233de741,6680de3b98c9713daae37ac7,2024,Qtr 2,June,30,a1034d9a-1051-7074-049c-fb99233de741,G5X0N4,URL,https://app.securetag.in/found
in.pixiverse.user.management.securetag.db.entity.QRCode,6680def398c9713daae37b88,6680deee98c9713daae37ac8,2024,Qtr 2,June,30,a1034d9a-1051-7074-049c-fb99233de741,6680de3b98c9713daae37ac7,2024,Qtr 2,June,30,a1034d9a-1051-7074-049c-fb99233de741,WZJKJZ,URL,https://app.securetag.in/found
in.pixiverse.user.management.securetag.db.entity.QRCode,6680def398c9713daae37b89,6680deee98c9713daae37ac8,2024,Qtr 2,June,30,a1034d9a-1051-7074-049c-fb99233de741,6680de3b98c9713daae37ac7,2024,Qtr 2,June,30,a1034d9a-1051-7074-049c-fb99233de741,2V14GL,URL,https://app.securetag.in/found
in.pixiverse.user.management.securetag.db.entity.QRCode,6680def398c9713daae37b8a,6680deee98c9713daae37ac8,2024,Qtr 2,June,30,a1034d9a-1051-7074-049c-fb99233de741,6680de3b98c9713daae37ac7,2024,Qtr 2,June,30,a1034d9a-1051-7074-049c-fb99233de741,LRICGX,URL,https://app.securetag.in/found
in.pixiverse.user.management.securetag.db.entity.QRCode,6680def398c9713daae37b8b,6680deee98c9713daae37ac8,2024,Qtr 2,June,30,a1034d9a-1051-7074-049c-fb99233de741,6680de3b98c9713daae37ac7,2024,Qtr 2,June,30,a1034d9a-1051-7074-049c-fb99233de741,VF74MV,URL,https://app.securetag.in/found
in.pixiverse.user.management.securetag.db.entity.QRCode,6680def398c9713daae37b8c,6680deee98c9713daae37ac8,2024,Qtr 2,June,30,a1034d9a-1051-7074-049c-fb99233de741,6680de3b98c9713daae37ac7,2024,Qtr 2,June,30,a1034d9a-1051-7074-049c-fb99233de741,4BXLKZ,URL,https://app.securetag.in/found
in.pixiverse.user.management.securetag.db.entity.QRCode,6680def398c9713daae37b8d,6680deee98c9713daae37ac8,2024,Qtr 2,June,30,a1034d9a-1051-7074-049c-fb99233de741,6680de3b98c9713daae37ac7,2024,Qtr 2,June,30,a1034d9a-1051-7074-049c-fb99233de741,1JB9ID,URL,https://app.securetag.in/found
in.pixiverse.user.management.securetag.db.entity.QRCode,6680def398c9713daae37b8e,6680deee98c9713daae37ac8,2024,Qtr 2,June,30,a1034d9a-1051-7074-049c-fb99233de741,6680de3b98c9713daae37ac7,2024,Qtr 2,June,30,a1034d9a-1051-7074-049c-fb99233de741,6O7M4J,URL,https://app.securetag.in/found
in.pixiverse.user.management.securetag.db.entity.QRCode,6680def398c9713daae37b8f,6680deee98c9713daae37ac8,2024,Qtr 2,June,30,a1034d9a-1051-7074-049c-fb99233de741,6680de3b98c9713daae37ac7,2024,Qtr 2,June,30,a1034d9a-1051-7074-049c-fb99233de741,M48NQI,URL,https://app.securetag.in/found
in.pixiverse.user.management.securetag.db.entity.QRCode,6680def398c9713daae37b90,6680deee98c9713daae37ac8,2024,Qtr 2,June,30,a1034d9a-1051-7074-049c-fb99233de741,6680de3b98c9713daae37ac7,2024,Qtr 2,June,30,a1034d9a-1051-7074-049c-fb99233de741,V8FA3S,URL,https://app.securetag.in/found
in.pixiverse.user.management.securetag.db.entity.QRCode,6680def398c9713daae37b91,6680deee98c9713daae37ac8,2024,Qtr 2,June,30,a1034d9a-1051-7074-049c-fb99233de741,6680de3b98c9713daae37ac7,2024,Qtr 2,June,30,a1034d9a-1051-7074-049c-fb99233de741,QVY59K,URL,https://app.securetag.in/found
in.pixiverse.user.management.securetag.db.entity.QRCode,6680def398c9713daae37b92,6680deee98c9713daae37ac8,2024,Qtr 2,June,30,a1034d9a-1051-7074-049c-fb99233de741,6680de3b98c9713daae37ac7,2024,Qtr 2,June,30,a1034d9a-1051-7074-049c-fb99233de741,RF1IQK,URL,https://app.securetag.in/found
in.pixiverse.user.management.securetag.db.entity.QRCode,6680def398c9713daae37b93,6680deee98c9713daae37ac8,2024,Qtr 2,June,30,a1034d9a-1051-7074-049c-fb99233de741,6680de3b98c9713daae37ac7,2024,Qtr 2,June,30,a1034d9a-1051-7074-049c-fb99233de741,W3NFIM,URL,https://app.securetag.in/found
in.pixiverse.user.management.securetag.db.entity.QRCode,6680def398c9713daae37b94,6680deee98c9713daae37ac8,2024,Qtr 2,June,30,a1034d9a-1051-7074-049c-fb99233de741,6680de3b98c9713daae37ac7,2024,Qtr 2,June,30,a1034d9a-1051-7074-049c-fb99233de741,F7SVWT,URL,https://app.securetag.in/found
in.pixiverse.user.management.securetag.db.entity.QRCode,6680def398c9713daae37b95,6680deee98c9713daae37ac8,2024,Qtr 2,June,30,a1034d9a-1051-7074-049c-fb99233de741,6680de3b98c9713daae37ac7,2024,Qtr 2,June,30,a1034d9a-1051-7074-049c-fb99233de741,5J1K2G,URL,https://app.securetag.in/found
in.pixiverse.user.management.securetag.db.entity.QRCode,6680def398c9713daae37b96,6680deee98c9713daae37ac8,2024,Qtr 2,June,30,a1034d9a-1051-7074-049c-fb99233de741,6680de3b98c9713daae37ac7,2024,Qtr 2,June,30,a1034d9a-1051-7074-049c-fb99233de741,XSFKIA,URL,https://app.securetag.in/found
in.pixiverse.user.management.securetag.db.entity.QRCode,6680def398c9713daae37b97,6680deee98c9713daae37ac8,2024,Qtr 2,June,30,a1034d9a-1051-7074-049c-fb99233de741,6680de3b98c9713daae37ac7,2024,Qtr 2,June,30,a1034d9a-1051-7074-049c-fb99233de741,AHOJUF,URL,https://app.securetag.in/found
in.pixiverse.user.management.securetag.db.entity.QRCode,6680def398c9713daae37b98,6680deee98c9713daae37ac8,2024,Qtr 2,June,30,a1034d9a-1051-7074-049c-fb99233de741,6680de3b98c9713daae37ac7,2024,Qtr 2,June,30,a1034d9a-1051-7074-049c-fb99233de741,GTOSDY,URL,https://app.securetag.in/found
in.pixiverse.user.management.securetag.db.entity.QRCode,6680def398c9713daae37b99,6680deee98c9713daae37ac8,2024,Qtr 2,June,30,a1034d9a-1051-7074-049c-fb99233de741,6680de3b98c9713daae37ac7,2024,Qtr 2,June,30,a1034d9a-1051-7074-049c-fb99233de741,024H9G,URL,https://app.securetag.in/found
in.pixiverse.user.management.securetag.db.entity.QRCode,6680def398c9713daae37b9a,6680deee98c9713daae37ac8,2024,Qtr 2,June,30,a1034d9a-1051-7074-049c-fb99233de741,6680de3b98c9713daae37ac7,2024,Qtr 2,June,30,a1034d9a-1051-7074-049c-fb99233de741,IW506E,URL,https://app.securetag.in/found
in.pixiverse.user.management.securetag.db.entity.QRCode,6680def398c9713daae37b9b,6680deee98c9713daae37ac8,2024,Qtr 2,June,30,a1034d9a-1051-7074-049c-fb99233de741,6680de3b98c9713daae37ac7,2024,Qtr 2,June,30,a1034d9a-1051-7074-049c-fb99233de741,6F2ODW,URL,https://app.securetag.in/found
in.pixiverse.user.management.securetag.db.entity.QRCode,6680def398c9713daae37b9c,6680deee98c9713daae37ac8,2024,Qtr 2,June,30,a1034d9a-1051-7074-049c-fb99233de741,6680de3b98c9713daae37ac7,2024,Qtr 2,June,30,a1034d9a-1051-7074-049c-fb99233de741,SRC4AQ,URL,https://app.securetag.in/found
in.pixiverse.user.management.securetag.db.entity.QRCode,6680def398c9713daae37b9d,6680deee98c9713daae37ac8,2024,Qtr 2,June,30,a1034d9a-1051-7074-049c-fb99233de741,6680de3b98c9713daae37ac7,2024,Qtr 2,June,30,a1034d9a-1051-7074-049c-fb99233de741,FZJT9X,URL,https://app.securetag.in/found
in.pixiverse.user.management.securetag.db.entity.QRCode,6680def398c9713daae37b9e,6680deee98c9713daae37ac8,2024,Qtr 2,June,30,a1034d9a-1051-7074-049c-fb99233de741,6680de3b98c9713daae37ac7,2024,Qtr 2,June,30,a1034d9a-1051-7074-049c-fb99233de741,FSY2IA,URL,https://app.securetag.in/found
in.pixiverse.user.management.securetag.db.entity.QRCode,6680def398c9713daae37b9f,6680deee98c9713daae37ac8,2024,Qtr 2,June,30,a1034d9a-1051-7074-049c-fb99233de741,6680de3b98c9713daae37ac7,2024,Qtr 2,June,30,a1034d9a-1051-7074-049c-fb99233de741,2JU819,URL,https://app.securetag.in/found
in.pixiverse.user.management.securetag.db.entity.QRCode,6680def398c9713daae37ba0,6680deee98c9713daae37ac8,2024,Qtr 2,June,30,a1034d9a-1051-7074-049c-fb99233de741,6680de3b98c9713daae37ac7,2024,Qtr 2,June,30,a1034d9a-1051-7074-049c-fb99233de741,5K5Q9C,URL,https://app.securetag.in/found
in.pixiverse.user.management.securetag.db.entity.QRCode,6680def398c9713daae37ba1,6680deee98c9713daae37ac8,2024,Qtr 2,June,30,a1034d9a-1051-7074-049c-fb99233de741,6680de3b98c9713daae37ac7,2024,Qtr 2,June,30,a1034d9a-1051-7074-049c-fb99233de741,TKCWU2,URL,https://app.securetag.in/found
in.pixiverse.user.management.securetag.db.entity.QRCode,6680def398c9713daae37ba2,6680deee98c9713daae37ac8,2024,Qtr 2,June,30,a1034d9a-1051-7074-049c-fb99233de741,6680de3b98c9713daae37ac7,2024,Qtr 2,June,30,a1034d9a-1051-7074-049c-fb99233de741,WHW61X,URL,https://app.securetag.in/found
in.pixiverse.user.management.securetag.db.entity.QRCode,6680def398c9713daae37ba3,6680deee98c9713daae37ac8,2024,Qtr 2,June,30,a1034d9a-1051-7074-049c-fb99233de741,6680de3b98c9713daae37ac7,2024,Qtr 2,June,30,a1034d9a-1051-7074-049c-fb99233de741,WNTXFG,URL,https://app.securetag.in/found
in.pixiverse.user.management.securetag.db.entity.QRCode,6680def398c9713daae37ba4,6680deee98c9713daae37ac8,2024,Qtr 2,June,30,a1034d9a-1051-7074-049c-fb99233de741,6680de3b98c9713daae37ac7,2024,Qtr 2,June,30,a1034d9a-1051-7074-049c-fb99233de741,1GB43Y,URL,https://app.securetag.in/found
in.pixiverse.user.management.securetag.db.entity.QRCode,6680def398c9713daae37ba5,6680deee98c9713daae37ac8,2024,Qtr 2,June,30,a1034d9a-1051-7074-049c-fb99233de741,6680de3b98c9713daae37ac7,2024,Qtr 2,June,30,a1034d9a-1051-7074-049c-fb99233de741,VXDG0O,URL,https://app.securetag.in/found
in.pixiverse.user.management.securetag.db.entity.QRCode,6680def398c9713daae37ba6,6680deee98c9713daae37ac8,2024,Qtr 2,June,30,a1034d9a-1051-7074-049c-fb99233de741,6680de3b98c9713daae37ac7,2024,Qtr 2,June,30,a1034d9a-1051-7074-049c-fb99233de741,IHXSU0,URL,https://app.securetag.in/found
in.pixiverse.user.management.securetag.db.entity.QRCode,6680def398c9713daae37ba7,6680deee98c9713daae37ac8,2024,Qtr 2,June,30,a1034d9a-1051-7074-049c-fb99233de741,6680de3b98c9713daae37ac7,2024,Qtr 2,June,30,a1034d9a-1051-7074-049c-fb99233de741,O16B9S,URL,https://app.securetag.in/found
in.pixiverse.user.management.securetag.db.entity.QRCode,6680def398c9713daae37ba8,6680deee98c9713daae37ac8,2024,Qtr 2,June,30,a1034d9a-1051-7074-049c-fb99233de741,6680de3b98c9713daae37ac7,2024,Qtr 2,June,30,a1034d9a-1051-7074-049c-fb99233de741,5QTHQ9,URL,https://app.securetag.in/found
in.pixiverse.user.management.securetag.db.entity.QRCode,6680def398c9713daae37ba9,6680deee98c9713daae37ac8,2024,Qtr 2,June,30,a1034d9a-1051-7074-049c-fb99233de741,6680de3b98c9713daae37ac7,2024,Qtr 2,June,30,a1034d9a-1051-7074-049c-fb99233de741,MEQYUW,URL,https://app.securetag.in/found
in.pixiverse.user.management.securetag.db.entity.QRCode,6680def398c9713daae37baa,6680deee98c9713daae37ac8,2024,Qtr 2,June,30,a1034d9a-1051-7074-049c-fb99233de741,6680de3b98c9713daae37ac7,2024,Qtr 2,June,30,a1034d9a-1051-7074-049c-fb99233de741,X8JVHH,URL,https://app.securetag.in/found
in.pixiverse.user.management.securetag.db.entity.QRCode,6680def398c9713daae37bab,6680deee98c9713daae37ac8,2024,Qtr 2,June,30,a1034d9a-1051-7074-049c-fb99233de741,6680de3b98c9713daae37ac7,2024,Qtr 2,June,30,a1034d9a-1051-7074-049c-fb99233de741,IXK1RC,URL,https://app.securetag.in/found
in.pixiverse.user.management.securetag.db.entity.QRCode,6680def398c9713daae37bac,6680deee98c9713daae37ac8,2024,Qtr 2,June,30,a1034d9a-1051-7074-049c-fb99233de741,6680de3b98c9713daae37ac7,2024,Qtr 2,June,30,a1034d9a-1051-7074-049c-fb99233de741,JRGBIP,URL,https://app.securetag.in/found
in.pixiverse.user.management.securetag.db.entity.QRCode,6680def398c9713daae37bad,6680deee98c9713daae37ac8,2024,Qtr 2,June,30,a1034d9a-1051-7074-049c-fb99233de741,6680de3b98c9713daae37ac7,2024,Qtr 2,June,30,a1034d9a-1051-7074-049c-fb99233de741,9UU77R,URL,https://app.securetag.in/found
in.pixiverse.user.management.securetag.db.entity.QRCode,6680def398c9713daae37bae,6680deee98c9713daae37ac8,2024,Qtr 2,June,30,a1034d9a-1051-7074-049c-fb99233de741,6680de3b98c9713daae37ac7,2024,Qtr 2,June,30,a1034d9a-1051-7074-049c-fb99233de741,3YCSH1,URL,https://app.securetag.in/found
in.pixiverse.user.management.securetag.db.entity.QRCode,6680def398c9713daae37baf,6680deee98c9713daae37ac8,2024,Qtr 2,June,30,a1034d9a-1051-7074-049c-fb99233de741,6680de3b98c9713daae37ac7,2024,Qtr 2,June,30,a1034d9a-1051-7074-049c-fb99233de741,CNXQPD,URL,https://app.securetag.in/found
in.pixiverse.user.management.securetag.db.entity.QRCode,6680def398c9713daae37bb0,6680deee98c9713daae37ac8,2024,Qtr 2,June,30,a1034d9a-1051-7074-049c-fb99233de741,6680de3b98c9713daae37ac7,2024,Qtr 2,June,30,a1034d9a-1051-7074-049c-fb99233de741,VMWB0N,URL,https://app.securetag.in/found
in.pixiverse.user.management.securetag.db.entity.QRCode,6680def398c9713daae37bb1,6680deee98c9713daae37ac8,2024,Qtr 2,June,30,a1034d9a-1051-7074-049c-fb99233de741,6680de3b98c9713daae37ac7,2024,Qtr 2,June,30,a1034d9a-1051-7074-049c-fb99233de741,YDGQJV,URL,https://app.securetag.in/found
in.pixiverse.user.management.securetag.db.entity.QRCode,6680def398c9713daae37bb2,6680deee98c9713daae37ac8,2024,Qtr 2,June,30,a1034d9a-1051-7074-049c-fb99233de741,6680de3b98c9713daae37ac7,2024,Qtr 2,June,30,a1034d9a-1051-7074-049c-fb99233de741,1VX9E0,URL,https://app.securetag.in/found
in.pixiverse.user.management.securetag.db.entity.QRCode,6680def398c9713daae37bb3,6680deee98c9713daae37ac8,2024,Qtr 2,June,30,a1034d9a-1051-7074-049c-fb99233de741,6680de3b98c9713daae37ac7,2024,Qtr 2,June,30,a1034d9a-1051-7074-049c-fb99233de741,B1UE62,URL,https://app.securetag.in/found
in.pixiverse.user.management.securetag.db.entity.QRCode,6680def398c9713daae37bb4,6680deee98c9713daae37ac8,2024,Qtr 2,June,30,a1034d9a-1051-7074-049c-fb99233de741,6680de3b98c9713daae37ac7,2024,Qtr 2,June,30,a1034d9a-1051-7074-049c-fb99233de741,81V5O0,URL,https://app.securetag.in/found
in.pixiverse.user.management.securetag.db.entity.QRCode,6680def398c9713daae37bb5,6680deee98c9713daae37ac8,2024,Qtr 2,June,30,a1034d9a-1051-7074-049c-fb99233de741,6680de3b98c9713daae37ac7,2024,Qtr 2,June,30,a1034d9a-1051-7074-049c-fb99233de741,3OV2QD,URL,https://app.securetag.in/found
in.pixiverse.user.management.securetag.db.entity.QRCode,6680def398c9713daae37bb6,6680deee98c9713daae37ac8,2024,Qtr 2,June,30,a1034d9a-1051-7074-049c-fb99233de741,6680de3b98c9713daae37ac7,2024,Qtr 2,June,30,a1034d9a-1051-7074-049c-fb99233de741,CSMF9X,URL,https://app.securetag.in/found
in.pixiverse.user.management.securetag.db.entity.QRCode,6680def398c9713daae37bb7,6680deee98c9713daae37ac8,2024,Qtr 2,June,30,a1034d9a-1051-7074-049c-fb99233de741,6680de3b98c9713daae37ac7,2024,Qtr 2,June,30,a1034d9a-1051-7074-049c-fb99233de741,P34BQU,URL,https://app.securetag.in/found
in.pixiverse.user.management.securetag.db.entity.QRCode,6680def398c9713daae37bb8,6680deee98c9713daae37ac8,2024,Qtr 2,June,30,a1034d9a-1051-7074-049c-fb99233de741,6680de3b98c9713daae37ac7,2024,Qtr 2,June,30,a1034d9a-1051-7074-049c-fb99233de741,FWS63V,URL,https://app.securetag.in/found
in.pixiverse.user.management.securetag.db.entity.QRCode,6680def398c9713daae37bb9,6680deee98c9713daae37ac8,2024,Qtr 2,June,30,a1034d9a-1051-7074-049c-fb99233de741,6680de3b98c9713daae37ac7,2024,Qtr 2,June,30,a1034d9a-1051-7074-049c-fb99233de741,86FLOI,URL,https://app.securetag.in/found
in.pixiverse.user.management.securetag.db.entity.QRCode,6680def398c9713daae37bba,6680deee98c9713daae37ac8,2024,Qtr 2,June,30,a1034d9a-1051-7074-049c-fb99233de741,6680de3b98c9713daae37ac7,2024,Qtr 2,June,30,a1034d9a-1051-7074-049c-fb99233de741,WY0XY4,URL,https://app.securetag.in/found
in.pixiverse.user.management.securetag.db.entity.QRCode,6680def398c9713daae37bbb,6680deee98c9713daae37ac8,2024,Qtr 2,June,30,a1034d9a-1051-7074-049c-fb99233de741,6680de3b98c9713daae37ac7,2024,Qtr 2,June,30,a1034d9a-1051-7074-049c-fb99233de741,0HYY00,URL,https://app.securetag.in/found
in.pixiverse.user.management.securetag.db.entity.QRCode,6680def398c9713daae37bbc,6680deee98c9713daae37ac8,2024,Qtr 2,June,30,a1034d9a-1051-7074-049c-fb99233de741,6680de3b98c9713daae37ac7,2024,Qtr 2,June,30,a1034d9a-1051-7074-049c-fb99233de741,W23135,URL,https://app.securetag.in/found
in.pixiverse.user.management.securetag.db.entity.QRCode,6680def398c9713daae37bbd,6680deee98c9713daae37ac8,2024,Qtr 2,June,30,a1034d9a-1051-7074-049c-fb99233de741,6680de3b98c9713daae37ac7,2024,Qtr 2,June,30,a1034d9a-1051-7074-049c-fb99233de741,QZ5C8F,URL,https://app.securetag.in/found
in.pixiverse.user.management.securetag.db.entity.QRCode,6680def398c9713daae37bbe,6680deee98c9713daae37ac8,2024,Qtr 2,June,30,a1034d9a-1051-7074-049c-fb99233de741,6680de3b98c9713daae37ac7,2024,Qtr 2,June,30,a1034d9a-1051-7074-049c-fb99233de741,AQOP1Z,URL,https://app.securetag.in/found
in.pixiverse.user.management.securetag.db.entity.QRCode,6680def398c9713daae37bbf,6680deee98c9713daae37ac8,2024,Qtr 2,June,30,a1034d9a-1051-7074-049c-fb99233de741,6680de3b98c9713daae37ac7,2024,Qtr 2,June,30,a1034d9a-1051-7074-049c-fb99233de741,HVIZSL,URL,https://app.securetag.in/found
in.pixiverse.user.management.securetag.db.entity.QRCode,6680def398c9713daae37bc0,6680deee98c9713daae37ac8,2024,Qtr 2,June,30,a1034d9a-1051-7074-049c-fb99233de741,6680de3b98c9713daae37ac7,2024,Qtr 2,June,30,a1034d9a-1051-7074-049c-fb99233de741,GL882K,URL,https://app.securetag.in/found
in.pixiverse.user.management.securetag.db.entity.QRCode,6680def398c9713daae37bc1,6680deee98c9713daae37ac8,2024,Qtr 2,June,30,a1034d9a-1051-7074-049c-fb99233de741,6680de3b98c9713daae37ac7,2024,Qtr 2,June,30,a1034d9a-1051-7074-049c-fb99233de741,GSU7KE,URL,https://app.securetag.in/found
in.pixiverse.user.management.securetag.db.entity.QRCode,6680def398c9713daae37bc2,6680deee98c9713daae37ac8,2024,Qtr 2,June,30,a1034d9a-1051-7074-049c-fb99233de741,6680de3b98c9713daae37ac7,2024,Qtr 2,June,30,a1034d9a-1051-7074-049c-fb99233de741,85EL18,URL,https://app.securetag.in/found
in.pixiverse.user.management.securetag.db.entity.QRCode,6680e1ab98c9713daae37bc6,6680e1ab98c9713daae37bc5,2024,Qtr 2,June,30,a1034d9a-1051-7074-049c-fb99233de741,6680e16c98c9713daae37bc4,2024,Qtr 2,June,30,a1034d9a-1051-7074-049c-fb99233de741,585OH8,URL,https://app.securetag.in/found
in.pixiverse.user.management.securetag.db.entity.QRCode,6680e1ab98c9713daae37bc7,6680e1ab98c9713daae37bc5,2024,Qtr 2,June,30,a1034d9a-1051-7074-049c-fb99233de741,6680e16c98c9713daae37bc4,2024,Qtr 2,June,30,a1034d9a-1051-7074-049c-fb99233de741,ETELXP,URL,https://app.securetag.in/found
in.pixiverse.user.management.securetag.db.entity.QRCode,66a28c52361f465a40c2d27c,66a28c4f361f465a40c2d27b,2024,Qtr 3,July,25,a1034d9a-1051-7074-049c-fb99233de741,66a28bce361f465a40c2d27a,2024,Qtr 3,July,25,a1034d9a-1051-7074-049c-fb99233de741,9UQMSU,URL,https://app.securetag.in/found
in.pixiverse.user.management.securetag.db.entity.QRCode,66a28c52361f465a40c2d27d,66a28c4f361f465a40c2d27b,2024,Qtr 3,July,25,a1034d9a-1051-7074-049c-fb99233de741,66a28bce361f465a40c2d27a,2024,Qtr 3,July,25,a1034d9a-1051-7074-049c-fb99233de741,7AJ4OC,URL,https://app.securetag.in/found
in.pixiverse.user.management.securetag.db.entity.QRCode,66a28c52361f465a40c2d27e,66a28c4f361f465a40c2d27b,2024,Qtr 3,July,25,a1034d9a-1051-7074-049c-fb99233de741,66a28bce361f465a40c2d27a,2024,Qtr 3,July,25,a1034d9a-1051-7074-049c-fb99233de741,4UUKL2,URL,https://app.securetag.in/found
in.pixiverse.user.management.securetag.db.entity.QRCode,66a28c52361f465a40c2d27f,66a28c4f361f465a40c2d27b,2024,Qtr 3,July,25,a1034d9a-1051-7074-049c-fb99233de741,66a28bce361f465a40c2d27a,2024,Qtr 3,July,25,a1034d9a-1051-7074-049c-fb99233de741,387TIB,URL,https://app.securetag.in/found
in.pixiverse.user.management.securetag.db.entity.QRCode,66a28c52361f465a40c2d280,66a28c4f361f465a40c2d27b,2024,Qtr 3,July,25,a1034d9a-1051-7074-049c-fb99233de741,66a28bce361f465a40c2d27a,2024,Qtr 3,July,25,a1034d9a-1051-7074-049c-fb99233de741,H9EIXR,URL,https://app.securetag.in/found
in.pixiverse.user.management.securetag.db.entity.QRCode,66a28c52361f465a40c2d281,66a28c4f361f465a40c2d27b,2024,Qtr 3,July,25,a1034d9a-1051-7074-049c-fb99233de741,66a28bce361f465a40c2d27a,2024,Qtr 3,July,25,a1034d9a-1051-7074-049c-fb99233de741,A6LLK3,URL,https://app.securetag.in/found
in.pixiverse.user.management.securetag.db.entity.QRCode,66a28c52361f465a40c2d282,66a28c4f361f465a40c2d27b,2024,Qtr 3,July,25,a1034d9a-1051-7074-049c-fb99233de741,66a28bce361f465a40c2d27a,2024,Qtr 3,July,25,a1034d9a-1051-7074-049c-fb99233de741,K1NF1P,URL,https://app.securetag.in/found
in.pixiverse.user.management.securetag.db.entity.QRCode,66a28c52361f465a40c2d283,66a28c4f361f465a40c2d27b,2024,Qtr 3,July,25,a1034d9a-1051-7074-049c-fb99233de741,66a28bce361f465a40c2d27a,2024,Qtr 3,July,25,a1034d9a-1051-7074-049c-fb99233de741,40OKEB,URL,https://app.securetag.in/found
in.pixiverse.user.management.securetag.db.entity.QRCode,66a28c52361f465a40c2d284,66a28c4f361f465a40c2d27b,2024,Qtr 3,July,25,a1034d9a-1051-7074-049c-fb99233de741,66a28bce361f465a40c2d27a,2024,Qtr 3,July,25,a1034d9a-1051-7074-049c-fb99233de741,DM3O0A,URL,https://app.securetag.in/found
in.pixiverse.user.management.securetag.db.entity.QRCode,66a28c52361f465a40c2d285,66a28c4f361f465a40c2d27b,2024,Qtr 3,July,25,a1034d9a-1051-7074-049c-fb99233de741,66a28bce361f465a40c2d27a,2024,Qtr 3,July,25,a1034d9a-1051-7074-049c-fb99233de741,C0VZAR,URL,https://app.securetag.in/found
in.pixiverse.user.management.securetag.db.entity.QRCode,66a28c52361f465a40c2d286,66a28c4f361f465a40c2d27b,2024,Qtr 3,July,25,a1034d9a-1051-7074-049c-fb99233de741,66a28bce361f465a40c2d27a,2024,Qtr 3,July,25,a1034d9a-1051-7074-049c-fb99233de741,UWJLJA,URL,https://app.securetag.in/found
in.pixiverse.user.management.securetag.db.entity.QRCode,66a28c52361f465a40c2d287,66a28c4f361f465a40c2d27b,2024,Qtr 3,July,25,a1034d9a-1051-7074-049c-fb99233de741,66a28bce361f465a40c2d27a,2024,Qtr 3,July,25,a1034d9a-1051-7074-049c-fb99233de741,MSR797,URL,https://app.securetag.in/found
in.pixiverse.user.management.securetag.db.entity.QRCode,66a28c52361f465a40c2d288,66a28c4f361f465a40c2d27b,2024,Qtr 3,July,25,a1034d9a-1051-7074-049c-fb99233de741,66a28bce361f465a40c2d27a,2024,Qtr 3,July,25,a1034d9a-1051-7074-049c-fb99233de741,Q8XWHQ,URL,https://app.securetag.in/found
in.pixiverse.user.management.securetag.db.entity.QRCode,66a28c52361f465a40c2d289,66a28c4f361f465a40c2d27b,2024,Qtr 3,July,25,a1034d9a-1051-7074-049c-fb99233de741,66a28bce361f465a40c2d27a,2024,Qtr 3,July,25,a1034d9a-1051-7074-049c-fb99233de741,ZOU04F,URL,https://app.securetag.in/found
in.pixiverse.user.management.securetag.db.entity.QRCode,66a28c52361f465a40c2d28a,66a28c4f361f465a40c2d27b,2024,Qtr 3,July,25,a1034d9a-1051-7074-049c-fb99233de741,66a28bce361f465a40c2d27a,2024,Qtr 3,July,25,a1034d9a-1051-7074-049c-fb99233de741,OB1BAX,URL,https://app.securetag.in/found
in.pixiverse.user.management.securetag.db.entity.QRCode,66a28c52361f465a40c2d28b,66a28c4f361f465a40c2d27b,2024,Qtr 3,July,25,a1034d9a-1051-7074-049c-fb99233de741,66a28bce361f465a40c2d27a,2024,Qtr 3,July,25,a1034d9a-1051-7074-049c-fb99233de741,5ZXC34,URL,https://app.securetag.in/found
in.pixiverse.user.management.securetag.db.entity.QRCode,66a28c52361f465a40c2d28c,66a28c4f361f465a40c2d27b,2024,Qtr 3,July,25,a1034d9a-1051-7074-049c-fb99233de741,66a28bce361f465a40c2d27a,2024,Qtr 3,July,25,a1034d9a-1051-7074-049c-fb99233de741,PS42RA,URL,https://app.securetag.in/found
in.pixiverse.user.management.securetag.db.entity.QRCode,66a28c52361f465a40c2d28d,66a28c4f361f465a40c2d27b,2024,Qtr 3,July,25,a1034d9a-1051-7074-049c-fb99233de741,66a28bce361f465a40c2d27a,2024,Qtr 3,July,25,a1034d9a-1051-7074-049c-fb99233de741,2YNWCV,URL,https://app.securetag.in/found
in.pixiverse.user.management.securetag.db.entity.QRCode,66a28c52361f465a40c2d28e,66a28c4f361f465a40c2d27b,2024,Qtr 3,July,25,a1034d9a-1051-7074-049c-fb99233de741,66a28bce361f465a40c2d27a,2024,Qtr 3,July,25,a1034d9a-1051-7074-049c-fb99233de741,KOGSV5,URL,https://app.securetag.in/found
in.pixiverse.user.management.securetag.db.entity.QRCode,66a28c52361f465a40c2d28f,66a28c4f361f465a40c2d27b,2024,Qtr 3,July,25,a1034d9a-1051-7074-049c-fb99233de741,66a28bce361f465a40c2d27a,2024,Qtr 3,July,25,a1034d9a-1051-7074-049c-fb99233de741,9N4G1X,URL,https://app.securetag.in/found
in.pixiverse.user.management.securetag.db.entity.QRCode,66a28c52361f465a40c2d290,66a28c4f361f465a40c2d27b,2024,Qtr 3,July,25,a1034d9a-1051-7074-049c-fb99233de741,66a28bce361f465a40c2d27a,2024,Qtr 3,July,25,a1034d9a-1051-7074-049c-fb99233de741,XEEDD3,URL,https://app.securetag.in/found
in.pixiverse.user.management.securetag.db.entity.QRCode,66a28c52361f465a40c2d291,66a28c4f361f465a40c2d27b,2024,Qtr 3,July,25,a1034d9a-1051-7074-049c-fb99233de741,66a28bce361f465a40c2d27a,2024,Qtr 3,July,25,a1034d9a-1051-7074-049c-fb99233de741,WV3ABA,URL,https://app.securetag.in/found
in.pixiverse.user.management.securetag.db.entity.QRCode,66a28c52361f465a40c2d292,66a28c4f361f465a40c2d27b,2024,Qtr 3,July,25,a1034d9a-1051-7074-049c-fb99233de741,66a28bce361f465a40c2d27a,2024,Qtr 3,July,25,a1034d9a-1051-7074-049c-fb99233de741,Z8PBQD,URL,https://app.securetag.in/found
in.pixiverse.user.management.securetag.db.entity.QRCode,66a28c52361f465a40c2d293,66a28c4f361f465a40c2d27b,2024,Qtr 3,July,25,a1034d9a-1051-7074-049c-fb99233de741,66a28bce361f465a40c2d27a,2024,Qtr 3,July,25,a1034d9a-1051-7074-049c-fb99233de741,76BJY9,URL,https://app.securetag.in/found
in.pixiverse.user.management.securetag.db.entity.QRCode,66a28c52361f465a40c2d294,66a28c4f361f465a40c2d27b,2024,Qtr 3,July,25,a1034d9a-1051-7074-049c-fb99233de741,66a28bce361f465a40c2d27a,2024,Qtr 3,July,25,a1034d9a-1051-7074-049c-fb99233de741,ZN3F3K,URL,https://app.securetag.in/found
in.pixiverse.user.management.securetag.db.entity.QRCode,66a28c52361f465a40c2d295,66a28c4f361f465a40c2d27b,2024,Qtr 3,July,25,a1034d9a-1051-7074-049c-fb99233de741,66a28bce361f465a40c2d27a,2024,Qtr 3,July,25,a1034d9a-1051-7074-049c-fb99233de741,QNUD8F,URL,https://app.securetag.in/found
in.pixiverse.user.management.securetag.db.entity.QRCode,66a28c52361f465a40c2d296,66a28c4f361f465a40c2d27b,2024,Qtr 3,July,25,a1034d9a-1051-7074-049c-fb99233de741,66a28bce361f465a40c2d27a,2024,Qtr 3,July,25,a1034d9a-1051-7074-049c-fb99233de741,SA3ZLT,URL,https://app.securetag.in/found
in.pixiverse.user.management.securetag.db.entity.QRCode,66a28c52361f465a40c2d297,66a28c4f361f465a40c2d27b,2024,Qtr 3,July,25,a1034d9a-1051-7074-049c-fb99233de741,66a28bce361f465a40c2d27a,2024,Qtr 3,July,25,a1034d9a-1051-7074-049c-fb99233de741,JK9IQ9,URL,https://app.securetag.in/found
in.pixiverse.user.management.securetag.db.entity.QRCode,66a28c52361f465a40c2d298,66a28c4f361f465a40c2d27b,2024,Qtr 3,July,25,a1034d9a-1051-7074-049c-fb99233de741,66a28bce361f465a40c2d27a,2024,Qtr 3,July,25,a1034d9a-1051-7074-049c-fb99233de741,DMAPBV,URL,https://app.securetag.in/found
in.pixiverse.user.management.securetag.db.entity.QRCode,66a28c52361f465a40c2d299,66a28c4f361f465a40c2d27b,2024,Qtr 3,July,25,a1034d9a-1051-7074-049c-fb99233de741,66a28bce361f465a40c2d27a,2024,Qtr 3,July,25,a1034d9a-1051-7074-049c-fb99233de741,V1E18O,URL,https://app.securetag.in/found
in.pixiverse.user.management.securetag.db.entity.QRCode,66a28c52361f465a40c2d29a,66a28c4f361f465a40c2d27b,2024,Qtr 3,July,25,a1034d9a-1051-7074-049c-fb99233de741,66a28bce361f465a40c2d27a,2024,Qtr 3,July,25,a1034d9a-1051-7074-049c-fb99233de741,9CU3K7,URL,https://app.securetag.in/found
in.pixiverse.user.management.securetag.db.entity.QRCode,66a28c52361f465a40c2d29b,66a28c4f361f465a40c2d27b,2024,Qtr 3,July,25,a1034d9a-1051-7074-049c-fb99233de741,66a28bce361f465a40c2d27a,2024,Qtr 3,July,25,a1034d9a-1051-7074-049c-fb99233de741,QQM9TC,URL,https://app.securetag.in/found
in.pixiverse.user.management.securetag.db.entity.QRCode,66a28c52361f465a40c2d29c,66a28c4f361f465a40c2d27b,2024,Qtr 3,July,25,a1034d9a-1051-7074-049c-fb99233de741,66a28bce361f465a40c2d27a,2024,Qtr 3,July,25,a1034d9a-1051-7074-049c-fb99233de741,PGZLCL,URL,https://app.securetag.in/found
in.pixiverse.user.management.securetag.db.entity.QRCode,66a28c52361f465a40c2d29d,66a28c4f361f465a40c2d27b,2024,Qtr 3,July,25,a1034d9a-1051-7074-049c-fb99233de741,66a28bce361f465a40c2d27a,2024,Qtr 3,July,25,a1034d9a-1051-7074-049c-fb99233de741,CPWRMN,URL,https://app.securetag.in/found
in.pixiverse.user.management.securetag.db.entity.QRCode,66a28c52361f465a40c2d29e,66a28c4f361f465a40c2d27b,2024,Qtr 3,July,25,a1034d9a-1051-7074-049c-fb99233de741,66a28bce361f465a40c2d27a,2024,Qtr 3,July,25,a1034d9a-1051-7074-049c-fb99233de741,4DDXBH,URL,https://app.securetag.in/found
in.pixiverse.user.management.securetag.db.entity.QRCode,66a28c52361f465a40c2d29f,66a28c4f361f465a40c2d27b,2024,Qtr 3,July,25,a1034d9a-1051-7074-049c-fb99233de741,66a28bce361f465a40c2d27a,2024,Qtr 3,July,25,a1034d9a-1051-7074-049c-fb99233de741,6BL3IE,URL,https://app.securetag.in/found
in.pixiverse.user.management.securetag.db.entity.QRCode,66a28c52361f465a40c2d2a0,66a28c4f361f465a40c2d27b,2024,Qtr 3,July,25,a1034d9a-1051-7074-049c-fb99233de741,66a28bce361f465a40c2d27a,2024,Qtr 3,July,25,a1034d9a-1051-7074-049c-fb99233de741,PRTL9B,URL,https://app.securetag.in/found
in.pixiverse.user.management.securetag.db.entity.QRCode,66a28c52361f465a40c2d2a1,66a28c4f361f465a40c2d27b,2024,Qtr 3,July,25,a1034d9a-1051-7074-049c-fb99233de741,66a28bce361f465a40c2d27a,2024,Qtr 3,July,25,a1034d9a-1051-7074-049c-fb99233de741,0WYGL6,URL,https://app.securetag.in/found
in.pixiverse.user.management.securetag.db.entity.QRCode,66a28c52361f465a40c2d2a2,66a28c4f361f465a40c2d27b,2024,Qtr 3,July,25,a1034d9a-1051-7074-049c-fb99233de741,66a28bce361f465a40c2d27a,2024,Qtr 3,July,25,a1034d9a-1051-7074-049c-fb99233de741,SULSRN,URL,https://app.securetag.in/found
in.pixiverse.user.management.securetag.db.entity.QRCode,66a28c52361f465a40c2d2a3,66a28c4f361f465a40c2d27b,2024,Qtr 3,July,25,a1034d9a-1051-7074-049c-fb99233de741,66a28bce361f465a40c2d27a,2024,Qtr 3,July,25,a1034d9a-1051-7074-049c-fb99233de741,7Z7LQN,URL,https://app.securetag.in/found
in.pixiverse.user.management.securetag.db.entity.QRCode,66a28c52361f465a40c2d2a4,66a28c4f361f465a40c2d27b,2024,Qtr 3,July,25,a1034d9a-1051-7074-049c-fb99233de741,66a28bce361f465a40c2d27a,2024,Qtr 3,July,25,a1034d9a-1051-7074-049c-fb99233de741,KB76L0,URL,https://app.securetag.in/found
in.pixiverse.user.management.securetag.db.entity.QRCode,66a28c52361f465a40c2d2a5,66a28c4f361f465a40c2d27b,2024,Qtr 3,July,25,a1034d9a-1051-7074-049c-fb99233de741,66a28bce361f465a40c2d27a,2024,Qtr 3,July,25,a1034d9a-1051-7074-049c-fb99233de741,Q7KDW1,URL,https://app.securetag.in/found
in.pixiverse.user.management.securetag.db.entity.QRCode,66a28c52361f465a40c2d2a6,66a28c4f361f465a40c2d27b,2024,Qtr 3,July,25,a1034d9a-1051-7074-049c-fb99233de741,66a28bce361f465a40c2d27a,2024,Qtr 3,July,25,a1034d9a-1051-7074-049c-fb99233de741,4SAXV1,URL,https://app.securetag.in/found
in.pixiverse.user.management.securetag.db.entity.QRCode,66a28c52361f465a40c2d2a7,66a28c4f361f465a40c2d27b,2024,Qtr 3,July,25,a1034d9a-1051-7074-049c-fb99233de741,66a28bce361f465a40c2d27a,2024,Qtr 3,July,25,a1034d9a-1051-7074-049c-fb99233de741,IHY5C3,URL,https://app.securetag.in/found
in.pixiverse.user.management.securetag.db.entity.QRCode,66a28c52361f465a40c2d2a8,66a28c4f361f465a40c2d27b,2024,Qtr 3,July,25,a1034d9a-1051-7074-049c-fb99233de741,66a28bce361f465a40c2d27a,2024,Qtr 3,July,25,a1034d9a-1051-7074-049c-fb99233de741,JW0TY3,URL,https://app.securetag.in/found
in.pixiverse.user.management.securetag.db.entity.QRCode,66a28c52361f465a40c2d2a9,66a28c4f361f465a40c2d27b,2024,Qtr 3,July,25,a1034d9a-1051-7074-049c-fb99233de741,66a28bce361f465a40c2d27a,2024,Qtr 3,July,25,a1034d9a-1051-7074-049c-fb99233de741,2ICKI9,URL,https://app.securetag.in/found
in.pixiverse.user.management.securetag.db.entity.QRCode,66a28c52361f465a40c2d2aa,66a28c4f361f465a40c2d27b,2024,Qtr 3,July,25,a1034d9a-1051-7074-049c-fb99233de741,66a28bce361f465a40c2d27a,2024,Qtr 3,July,25,a1034d9a-1051-7074-049c-fb99233de741,30ICAI,URL,https://app.securetag.in/found
in.pixiverse.user.management.securetag.db.entity.QRCode,66a28c52361f465a40c2d2ab,66a28c4f361f465a40c2d27b,2024,Qtr 3,July,25,a1034d9a-1051-7074-049c-fb99233de741,66a28bce361f465a40c2d27a,2024,Qtr 3,July,25,a1034d9a-1051-7074-049c-fb99233de741,ODBPHI,URL,https://app.securetag.in/found
in.pixiverse.user.management.securetag.db.entity.QRCode,66a28c52361f465a40c2d2ac,66a28c4f361f465a40c2d27b,2024,Qtr 3,July,25,a1034d9a-1051-7074-049c-fb99233de741,66a28bce361f465a40c2d27a,2024,Qtr 3,July,25,a1034d9a-1051-7074-049c-fb99233de741,1W9A34,URL,https://app.securetag.in/found
in.pixiverse.user.management.securetag.db.entity.QRCode,66a28c52361f465a40c2d2ad,66a28c4f361f465a40c2d27b,2024,Qtr 3,July,25,a1034d9a-1051-7074-049c-fb99233de741,66a28bce361f465a40c2d27a,2024,Qtr 3,July,25,a1034d9a-1051-7074-049c-fb99233de741,ZZYCCQ,URL,https://app.securetag.in/found
in.pixiverse.user.management.securetag.db.entity.QRCode,66a28c52361f465a40c2d2ae,66a28c4f361f465a40c2d27b,2024,Qtr 3,July,25,a1034d9a-1051-7074-049c-fb99233de741,66a28bce361f465a40c2d27a,2024,Qtr 3,July,25,a1034d9a-1051-7074-049c-fb99233de741,U26Z74,URL,https://app.securetag.in/found
in.pixiverse.user.management.securetag.db.entity.QRCode,66a28c52361f465a40c2d2af,66a28c4f361f465a40c2d27b,2024,Qtr 3,July,25,a1034d9a-1051-7074-049c-fb99233de741,66a28bce361f465a40c2d27a,2024,Qtr 3,July,25,a1034d9a-1051-7074-049c-fb99233de741,P52TS6,URL,https://app.securetag.in/found
in.pixiverse.user.management.securetag.db.entity.QRCode,66a28c52361f465a40c2d2b0,66a28c4f361f465a40c2d27b,2024,Qtr 3,July,25,a1034d9a-1051-7074-049c-fb99233de741,66a28bce361f465a40c2d27a,2024,Qtr 3,July,25,a1034d9a-1051-7074-049c-fb99233de741,KOL5LD,URL,https://app.securetag.in/found
in.pixiverse.user.management.securetag.db.entity.QRCode,66a28c52361f465a40c2d2b1,66a28c4f361f465a40c2d27b,2024,Qtr 3,July,25,a1034d9a-1051-7074-049c-fb99233de741,66a28bce361f465a40c2d27a,2024,Qtr 3,July,25,a1034d9a-1051-7074-049c-fb99233de741,Y492UV,URL,https://app.securetag.in/found
in.pixiverse.user.management.securetag.db.entity.QRCode,66a28c52361f465a40c2d2b2,66a28c4f361f465a40c2d27b,2024,Qtr 3,July,25,a1034d9a-1051-7074-049c-fb99233de741,66a28bce361f465a40c2d27a,2024,Qtr 3,July,25,a1034d9a-1051-7074-049c-fb99233de741,U0V99F,URL,https://app.securetag.in/found
in.pixiverse.user.management.securetag.db.entity.QRCode,66a28c52361f465a40c2d2b3,66a28c4f361f465a40c2d27b,2024,Qtr 3,July,25,a1034d9a-1051-7074-049c-fb99233de741,66a28bce361f465a40c2d27a,2024,Qtr 3,July,25,a1034d9a-1051-7074-049c-fb99233de741,WVCR6M,URL,https://app.securetag.in/found
in.pixiverse.user.management.securetag.db.entity.QRCode,66a28c52361f465a40c2d2b4,66a28c4f361f465a40c2d27b,2024,Qtr 3,July,25,a1034d9a-1051-7074-049c-fb99233de741,66a28bce361f465a40c2d27a,2024,Qtr 3,July,25,a1034d9a-1051-7074-049c-fb99233de741,OU7319,URL,https://app.securetag.in/found
in.pixiverse.user.management.securetag.db.entity.QRCode,66a28c52361f465a40c2d2b5,66a28c4f361f465a40c2d27b,2024,Qtr 3,July,25,a1034d9a-1051-7074-049c-fb99233de741,66a28bce361f465a40c2d27a,2024,Qtr 3,July,25,a1034d9a-1051-7074-049c-fb99233de741,YU7WRP,URL,https://app.securetag.in/found
in.pixiverse.user.management.securetag.db.entity.QRCode,66a28c52361f465a40c2d2b6,66a28c4f361f465a40c2d27b,2024,Qtr 3,July,25,a1034d9a-1051-7074-049c-fb99233de741,66a28bce361f465a40c2d27a,2024,Qtr 3,July,25,a1034d9a-1051-7074-049c-fb99233de741,DOD0NB,URL,https://app.securetag.in/found
in.pixiverse.user.management.securetag.db.entity.QRCode,66a28c52361f465a40c2d2b7,66a28c4f361f465a40c2d27b,2024,Qtr 3,July,25,a1034d9a-1051-7074-049c-fb99233de741,66a28bce361f465a40c2d27a,2024,Qtr 3,July,25,a1034d9a-1051-7074-049c-fb99233de741,0D4RG5,URL,https://app.securetag.in/found
in.pixiverse.user.management.securetag.db.entity.QRCode,66a28c52361f465a40c2d2b8,66a28c4f361f465a40c2d27b,2024,Qtr 3,July,25,a1034d9a-1051-7074-049c-fb99233de741,66a28bce361f465a40c2d27a,2024,Qtr 3,July,25,a1034d9a-1051-7074-049c-fb99233de741,HFV0Z5,URL,https://app.securetag.in/found
in.pixiverse.user.management.securetag.db.entity.QRCode,66a28c52361f465a40c2d2b9,66a28c4f361f465a40c2d27b,2024,Qtr 3,July,25,a1034d9a-1051-7074-049c-fb99233de741,66a28bce361f465a40c2d27a,2024,Qtr 3,July,25,a1034d9a-1051-7074-049c-fb99233de741,YHFNIJ,URL,https://app.securetag.in/found
in.pixiverse.user.management.securetag.db.entity.QRCode,66a28c52361f465a40c2d2ba,66a28c4f361f465a40c2d27b,2024,Qtr 3,July,25,a1034d9a-1051-7074-049c-fb99233de741,66a28bce361f465a40c2d27a,2024,Qtr 3,July,25,a1034d9a-1051-7074-049c-fb99233de741,PC34TT,URL,https://app.securetag.in/found
in.pixiverse.user.management.securetag.db.entity.QRCode,66a28c52361f465a40c2d2bb,66a28c4f361f465a40c2d27b,2024,Qtr 3,July,25,a1034d9a-1051-7074-049c-fb99233de741,66a28bce361f465a40c2d27a,2024,Qtr 3,July,25,a1034d9a-1051-7074-049c-fb99233de741,O3BRLZ,URL,https://app.securetag.in/found
in.pixiverse.user.management.securetag.db.entity.QRCode,66a28c52361f465a40c2d2bc,66a28c4f361f465a40c2d27b,2024,Qtr 3,July,25,a1034d9a-1051-7074-049c-fb99233de741,66a28bce361f465a40c2d27a,2024,Qtr 3,July,25,a1034d9a-1051-7074-049c-fb99233de741,8NFNI5,URL,https://app.securetag.in/found
in.pixiverse.user.management.securetag.db.entity.QRCode,66a28c52361f465a40c2d2bd,66a28c4f361f465a40c2d27b,2024,Qtr 3,July,25,a1034d9a-1051-7074-049c-fb99233de741,66a28bce361f465a40c2d27a,2024,Qtr 3,July,25,a1034d9a-1051-7074-049c-fb99233de741,MUKU25,URL,https://app.securetag.in/found
in.pixiverse.user.management.securetag.db.entity.QRCode,66a28c52361f465a40c2d2be,66a28c4f361f465a40c2d27b,2024,Qtr 3,July,25,a1034d9a-1051-7074-049c-fb99233de741,66a28bce361f465a40c2d27a,2024,Qtr 3,July,25,a1034d9a-1051-7074-049c-fb99233de741,7AMHM6,URL,https://app.securetag.in/found
in.pixiverse.user.management.securetag.db.entity.QRCode,66a28c52361f465a40c2d2bf,66a28c4f361f465a40c2d27b,2024,Qtr 3,July,25,a1034d9a-1051-7074-049c-fb99233de741,66a28bce361f465a40c2d27a,2024,Qtr 3,July,25,a1034d9a-1051-7074-049c-fb99233de741,AW2GFA,URL,https://app.securetag.in/found
in.pixiverse.user.management.securetag.db.entity.QRCode,66a28c52361f465a40c2d2c0,66a28c4f361f465a40c2d27b,2024,Qtr 3,July,25,a1034d9a-1051-7074-049c-fb99233de741,66a28bce361f465a40c2d27a,2024,Qtr 3,July,25,a1034d9a-1051-7074-049c-fb99233de741,FEK451,URL,https://app.securetag.in/found
in.pixiverse.user.management.securetag.db.entity.QRCode,66a28c52361f465a40c2d2c1,66a28c4f361f465a40c2d27b,2024,Qtr 3,July,25,a1034d9a-1051-7074-049c-fb99233de741,66a28bce361f465a40c2d27a,2024,Qtr 3,July,25,a1034d9a-1051-7074-049c-fb99233de741,3PAR5Y,URL,https://app.securetag.in/found
in.pixiverse.user.management.securetag.db.entity.QRCode,66a28c52361f465a40c2d2c2,66a28c4f361f465a40c2d27b,2024,Qtr 3,July,25,a1034d9a-1051-7074-049c-fb99233de741,66a28bce361f465a40c2d27a,2024,Qtr 3,July,25,a1034d9a-1051-7074-049c-fb99233de741,95OKAE,URL,https://app.securetag.in/found
in.pixiverse.user.management.securetag.db.entity.QRCode,66a28c52361f465a40c2d2c3,66a28c4f361f465a40c2d27b,2024,Qtr 3,July,25,a1034d9a-1051-7074-049c-fb99233de741,66a28bce361f465a40c2d27a,2024,Qtr 3,July,25,a1034d9a-1051-7074-049c-fb99233de741,JE6HJR,URL,https://app.securetag.in/found
in.pixiverse.user.management.securetag.db.entity.QRCode,66a28c52361f465a40c2d2c4,66a28c4f361f465a40c2d27b,2024,Qtr 3,July,25,a1034d9a-1051-7074-049c-fb99233de741,66a28bce361f465a40c2d27a,2024,Qtr 3,July,25,a1034d9a-1051-7074-049c-fb99233de741,V6USVP,URL,https://app.securetag.in/found
in.pixiverse.user.management.securetag.db.entity.QRCode,66a28c52361f465a40c2d2c5,66a28c4f361f465a40c2d27b,2024,Qtr 3,July,25,a1034d9a-1051-7074-049c-fb99233de741,66a28bce361f465a40c2d27a,2024,Qtr 3,July,25,a1034d9a-1051-7074-049c-fb99233de741,5TMUA2,URL,https://app.securetag.in/found
in.pixiverse.user.management.securetag.db.entity.QRCode,66a28c52361f465a40c2d2c6,66a28c4f361f465a40c2d27b,2024,Qtr 3,July,25,a1034d9a-1051-7074-049c-fb99233de741,66a28bce361f465a40c2d27a,2024,Qtr 3,July,25,a1034d9a-1051-7074-049c-fb99233de741,D60HCY,URL,https://app.securetag.in/found
in.pixiverse.user.management.securetag.db.entity.QRCode,66a28c52361f465a40c2d2c7,66a28c4f361f465a40c2d27b,2024,Qtr 3,July,25,a1034d9a-1051-7074-049c-fb99233de741,66a28bce361f465a40c2d27a,2024,Qtr 3,July,25,a1034d9a-1051-7074-049c-fb99233de741,NPHB5V,URL,https://app.securetag.in/found
in.pixiverse.user.management.securetag.db.entity.QRCode,66a28c52361f465a40c2d2c8,66a28c4f361f465a40c2d27b,2024,Qtr 3,July,25,a1034d9a-1051-7074-049c-fb99233de741,66a28bce361f465a40c2d27a,2024,Qtr 3,July,25,a1034d9a-1051-7074-049c-fb99233de741,ZBZKJT,URL,https://app.securetag.in/found
in.pixiverse.user.management.securetag.db.entity.QRCode,66a28c52361f465a40c2d2c9,66a28c4f361f465a40c2d27b,2024,Qtr 3,July,25,a1034d9a-1051-7074-049c-fb99233de741,66a28bce361f465a40c2d27a,2024,Qtr 3,July,25,a1034d9a-1051-7074-049c-fb99233de741,GPM2SG,URL,https://app.securetag.in/found
in.pixiverse.user.management.securetag.db.entity.QRCode,66a28c52361f465a40c2d2ca,66a28c4f361f465a40c2d27b,2024,Qtr 3,July,25,a1034d9a-1051-7074-049c-fb99233de741,66a28bce361f465a40c2d27a,2024,Qtr 3,July,25,a1034d9a-1051-7074-049c-fb99233de741,JO7QQF,URL,https://app.securetag.in/found
in.pixiverse.user.management.securetag.db.entity.QRCode,66a28c52361f465a40c2d2cb,66a28c4f361f465a40c2d27b,2024,Qtr 3,July,25,a1034d9a-1051-7074-049c-fb99233de741,66a28bce361f465a40c2d27a,2024,Qtr 3,July,25,a1034d9a-1051-7074-049c-fb99233de741,9M2EWL,URL,https://app.securetag.in/found
in.pixiverse.user.management.securetag.db.entity.QRCode,66a28c52361f465a40c2d2cc,66a28c4f361f465a40c2d27b,2024,Qtr 3,July,25,a1034d9a-1051-7074-049c-fb99233de741,66a28bce361f465a40c2d27a,2024,Qtr 3,July,25,a1034d9a-1051-7074-049c-fb99233de741,DYTY23,URL,https://app.securetag.in/found
in.pixiverse.user.management.securetag.db.entity.QRCode,66a28c52361f465a40c2d2cd,66a28c4f361f465a40c2d27b,2024,Qtr 3,July,25,a1034d9a-1051-7074-049c-fb99233de741,66a28bce361f465a40c2d27a,2024,Qtr 3,July,25,a1034d9a-1051-7074-049c-fb99233de741,X4IHI2,URL,https://app.securetag.in/found
in.pixiverse.user.management.securetag.db.entity.QRCode,66a28c52361f465a40c2d2ce,66a28c4f361f465a40c2d27b,2024,Qtr 3,July,25,a1034d9a-1051-7074-049c-fb99233de741,66a28bce361f465a40c2d27a,2024,Qtr 3,July,25,a1034d9a-1051-7074-049c-fb99233de741,C538VY,URL,https://app.securetag.in/found
in.pixiverse.user.management.securetag.db.entity.QRCode,66a28c52361f465a40c2d2cf,66a28c4f361f465a40c2d27b,2024,Qtr 3,July,25,a1034d9a-1051-7074-049c-fb99233de741,66a28bce361f465a40c2d27a,2024,Qtr 3,July,25,a1034d9a-1051-7074-049c-fb99233de741,WRQN7T,URL,https://app.securetag.in/found
in.pixiverse.user.management.securetag.db.entity.QRCode,66a28c52361f465a40c2d2d0,66a28c4f361f465a40c2d27b,2024,Qtr 3,July,25,a1034d9a-1051-7074-049c-fb99233de741,66a28bce361f465a40c2d27a,2024,Qtr 3,July,25,a1034d9a-1051-7074-049c-fb99233de741,5IBKKT,URL,https://app.securetag.in/found
in.pixiverse.user.management.securetag.db.entity.QRCode,66a28c52361f465a40c2d2d1,66a28c4f361f465a40c2d27b,2024,Qtr 3,July,25,a1034d9a-1051-7074-049c-fb99233de741,66a28bce361f465a40c2d27a,2024,Qtr 3,July,25,a1034d9a-1051-7074-049c-fb99233de741,LAEDJT,URL,https://app.securetag.in/found
in.pixiverse.user.management.securetag.db.entity.QRCode,66a28c52361f465a40c2d2d2,66a28c4f361f465a40c2d27b,2024,Qtr 3,July,25,a1034d9a-1051-7074-049c-fb99233de741,66a28bce361f465a40c2d27a,2024,Qtr 3,July,25,a1034d9a-1051-7074-049c-fb99233de741,G7IBPU,URL,https://app.securetag.in/found
in.pixiverse.user.management.securetag.db.entity.QRCode,66a28c52361f465a40c2d2d3,66a28c4f361f465a40c2d27b,2024,Qtr 3,July,25,a1034d9a-1051-7074-049c-fb99233de741,66a28bce361f465a40c2d27a,2024,Qtr 3,July,25,a1034d9a-1051-7074-049c-fb99233de741,HWHEK2,URL,https://app.securetag.in/found
in.pixiverse.user.management.securetag.db.entity.QRCode,66a28c52361f465a40c2d2d4,66a28c4f361f465a40c2d27b,2024,Qtr 3,July,25,a1034d9a-1051-7074-049c-fb99233de741,66a28bce361f465a40c2d27a,2024,Qtr 3,July,25,a1034d9a-1051-7074-049c-fb99233de741,5QVRW5,URL,https://app.securetag.in/found
in.pixiverse.user.management.securetag.db.entity.QRCode,66a28c52361f465a40c2d2d5,66a28c4f361f465a40c2d27b,2024,Qtr 3,July,25,a1034d9a-1051-7074-049c-fb99233de741,66a28bce361f465a40c2d27a,2024,Qtr 3,July,25,a1034d9a-1051-7074-049c-fb99233de741,YHHACN,URL,https://app.securetag.in/found
in.pixiverse.user.management.securetag.db.entity.QRCode,66a28c52361f465a40c2d2d6,66a28c4f361f465a40c2d27b,2024,Qtr 3,July,25,a1034d9a-1051-7074-049c-fb99233de741,66a28bce361f465a40c2d27a,2024,Qtr 3,July,25,a1034d9a-1051-7074-049c-fb99233de741,44KVLM,URL,https://app.securetag.in/found
in.pixiverse.user.management.securetag.db.entity.QRCode,66a28c52361f465a40c2d2d7,66a28c4f361f465a40c2d27b,2024,Qtr 3,July,25,a1034d9a-1051-7074-049c-fb99233de741,66a28bce361f465a40c2d27a,2024,Qtr 3,July,25,a1034d9a-1051-7074-049c-fb99233de741,6O4C2I,URL,https://app.securetag.in/found
in.pixiverse.user.management.securetag.db.entity.QRCode,66a28c52361f465a40c2d2d8,66a28c4f361f465a40c2d27b,2024,Qtr 3,July,25,a1034d9a-1051-7074-049c-fb99233de741,66a28bce361f465a40c2d27a,2024,Qtr 3,July,25,a1034d9a-1051-7074-049c-fb99233de741,H5D2AU,URL,https://app.securetag.in/found
in.pixiverse.user.management.securetag.db.entity.QRCode,66a28c52361f465a40c2d2d9,66a28c4f361f465a40c2d27b,2024,Qtr 3,July,25,a1034d9a-1051-7074-049c-fb99233de741,66a28bce361f465a40c2d27a,2024,Qtr 3,July,25,a1034d9a-1051-7074-049c-fb99233de741,X23CQT,URL,https://app.securetag.in/found
in.pixiverse.user.management.securetag.db.entity.QRCode,66a28c52361f465a40c2d2da,66a28c4f361f465a40c2d27b,2024,Qtr 3,July,25,a1034d9a-1051-7074-049c-fb99233de741,66a28bce361f465a40c2d27a,2024,Qtr 3,July,25,a1034d9a-1051-7074-049c-fb99233de741,T0UPTU,URL,https://app.securetag.in/found
in.pixiverse.user.management.securetag.db.entity.QRCode,66a28c52361f465a40c2d2db,66a28c4f361f465a40c2d27b,2024,Qtr 3,July,25,a1034d9a-1051-7074-049c-fb99233de741,66a28bce361f465a40c2d27a,2024,Qtr 3,July,25,a1034d9a-1051-7074-049c-fb99233de741,IZE93G,URL,https://app.securetag.in/found
in.pixiverse.user.management.securetag.db.entity.QRCode,66a28c52361f465a40c2d2dc,66a28c4f361f465a40c2d27b,2024,Qtr 3,July,25,a1034d9a-1051-7074-049c-fb99233de741,66a28bce361f465a40c2d27a,2024,Qtr 3,July,25,a1034d9a-1051-7074-049c-fb99233de741,ANP11D,URL,https://app.securetag.in/found
in.pixiverse.user.management.securetag.db.entity.QRCode,66a28c52361f465a40c2d2dd,66a28c4f361f465a40c2d27b,2024,Qtr 3,July,25,a1034d9a-1051-7074-049c-fb99233de741,66a28bce361f465a40c2d27a,2024,Qtr 3,July,25,a1034d9a-1051-7074-049c-fb99233de741,H7UXLT,URL,https://app.securetag.in/found
in.pixiverse.user.management.securetag.db.entity.QRCode,66a28c52361f465a40c2d2de,66a28c4f361f465a40c2d27b,2024,Qtr 3,July,25,a1034d9a-1051-7074-049c-fb99233de741,66a28bce361f465a40c2d27a,2024,Qtr 3,July,25,a1034d9a-1051-7074-049c-fb99233de741,6T2XEH,URL,https://app.securetag.in/found
in.pixiverse.user.management.securetag.db.entity.QRCode,66a28c52361f465a40c2d2df,66a28c4f361f465a40c2d27b,2024,Qtr 3,July,25,a1034d9a-1051-7074-049c-fb99233de741,66a28bce361f465a40c2d27a,2024,Qtr 3,July,25,a1034d9a-1051-7074-049c-fb99233de741,ZCE4VK,URL,https://app.securetag.in/found
in.pixiverse.user.management.securetag.db.entity.QRCode,66a28c52361f465a40c2d2e0,66a28c4f361f465a40c2d27b,2024,Qtr 3,July,25,a1034d9a-1051-7074-049c-fb99233de741,66a28bce361f465a40c2d27a,2024,Qtr 3,July,25,a1034d9a-1051-7074-049c-fb99233de741,QS7S45,URL,https://app.securetag.in/found
in.pixiverse.user.management.securetag.db.entity.QRCode,66a28c52361f465a40c2d2e1,66a28c4f361f465a40c2d27b,2024,Qtr 3,July,25,a1034d9a-1051-7074-049c-fb99233de741,66a28bce361f465a40c2d27a,2024,Qtr 3,July,25,a1034d9a-1051-7074-049c-fb99233de741,585TCD,URL,https://app.securetag.in/found
in.pixiverse.user.management.securetag.db.entity.QRCode,66a28c52361f465a40c2d2e2,66a28c4f361f465a40c2d27b,2024,Qtr 3,July,25,a1034d9a-1051-7074-049c-fb99233de741,66a28bce361f465a40c2d27a,2024,Qtr 3,July,25,a1034d9a-1051-7074-049c-fb99233de741,DID6QK,URL,https://app.securetag.in/found
in.pixiverse.user.management.securetag.db.entity.QRCode,66a28c52361f465a40c2d2e3,66a28c4f361f465a40c2d27b,2024,Qtr 3,July,25,a1034d9a-1051-7074-049c-fb99233de741,66a28bce361f465a40c2d27a,2024,Qtr 3,July,25,a1034d9a-1051-7074-049c-fb99233de741,QO1BAC,URL,https://app.securetag.in/found
in.pixiverse.user.management.securetag.db.entity.QRCode,66a28c52361f465a40c2d2e4,66a28c4f361f465a40c2d27b,2024,Qtr 3,July,25,a1034d9a-1051-7074-049c-fb99233de741,66a28bce361f465a40c2d27a,2024,Qtr 3,July,25,a1034d9a-1051-7074-049c-fb99233de741,S3VVCB,URL,https://app.securetag.in/found
in.pixiverse.user.management.securetag.db.entity.QRCode,66a28c52361f465a40c2d2e5,66a28c4f361f465a40c2d27b,2024,Qtr 3,July,25,a1034d9a-1051-7074-049c-fb99233de741,66a28bce361f465a40c2d27a,2024,Qtr 3,July,25,a1034d9a-1051-7074-049c-fb99233de741,WEVYS2,URL,https://app.securetag.in/found
in.pixiverse.user.management.securetag.db.entity.QRCode,66a28c52361f465a40c2d2e6,66a28c4f361f465a40c2d27b,2024,Qtr 3,July,25,a1034d9a-1051-7074-049c-fb99233de741,66a28bce361f465a40c2d27a,2024,Qtr 3,July,25,a1034d9a-1051-7074-049c-fb99233de741,T5JX9C,URL,https://app.securetag.in/found
in.pixiverse.user.management.securetag.db.entity.QRCode,66a28c52361f465a40c2d2e7,66a28c4f361f465a40c2d27b,2024,Qtr 3,July,25,a1034d9a-1051-7074-049c-fb99233de741,66a28bce361f465a40c2d27a,2024,Qtr 3,July,25,a1034d9a-1051-7074-049c-fb99233de741,YJUR7R,URL,https://app.securetag.in/found
in.pixiverse.user.management.securetag.db.entity.QRCode,66a28c52361f465a40c2d2e8,66a28c4f361f465a40c2d27b,2024,Qtr 3,July,25,a1034d9a-1051-7074-049c-fb99233de741,66a28bce361f465a40c2d27a,2024,Qtr 3,July,25,a1034d9a-1051-7074-049c-fb99233de741,IJ0UEP,URL,https://app.securetag.in/found
in.pixiverse.user.management.securetag.db.entity.QRCode,66a28c52361f465a40c2d2e9,66a28c4f361f465a40c2d27b,2024,Qtr 3,July,25,a1034d9a-1051-7074-049c-fb99233de741,66a28bce361f465a40c2d27a,2024,Qtr 3,July,25,a1034d9a-1051-7074-049c-fb99233de741,OFAAJ9,URL,https://app.securetag.in/found
in.pixiverse.user.management.securetag.db.entity.QRCode,66a28c52361f465a40c2d2ea,66a28c4f361f465a40c2d27b,2024,Qtr 3,July,25,a1034d9a-1051-7074-049c-fb99233de741,66a28bce361f465a40c2d27a,2024,Qtr 3,July,25,a1034d9a-1051-7074-049c-fb99233de741,6QA7JB,URL,https://app.securetag.in/found
in.pixiverse.user.management.securetag.db.entity.QRCode,66a28c52361f465a40c2d2eb,66a28c4f361f465a40c2d27b,2024,Qtr 3,July,25,a1034d9a-1051-7074-049c-fb99233de741,66a28bce361f465a40c2d27a,2024,Qtr 3,July,25,a1034d9a-1051-7074-049c-fb99233de741,BR254B,URL,https://app.securetag.in/found
in.pixiverse.user.management.securetag.db.entity.QRCode,66a28c52361f465a40c2d2ec,66a28c4f361f465a40c2d27b,2024,Qtr 3,July,25,a1034d9a-1051-7074-049c-fb99233de741,66a28bce361f465a40c2d27a,2024,Qtr 3,July,25,a1034d9a-1051-7074-049c-fb99233de741,FSZZT3,URL,https://app.securetag.in/found
in.pixiverse.user.management.securetag.db.entity.QRCode,66a28c52361f465a40c2d2ed,66a28c4f361f465a40c2d27b,2024,Qtr 3,July,25,a1034d9a-1051-7074-049c-fb99233de741,66a28bce361f465a40c2d27a,2024,Qtr 3,July,25,a1034d9a-1051-7074-049c-fb99233de741,NAVTS2,URL,https://app.securetag.in/found
in.pixiverse.user.management.securetag.db.entity.QRCode,66a28c52361f465a40c2d2ee,66a28c4f361f465a40c2d27b,2024,Qtr 3,July,25,a1034d9a-1051-7074-049c-fb99233de741,66a28bce361f465a40c2d27a,2024,Qtr 3,July,25,a1034d9a-1051-7074-049c-fb99233de741,WD32DT,URL,https://app.securetag.in/found
in.pixiverse.user.management.securetag.db.entity.QRCode,66a28c52361f465a40c2d2ef,66a28c4f361f465a40c2d27b,2024,Qtr 3,July,25,a1034d9a-1051-7074-049c-fb99233de741,66a28bce361f465a40c2d27a,2024,Qtr 3,July,25,a1034d9a-1051-7074-049c-fb99233de741,7MJJF4,URL,https://app.securetag.in/found
in.pixiverse.user.management.securetag.db.entity.QRCode,66a28c52361f465a40c2d2f0,66a28c4f361f465a40c2d27b,2024,Qtr 3,July,25,a1034d9a-1051-7074-049c-fb99233de741,66a28bce361f465a40c2d27a,2024,Qtr 3,July,25,a1034d9a-1051-7074-049c-fb99233de741,YDZA9H,URL,https://app.securetag.in/found
in.pixiverse.user.management.securetag.db.entity.QRCode,66a28c52361f465a40c2d2f1,66a28c4f361f465a40c2d27b,2024,Qtr 3,July,25,a1034d9a-1051-7074-049c-fb99233de741,66a28bce361f465a40c2d27a,2024,Qtr 3,July,25,a1034d9a-1051-7074-049c-fb99233de741,8HSIMJ,URL,https://app.securetag.in/found
in.pixiverse.user.management.securetag.db.entity.QRCode,66a28c52361f465a40c2d2f2,66a28c4f361f465a40c2d27b,2024,Qtr 3,July,25,a1034d9a-1051-7074-049c-fb99233de741,66a28bce361f465a40c2d27a,2024,Qtr 3,July,25,a1034d9a-1051-7074-049c-fb99233de741,XJTZ7E,URL,https://app.securetag.in/found
in.pixiverse.user.management.securetag.db.entity.QRCode,66a28c52361f465a40c2d2f3,66a28c4f361f465a40c2d27b,2024,Qtr 3,July,25,a1034d9a-1051-7074-049c-fb99233de741,66a28bce361f465a40c2d27a,2024,Qtr 3,July,25,a1034d9a-1051-7074-049c-fb99233de741,SD07WG,URL,https://app.securetag.in/found
in.pixiverse.user.management.securetag.db.entity.QRCode,66a28c52361f465a40c2d2f4,66a28c4f361f465a40c2d27b,2024,Qtr 3,July,25,a1034d9a-1051-7074-049c-fb99233de741,66a28bce361f465a40c2d27a,2024,Qtr 3,July,25,a1034d9a-1051-7074-049c-fb99233de741,YWIMR2,URL,https://app.securetag.in/found
in.pixiverse.user.management.securetag.db.entity.QRCode,66a28c52361f465a40c2d2f5,66a28c4f361f465a40c2d27b,2024,Qtr 3,July,25,a1034d9a-1051-7074-049c-fb99233de741,66a28bce361f465a40c2d27a,2024,Qtr 3,July,25,a1034d9a-1051-7074-049c-fb99233de741,EEPMNB,URL,https://app.securetag.in/found
in.pixiverse.user.management.securetag.db.entity.QRCode,66a28c52361f465a40c2d2f6,66a28c4f361f465a40c2d27b,2024,Qtr 3,July,25,a1034d9a-1051-7074-049c-fb99233de741,66a28bce361f465a40c2d27a,2024,Qtr 3,July,25,a1034d9a-1051-7074-049c-fb99233de741,WFBGC9,URL,https://app.securetag.in/found
in.pixiverse.user.management.securetag.db.entity.QRCode,66a28c52361f465a40c2d2f7,66a28c4f361f465a40c2d27b,2024,Qtr 3,July,25,a1034d9a-1051-7074-049c-fb99233de741,66a28bce361f465a40c2d27a,2024,Qtr 3,July,25,a1034d9a-1051-7074-049c-fb99233de741,AWRFOJ,URL,https://app.securetag.in/found
in.pixiverse.user.management.securetag.db.entity.QRCode,66a28c52361f465a40c2d2f8,66a28c4f361f465a40c2d27b,2024,Qtr 3,July,25,a1034d9a-1051-7074-049c-fb99233de741,66a28bce361f465a40c2d27a,2024,Qtr 3,July,25,a1034d9a-1051-7074-049c-fb99233de741,DT0MR7,URL,https://app.securetag.in/found
in.pixiverse.user.management.securetag.db.entity.QRCode,66a28c52361f465a40c2d2f9,66a28c4f361f465a40c2d27b,2024,Qtr 3,July,25,a1034d9a-1051-7074-049c-fb99233de741,66a28bce361f465a40c2d27a,2024,Qtr 3,July,25,a1034d9a-1051-7074-049c-fb99233de741,SNLGXE,URL,https://app.securetag.in/found
in.pixiverse.user.management.securetag.db.entity.QRCode,66a28c52361f465a40c2d2fa,66a28c4f361f465a40c2d27b,2024,Qtr 3,July,25,a1034d9a-1051-7074-049c-fb99233de741,66a28bce361f465a40c2d27a,2024,Qtr 3,July,25,a1034d9a-1051-7074-049c-fb99233de741,SLHAG7,URL,https://app.securetag.in/found
in.pixiverse.user.management.securetag.db.entity.QRCode,66a28c52361f465a40c2d2fb,66a28c4f361f465a40c2d27b,2024,Qtr 3,July,25,a1034d9a-1051-7074-049c-fb99233de741,66a28bce361f465a40c2d27a,2024,Qtr 3,July,25,a1034d9a-1051-7074-049c-fb99233de741,BV9IYP,URL,https://app.securetag.in/found
in.pixiverse.user.management.securetag.db.entity.QRCode,66a28c52361f465a40c2d2fc,66a28c4f361f465a40c2d27b,2024,Qtr 3,July,25,a1034d9a-1051-7074-049c-fb99233de741,66a28bce361f465a40c2d27a,2024,Qtr 3,July,25,a1034d9a-1051-7074-049c-fb99233de741,SF23L0,URL,https://app.securetag.in/found
in.pixiverse.user.management.securetag.db.entity.QRCode,66a28c52361f465a40c2d2fd,66a28c4f361f465a40c2d27b,2024,Qtr 3,July,25,a1034d9a-1051-7074-049c-fb99233de741,66a28bce361f465a40c2d27a,2024,Qtr 3,July,25,a1034d9a-1051-7074-049c-fb99233de741,JNOO57,URL,https://app.securetag.in/found
in.pixiverse.user.management.securetag.db.entity.QRCode,66a28c52361f465a40c2d2fe,66a28c4f361f465a40c2d27b,2024,Qtr 3,July,25,a1034d9a-1051-7074-049c-fb99233de741,66a28bce361f465a40c2d27a,2024,Qtr 3,July,25,a1034d9a-1051-7074-049c-fb99233de741,9Y8MWT,URL,https://app.securetag.in/found
in.pixiverse.user.management.securetag.db.entity.QRCode,66a28c52361f465a40c2d2ff,66a28c4f361f465a40c2d27b,2024,Qtr 3,July,25,a1034d9a-1051-7074-049c-fb99233de741,66a28bce361f465a40c2d27a,2024,Qtr 3,July,25,a1034d9a-1051-7074-049c-fb99233de741,PI2DRA,URL,https://app.securetag.in/found
in.pixiverse.user.management.securetag.db.entity.QRCode,66a28c52361f465a40c2d300,66a28c4f361f465a40c2d27b,2024,Qtr 3,July,25,a1034d9a-1051-7074-049c-fb99233de741,66a28bce361f465a40c2d27a,2024,Qtr 3,July,25,a1034d9a-1051-7074-049c-fb99233de741,AJVL70,URL,https://app.securetag.in/found
in.pixiverse.user.management.securetag.db.entity.QRCode,66a28c52361f465a40c2d301,66a28c4f361f465a40c2d27b,2024,Qtr 3,July,25,a1034d9a-1051-7074-049c-fb99233de741,66a28bce361f465a40c2d27a,2024,Qtr 3,July,25,a1034d9a-1051-7074-049c-fb99233de741,ZFCAP1,URL,https://app.securetag.in/found
in.pixiverse.user.management.securetag.db.entity.QRCode,66a28c52361f465a40c2d302,66a28c4f361f465a40c2d27b,2024,Qtr 3,July,25,a1034d9a-1051-7074-049c-fb99233de741,66a28bce361f465a40c2d27a,2024,Qtr 3,July,25,a1034d9a-1051-7074-049c-fb99233de741,XUKFG7,URL,https://app.securetag.in/found
in.pixiverse.user.management.securetag.db.entity.QRCode,66a28c52361f465a40c2d303,66a28c4f361f465a40c2d27b,2024,Qtr 3,July,25,a1034d9a-1051-7074-049c-fb99233de741,66a28bce361f465a40c2d27a,2024,Qtr 3,July,25,a1034d9a-1051-7074-049c-fb99233de741,P6XQ6W,URL,https://app.securetag.in/found
in.pixiverse.user.management.securetag.db.entity.QRCode,66a28c52361f465a40c2d304,66a28c4f361f465a40c2d27b,2024,Qtr 3,July,25,a1034d9a-1051-7074-049c-fb99233de741,66a28bce361f465a40c2d27a,2024,Qtr 3,July,25,a1034d9a-1051-7074-049c-fb99233de741,93IYMK,URL,https://app.securetag.in/found
in.pixiverse.user.management.securetag.db.entity.QRCode,66a28c52361f465a40c2d305,66a28c4f361f465a40c2d27b,2024,Qtr 3,July,25,a1034d9a-1051-7074-049c-fb99233de741,66a28bce361f465a40c2d27a,2024,Qtr 3,July,25,a1034d9a-1051-7074-049c-fb99233de741,3XUI1X,URL,https://app.securetag.in/found
in.pixiverse.user.management.securetag.db.entity.QRCode,66a28c52361f465a40c2d306,66a28c4f361f465a40c2d27b,2024,Qtr 3,July,25,a1034d9a-1051-7074-049c-fb99233de741,66a28bce361f465a40c2d27a,2024,Qtr 3,July,25,a1034d9a-1051-7074-049c-fb99233de741,6NDPGS,URL,https://app.securetag.in/found
in.pixiverse.user.management.securetag.db.entity.QRCode,66a28c52361f465a40c2d307,66a28c4f361f465a40c2d27b,2024,Qtr 3,July,25,a1034d9a-1051-7074-049c-fb99233de741,66a28bce361f465a40c2d27a,2024,Qtr 3,July,25,a1034d9a-1051-7074-049c-fb99233de741,3TAGCK,URL,https://app.securetag.in/found
in.pixiverse.user.management.securetag.db.entity.QRCode,66a28c52361f465a40c2d308,66a28c4f361f465a40c2d27b,2024,Qtr 3,July,25,a1034d9a-1051-7074-049c-fb99233de741,66a28bce361f465a40c2d27a,2024,Qtr 3,July,25,a1034d9a-1051-7074-049c-fb99233de741,P6A8V9,URL,https://app.securetag.in/found
in.pixiverse.user.management.securetag.db.entity.QRCode,66a28c52361f465a40c2d309,66a28c4f361f465a40c2d27b,2024,Qtr 3,July,25,a1034d9a-1051-7074-049c-fb99233de741,66a28bce361f465a40c2d27a,2024,Qtr 3,July,25,a1034d9a-1051-7074-049c-fb99233de741,X3QWBU,URL,https://app.securetag.in/found
in.pixiverse.user.management.securetag.db.entity.QRCode,66a28c52361f465a40c2d30a,66a28c4f361f465a40c2d27b,2024,Qtr 3,July,25,a1034d9a-1051-7074-049c-fb99233de741,66a28bce361f465a40c2d27a,2024,Qtr 3,July,25,a1034d9a-1051-7074-049c-fb99233de741,H9UQC7,URL,https://app.securetag.in/found
in.pixiverse.user.management.securetag.db.entity.QRCode,66a28c52361f465a40c2d30b,66a28c4f361f465a40c2d27b,2024,Qtr 3,July,25,a1034d9a-1051-7074-049c-fb99233de741,66a28bce361f465a40c2d27a,2024,Qtr 3,July,25,a1034d9a-1051-7074-049c-fb99233de741,QCCF13,URL,https://app.securetag.in/found
in.pixiverse.user.management.securetag.db.entity.QRCode,66a28c52361f465a40c2d30c,66a28c4f361f465a40c2d27b,2024,Qtr 3,July,25,a1034d9a-1051-7074-049c-fb99233de741,66a28bce361f465a40c2d27a,2024,Qtr 3,July,25,a1034d9a-1051-7074-049c-fb99233de741,MEWVMA,URL,https://app.securetag.in/found
in.pixiverse.user.management.securetag.db.entity.QRCode,66a28c52361f465a40c2d30d,66a28c4f361f465a40c2d27b,2024,Qtr 3,July,25,a1034d9a-1051-7074-049c-fb99233de741,66a28bce361f465a40c2d27a,2024,Qtr 3,July,25,a1034d9a-1051-7074-049c-fb99233de741,1H22W2,URL,https://app.securetag.in/found
in.pixiverse.user.management.securetag.db.entity.QRCode,66a28c52361f465a40c2d30e,66a28c4f361f465a40c2d27b,2024,Qtr 3,July,25,a1034d9a-1051-7074-049c-fb99233de741,66a28bce361f465a40c2d27a,2024,Qtr 3,July,25,a1034d9a-1051-7074-049c-fb99233de741,6SPZG4,URL,https://app.securetag.in/found
in.pixiverse.user.management.securetag.db.entity.QRCode,66a28c52361f465a40c2d30f,66a28c4f361f465a40c2d27b,2024,Qtr 3,July,25,a1034d9a-1051-7074-049c-fb99233de741,66a28bce361f465a40c2d27a,2024,Qtr 3,July,25,a1034d9a-1051-7074-049c-fb99233de741,B3ZCX8,URL,https://app.securetag.in/found
in.pixiverse.user.management.securetag.db.entity.QRCode,66a28c52361f465a40c2d310,66a28c4f361f465a40c2d27b,2024,Qtr 3,July,25,a1034d9a-1051-7074-049c-fb99233de741,66a28bce361f465a40c2d27a,2024,Qtr 3,July,25,a1034d9a-1051-7074-049c-fb99233de741,2RZW6M,URL,https://app.securetag.in/found
in.pixiverse.user.management.securetag.db.entity.QRCode,66a28c52361f465a40c2d311,66a28c4f361f465a40c2d27b,2024,Qtr 3,July,25,a1034d9a-1051-7074-049c-fb99233de741,66a28bce361f465a40c2d27a,2024,Qtr 3,July,25,a1034d9a-1051-7074-049c-fb99233de741,SSSCZG,URL,https://app.securetag.in/found
in.pixiverse.user.management.securetag.db.entity.QRCode,66a28d25361f465a40c2d313,66a28d25361f465a40c2d312,2024,Qtr 3,July,25,a1034d9a-1051-7074-049c-fb99233de741,667ff00298c9713daae37aa5,2024,Qtr 3,July,25,a1034d9a-1051-7074-049c-fb99233de741,2J2A9S,URL,https://app.securetag.in/found
in.pixiverse.user.management.securetag.db.entity.QRCode,66a28d25361f465a40c2d314,66a28d25361f465a40c2d312,2024,Qtr 3,July,25,a1034d9a-1051-7074-049c-fb99233de741,667ff00298c9713daae37aa5,2024,Qtr 3,July,25,a1034d9a-1051-7074-049c-fb99233de741,RTJZFC,URL,https://app.securetag.in/found
in.pixiverse.user.management.securetag.db.entity.QRCode,66a28d25361f465a40c2d315,66a28d25361f465a40c2d312,2024,Qtr 3,July,25,a1034d9a-1051-7074-049c-fb99233de741,667ff00298c9713daae37aa5,2024,Qtr 3,July,25,a1034d9a-1051-7074-049c-fb99233de741,F5070E,URL,https://app.securetag.in/found
in.pixiverse.user.management.securetag.db.entity.QRCode,66a28d25361f465a40c2d316,66a28d25361f465a40c2d312,2024,Qtr 3,July,25,a1034d9a-1051-7074-049c-fb99233de741,667ff00298c9713daae37aa5,2024,Qtr 3,July,25,a1034d9a-1051-7074-049c-fb99233de741,Y0YW78,URL,https://app.securetag.in/found
in.pixiverse.user.management.securetag.db.entity.QRCode,66a28d25361f465a40c2d317,66a28d25361f465a40c2d312,2024,Qtr 3,July,25,a1034d9a-1051-7074-049c-fb99233de741,667ff00298c9713daae37aa5,2024,Qtr 3,July,25,a1034d9a-1051-7074-049c-fb99233de741,ISTVZ9,URL,https://app.securetag.in/found
in.pixiverse.user.management.securetag.db.entity.QRCode,66a28d25361f465a40c2d318,66a28d25361f465a40c2d312,2024,Qtr 3,July,25,a1034d9a-1051-7074-049c-fb99233de741,667ff00298c9713daae37aa5,2024,Qtr 3,July,25,a1034d9a-1051-7074-049c-fb99233de741,A6QSNZ,URL,https://app.securetag.in/found
in.pixiverse.user.management.securetag.db.entity.QRCode,66a28d25361f465a40c2d319,66a28d25361f465a40c2d312,2024,Qtr 3,July,25,a1034d9a-1051-7074-049c-fb99233de741,667ff00298c9713daae37aa5,2024,Qtr 3,July,25,a1034d9a-1051-7074-049c-fb99233de741,3EG0SL,URL,https://app.securetag.in/found
in.pixiverse.user.management.securetag.db.entity.QRCode,66a28d25361f465a40c2d31a,66a28d25361f465a40c2d312,2024,Qtr 3,July,25,a1034d9a-1051-7074-049c-fb99233de741,667ff00298c9713daae37aa5,2024,Qtr 3,July,25,a1034d9a-1051-7074-049c-fb99233de741,J77DA3,URL,https://app.securetag.in/found
in.pixiverse.user.management.securetag.db.entity.QRCode,66a28ed4361f465a40c2d31d,66a28ed4361f465a40c2d31c,2024,Qtr 3,July,25,a1034d9a-1051-7074-049c-fb99233de741,6632d385382ecd43e5d5bb03,2024,Qtr 3,July,25,a1034d9a-1051-7074-049c-fb99233de741,MM0YR1,URL,https://app.securetag.in/found
in.pixiverse.user.management.securetag.db.entity.QRCode,66a28ed4361f465a40c2d31e,66a28ed4361f465a40c2d31c,2024,Qtr 3,July,25,a1034d9a-1051-7074-049c-fb99233de741,6632d385382ecd43e5d5bb03,2024,Qtr 3,July,25,a1034d9a-1051-7074-049c-fb99233de741,4Q68TI,URL,https://app.securetag.in/found
in.pixiverse.user.management.securetag.db.entity.QRCode,66a28ed4361f465a40c2d31f,66a28ed4361f465a40c2d31c,2024,Qtr 3,July,25,a1034d9a-1051-7074-049c-fb99233de741,6632d385382ecd43e5d5bb03,2024,Qtr 3,July,25,a1034d9a-1051-7074-049c-fb99233de741,7LZ7UE,URL,https://app.securetag.in/found
in.pixiverse.user.management.securetag.db.entity.QRCode,66a28ed4361f465a40c2d320,66a28ed4361f465a40c2d31c,2024,Qtr 3,July,25,a1034d9a-1051-7074-049c-fb99233de741,6632d385382ecd43e5d5bb03,2024,Qtr 3,July,25,a1034d9a-1051-7074-049c-fb99233de741,4A860Q,URL,https://app.securetag.in/found
in.pixiverse.user.management.securetag.db.entity.QRCode,66a28ed4361f465a40c2d321,66a28ed4361f465a40c2d31c,2024,Qtr 3,July,25,a1034d9a-1051-7074-049c-fb99233de741,6632d385382ecd43e5d5bb03,2024,Qtr 3,July,25,a1034d9a-1051-7074-049c-fb99233de741,V05A32,URL,https://app.securetag.in/found
in.pixiverse.user.management.securetag.db.entity.QRCode,66a28ed4361f465a40c2d322,66a28ed4361f465a40c2d31c,2024,Qtr 3,July,25,a1034d9a-1051-7074-049c-fb99233de741,6632d385382ecd43e5d5bb03,2024,Qtr 3,July,25,a1034d9a-1051-7074-049c-fb99233de741,OSGP8M,URL,https://app.securetag.in/found
in.pixiverse.user.management.securetag.db.entity.QRCode,66a28ed4361f465a40c2d323,66a28ed4361f465a40c2d31c,2024,Qtr 3,July,25,a1034d9a-1051-7074-049c-fb99233de741,6632d385382ecd43e5d5bb03,2024,Qtr 3,July,25,a1034d9a-1051-7074-049c-fb99233de741,5J7WFA,URL,https://app.securetag.in/found
in.pixiverse.user.management.securetag.db.entity.QRCode,66a28ed4361f465a40c2d324,66a28ed4361f465a40c2d31c,2024,Qtr 3,July,25,a1034d9a-1051-7074-049c-fb99233de741,6632d385382ecd43e5d5bb03,2024,Qtr 3,July,25,a1034d9a-1051-7074-049c-fb99233de741,OMTYO0,URL,https://app.securetag.in/found
in.pixiverse.user.management.securetag.db.entity.QRCode,66a28ed4361f465a40c2d325,66a28ed4361f465a40c2d31c,2024,Qtr 3,July,25,a1034d9a-1051-7074-049c-fb99233de741,6632d385382ecd43e5d5bb03,2024,Qtr 3,July,25,a1034d9a-1051-7074-049c-fb99233de741,A3EYCI,URL,https://app.securetag.in/found
in.pixiverse.user.management.securetag.db.entity.QRCode,66a28ed4361f465a40c2d326,66a28ed4361f465a40c2d31c,2024,Qtr 3,July,25,a1034d9a-1051-7074-049c-fb99233de741,6632d385382ecd43e5d5bb03,2024,Qtr 3,July,25,a1034d9a-1051-7074-049c-fb99233de741,UJFFSZ,URL,https://app.securetag.in/found
in.pixiverse.user.management.securetag.db.entity.QRCode,66a28ed4361f465a40c2d327,66a28ed4361f465a40c2d31c,2024,Qtr 3,July,25,a1034d9a-1051-7074-049c-fb99233de741,6632d385382ecd43e5d5bb03,2024,Qtr 3,July,25,a1034d9a-1051-7074-049c-fb99233de741,LT72MH,URL,https://app.securetag.in/found
in.pixiverse.user.management.securetag.db.entity.QRCode,66a28ed4361f465a40c2d328,66a28ed4361f465a40c2d31c,2024,Qtr 3,July,25,a1034d9a-1051-7074-049c-fb99233de741,6632d385382ecd43e5d5bb03,2024,Qtr 3,July,25,a1034d9a-1051-7074-049c-fb99233de741,UL3LM3,URL,https://app.securetag.in/found
in.pixiverse.user.management.securetag.db.entity.QRCode,66a28ed4361f465a40c2d329,66a28ed4361f465a40c2d31c,2024,Qtr 3,July,25,a1034d9a-1051-7074-049c-fb99233de741,6632d385382ecd43e5d5bb03,2024,Qtr 3,July,25,a1034d9a-1051-7074-049c-fb99233de741,9351MU,URL,https://app.securetag.in/found
in.pixiverse.user.management.securetag.db.entity.QRCode,66a28ed4361f465a40c2d32a,66a28ed4361f465a40c2d31c,2024,Qtr 3,July,25,a1034d9a-1051-7074-049c-fb99233de741,6632d385382ecd43e5d5bb03,2024,Qtr 3,July,25,a1034d9a-1051-7074-049c-fb99233de741,KNCLSD,URL,https://app.securetag.in/found
in.pixiverse.user.management.securetag.db.entity.QRCode,66a28ed4361f465a40c2d32b,66a28ed4361f465a40c2d31c,2024,Qtr 3,July,25,a1034d9a-1051-7074-049c-fb99233de741,6632d385382ecd43e5d5bb03,2024,Qtr 3,July,25,a1034d9a-1051-7074-049c-fb99233de741,WIVNT3,URL,https://app.securetag.in/found
in.pixiverse.user.management.securetag.db.entity.QRCode,66a28ed4361f465a40c2d32c,66a28ed4361f465a40c2d31c,2024,Qtr 3,July,25,a1034d9a-1051-7074-049c-fb99233de741,6632d385382ecd43e5d5bb03,2024,Qtr 3,July,25,a1034d9a-1051-7074-049c-fb99233de741,JFSU2N,URL,https://app.securetag.in/found
in.pixiverse.user.management.securetag.db.entity.QRCode,66a28ed4361f465a40c2d32d,66a28ed4361f465a40c2d31c,2024,Qtr 3,July,25,a1034d9a-1051-7074-049c-fb99233de741,6632d385382ecd43e5d5bb03,2024,Qtr 3,July,25,a1034d9a-1051-7074-049c-fb99233de741,LY434H,URL,https://app.securetag.in/found
in.pixiverse.user.management.securetag.db.entity.QRCode,66a28ed4361f465a40c2d32e,66a28ed4361f465a40c2d31c,2024,Qtr 3,July,25,a1034d9a-1051-7074-049c-fb99233de741,6632d385382ecd43e5d5bb03,2024,Qtr 3,July,25,a1034d9a-1051-7074-049c-fb99233de741,7152NG,URL,https://app.securetag.in/found
in.pixiverse.user.management.securetag.db.entity.QRCode,66a28ed4361f465a40c2d32f,66a28ed4361f465a40c2d31c,2024,Qtr 3,July,25,a1034d9a-1051-7074-049c-fb99233de741,6632d385382ecd43e5d5bb03,2024,Qtr 3,July,25,a1034d9a-1051-7074-049c-fb99233de741,9P7AHQ,URL,https://app.securetag.in/found
in.pixiverse.user.management.securetag.db.entity.QRCode,66a28ed4361f465a40c2d330,66a28ed4361f465a40c2d31c,2024,Qtr 3,July,25,a1034d9a-1051-7074-049c-fb99233de741,6632d385382ecd43e5d5bb03,2024,Qtr 3,July,25,a1034d9a-1051-7074-049c-fb99233de741,2VTC55,URL,https://app.securetag.in/found
in.pixiverse.user.management.securetag.db.entity.QRCode,66a28ed4361f465a40c2d331,66a28ed4361f465a40c2d31c,2024,Qtr 3,July,25,a1034d9a-1051-7074-049c-fb99233de741,6632d385382ecd43e5d5bb03,2024,Qtr 3,July,25,a1034d9a-1051-7074-049c-fb99233de741,AJ8F9A,URL,https://app.securetag.in/found
in.pixiverse.user.management.securetag.db.entity.QRCode,66a28ed4361f465a40c2d332,66a28ed4361f465a40c2d31c,2024,Qtr 3,July,25,a1034d9a-1051-7074-049c-fb99233de741,6632d385382ecd43e5d5bb03,2024,Qtr 3,July,25,a1034d9a-1051-7074-049c-fb99233de741,FEK4OY,URL,https://app.securetag.in/found
in.pixiverse.user.management.securetag.db.entity.QRCode,66a28ed4361f465a40c2d333,66a28ed4361f465a40c2d31c,2024,Qtr 3,July,25,a1034d9a-1051-7074-049c-fb99233de741,6632d385382ecd43e5d5bb03,2024,Qtr 3,July,25,a1034d9a-1051-7074-049c-fb99233de741,OZXSFS,URL,https://app.securetag.in/found
in.pixiverse.user.management.securetag.db.entity.QRCode,66a28ed4361f465a40c2d334,66a28ed4361f465a40c2d31c,2024,Qtr 3,July,25,a1034d9a-1051-7074-049c-fb99233de741,6632d385382ecd43e5d5bb03,2024,Qtr 3,July,25,a1034d9a-1051-7074-049c-fb99233de741,0NI1HR,URL,https://app.securetag.in/found
in.pixiverse.user.management.securetag.db.entity.QRCode,66a28ed4361f465a40c2d335,66a28ed4361f465a40c2d31c,2024,Qtr 3,July,25,a1034d9a-1051-7074-049c-fb99233de741,6632d385382ecd43e5d5bb03,2024,Qtr 3,July,25,a1034d9a-1051-7074-049c-fb99233de741,J24PN6,URL,https://app.securetag.in/found
in.pixiverse.user.management.securetag.db.entity.QRCode,66a28f5e361f465a40c2d337,66a28f5e361f465a40c2d336,2024,Qtr 3,July,25,a1034d9a-1051-7074-049c-fb99233de741,6632d383382ecd43e5d5bafe,2024,Qtr 3,July,25,a1034d9a-1051-7074-049c-fb99233de741,JDUBEG,URL,https://app.securetag.in/found
in.pixiverse.user.management.securetag.db.entity.QRCode,66a28f5e361f465a40c2d338,66a28f5e361f465a40c2d336,2024,Qtr 3,July,25,a1034d9a-1051-7074-049c-fb99233de741,6632d383382ecd43e5d5bafe,2024,Qtr 3,July,25,a1034d9a-1051-7074-049c-fb99233de741,4PENEM,URL,https://app.securetag.in/found
in.pixiverse.user.management.securetag.db.entity.QRCode,66a28f5e361f465a40c2d339,66a28f5e361f465a40c2d336,2024,Qtr 3,July,25,a1034d9a-1051-7074-049c-fb99233de741,6632d383382ecd43e5d5bafe,2024,Qtr 3,July,25,a1034d9a-1051-7074-049c-fb99233de741,WQALMK,URL,https://app.securetag.in/found
in.pixiverse.user.management.securetag.db.entity.QRCode,66a28f5e361f465a40c2d33a,66a28f5e361f465a40c2d336,2024,Qtr 3,July,25,a1034d9a-1051-7074-049c-fb99233de741,6632d383382ecd43e5d5bafe,2024,Qtr 3,July,25,a1034d9a-1051-7074-049c-fb99233de741,MJL9LS,URL,https://app.securetag.in/found
in.pixiverse.user.management.securetag.db.entity.QRCode,66a28f5e361f465a40c2d33b,66a28f5e361f465a40c2d336,2024,Qtr 3,July,25,a1034d9a-1051-7074-049c-fb99233de741,6632d383382ecd43e5d5bafe,2024,Qtr 3,July,25,a1034d9a-1051-7074-049c-fb99233de741,AUUHDP,URL,https://app.securetag.in/found
in.pixiverse.user.management.securetag.db.entity.QRCode,66a28f5e361f465a40c2d33c,66a28f5e361f465a40c2d336,2024,Qtr 3,July,25,a1034d9a-1051-7074-049c-fb99233de741,6632d383382ecd43e5d5bafe,2024,Qtr 3,July,25,a1034d9a-1051-7074-049c-fb99233de741,NJV80S,URL,https://app.securetag.in/found
in.pixiverse.user.management.securetag.db.entity.QRCode,66a28f5e361f465a40c2d33d,66a28f5e361f465a40c2d336,2024,Qtr 3,July,25,a1034d9a-1051-7074-049c-fb99233de741,6632d383382ecd43e5d5bafe,2024,Qtr 3,July,25,a1034d9a-1051-7074-049c-fb99233de741,BFD4FK,URL,https://app.securetag.in/found
in.pixiverse.user.management.securetag.db.entity.QRCode,66a28f5e361f465a40c2d33e,66a28f5e361f465a40c2d336,2024,Qtr 3,July,25,a1034d9a-1051-7074-049c-fb99233de741,6632d383382ecd43e5d5bafe,2024,Qtr 3,July,25,a1034d9a-1051-7074-049c-fb99233de741,4GIXID,URL,https://app.securetag.in/found
in.pixiverse.user.management.securetag.db.entity.QRCode,66a28f5e361f465a40c2d33f,66a28f5e361f465a40c2d336,2024,Qtr 3,July,25,a1034d9a-1051-7074-049c-fb99233de741,6632d383382ecd43e5d5bafe,2024,Qtr 3,July,25,a1034d9a-1051-7074-049c-fb99233de741,D9CQ90,URL,https://app.securetag.in/found
in.pixiverse.user.management.securetag.db.entity.QRCode,66a28f5e361f465a40c2d340,66a28f5e361f465a40c2d336,2024,Qtr 3,July,25,a1034d9a-1051-7074-049c-fb99233de741,6632d383382ecd43e5d5bafe,2024,Qtr 3,July,25,a1034d9a-1051-7074-049c-fb99233de741,LE2O24,URL,https://app.securetag.in/found
in.pixiverse.user.management.securetag.db.entity.QRCode,66a28f5e361f465a40c2d341,66a28f5e361f465a40c2d336,2024,Qtr 3,July,25,a1034d9a-1051-7074-049c-fb99233de741,6632d383382ecd43e5d5bafe,2024,Qtr 3,July,25,a1034d9a-1051-7074-049c-fb99233de741,CEZMLG,URL,https://app.securetag.in/found
in.pixiverse.user.management.securetag.db.entity.QRCode,66a28f5e361f465a40c2d342,66a28f5e361f465a40c2d336,2024,Qtr 3,July,25,a1034d9a-1051-7074-049c-fb99233de741,6632d383382ecd43e5d5bafe,2024,Qtr 3,July,25,a1034d9a-1051-7074-049c-fb99233de741,VWWKTL,URL,https://app.securetag.in/found
in.pixiverse.user.management.securetag.db.entity.QRCode,66a28f5e361f465a40c2d343,66a28f5e361f465a40c2d336,2024,Qtr 3,July,25,a1034d9a-1051-7074-049c-fb99233de741,6632d383382ecd43e5d5bafe,2024,Qtr 3,July,25,a1034d9a-1051-7074-049c-fb99233de741,LATHDE,URL,https://app.securetag.in/found
in.pixiverse.user.management.securetag.db.entity.QRCode,66a28f5e361f465a40c2d344,66a28f5e361f465a40c2d336,2024,Qtr 3,July,25,a1034d9a-1051-7074-049c-fb99233de741,6632d383382ecd43e5d5bafe,2024,Qtr 3,July,25,a1034d9a-1051-7074-049c-fb99233de741,0VF1PF,URL,https://app.securetag.in/found
in.pixiverse.user.management.securetag.db.entity.QRCode,66a28f5e361f465a40c2d345,66a28f5e361f465a40c2d336,2024,Qtr 3,July,25,a1034d9a-1051-7074-049c-fb99233de741,6632d383382ecd43e5d5bafe,2024,Qtr 3,July,25,a1034d9a-1051-7074-049c-fb99233de741,UN7S2H,URL,https://app.securetag.in/found
in.pixiverse.user.management.securetag.db.entity.QRCode,66a28f5e361f465a40c2d346,66a28f5e361f465a40c2d336,2024,Qtr 3,July,25,a1034d9a-1051-7074-049c-fb99233de741,6632d383382ecd43e5d5bafe,2024,Qtr 3,July,25,a1034d9a-1051-7074-049c-fb99233de741,FYCEO5,URL,https://app.securetag.in/found
in.pixiverse.user.management.securetag.db.entity.QRCode,66a28f5e361f465a40c2d347,66a28f5e361f465a40c2d336,2024,Qtr 3,July,25,a1034d9a-1051-7074-049c-fb99233de741,6632d383382ecd43e5d5bafe,2024,Qtr 3,July,25,a1034d9a-1051-7074-049c-fb99233de741,PGER1J,URL,https://app.securetag.in/found
in.pixiverse.user.management.securetag.db.entity.QRCode,66a28f5e361f465a40c2d348,66a28f5e361f465a40c2d336,2024,Qtr 3,July,25,a1034d9a-1051-7074-049c-fb99233de741,6632d383382ecd43e5d5bafe,2024,Qtr 3,July,25,a1034d9a-1051-7074-049c-fb99233de741,2KG104,URL,https://app.securetag.in/found
in.pixiverse.user.management.securetag.db.entity.QRCode,66a28f5e361f465a40c2d349,66a28f5e361f465a40c2d336,2024,Qtr 3,July,25,a1034d9a-1051-7074-049c-fb99233de741,6632d383382ecd43e5d5bafe,2024,Qtr 3,July,25,a1034d9a-1051-7074-049c-fb99233de741,BF5ORW,URL,https://app.securetag.in/found
in.pixiverse.user.management.securetag.db.entity.QRCode,66a28f5e361f465a40c2d34a,66a28f5e361f465a40c2d336,2024,Qtr 3,July,25,a1034d9a-1051-7074-049c-fb99233de741,6632d383382ecd43e5d5bafe,2024,Qtr 3,July,25,a1034d9a-1051-7074-049c-fb99233de741,C5DGTV,URL,https://app.securetag.in/found
in.pixiverse.user.management.securetag.db.entity.QRCode,66a28f5e361f465a40c2d34b,66a28f5e361f465a40c2d336,2024,Qtr 3,July,25,a1034d9a-1051-7074-049c-fb99233de741,6632d383382ecd43e5d5bafe,2024,Qtr 3,July,25,a1034d9a-1051-7074-049c-fb99233de741,5P5YU8,URL,https://app.securetag.in/found
in.pixiverse.user.management.securetag.db.entity.QRCode,66a28f5e361f465a40c2d34c,66a28f5e361f465a40c2d336,2024,Qtr 3,July,25,a1034d9a-1051-7074-049c-fb99233de741,6632d383382ecd43e5d5bafe,2024,Qtr 3,July,25,a1034d9a-1051-7074-049c-fb99233de741,2BNHWI,URL,https://app.securetag.in/found
in.pixiverse.user.management.securetag.db.entity.QRCode,66a28f5e361f465a40c2d34d,66a28f5e361f465a40c2d336,2024,Qtr 3,July,25,a1034d9a-1051-7074-049c-fb99233de741,6632d383382ecd43e5d5bafe,2024,Qtr 3,July,25,a1034d9a-1051-7074-049c-fb99233de741,4JSEF8,URL,https://app.securetag.in/found
in.pixiverse.user.management.securetag.db.entity.QRCode,66a28f5e361f465a40c2d34e,66a28f5e361f465a40c2d336,2024,Qtr 3,July,25,a1034d9a-1051-7074-049c-fb99233de741,6632d383382ecd43e5d5bafe,2024,Qtr 3,July,25,a1034d9a-1051-7074-049c-fb99233de741,7AA3O4,URL,https://app.securetag.in/found
in.pixiverse.user.management.securetag.db.entity.QRCode,66a28f5e361f465a40c2d34f,66a28f5e361f465a40c2d336,2024,Qtr 3,July,25,a1034d9a-1051-7074-049c-fb99233de741,6632d383382ecd43e5d5bafe,2024,Qtr 3,July,25,a1034d9a-1051-7074-049c-fb99233de741,87L8YH,URL,https://app.securetag.in/found
in.pixiverse.user.management.securetag.db.entity.QRCode,66a28f5e361f465a40c2d350,66a28f5e361f465a40c2d336,2024,Qtr 3,July,25,a1034d9a-1051-7074-049c-fb99233de741,6632d383382ecd43e5d5bafe,2024,Qtr 3,July,25,a1034d9a-1051-7074-049c-fb99233de741,PZPTOG,URL,https://app.securetag.in/found
in.pixiverse.user.management.securetag.db.entity.QRCode,66a28f5e361f465a40c2d351,66a28f5e361f465a40c2d336,2024,Qtr 3,July,25,a1034d9a-1051-7074-049c-fb99233de741,6632d383382ecd43e5d5bafe,2024,Qtr 3,July,25,a1034d9a-1051-7074-049c-fb99233de741,85O50M,URL,https://app.securetag.in/found
in.pixiverse.user.management.securetag.db.entity.QRCode,66a28f5e361f465a40c2d352,66a28f5e361f465a40c2d336,2024,Qtr 3,July,25,a1034d9a-1051-7074-049c-fb99233de741,6632d383382ecd43e5d5bafe,2024,Qtr 3,July,25,a1034d9a-1051-7074-049c-fb99233de741,F4QUM5,URL,https://app.securetag.in/found
in.pixiverse.user.management.securetag.db.entity.QRCode,66a28f5e361f465a40c2d353,66a28f5e361f465a40c2d336,2024,Qtr 3,July,25,a1034d9a-1051-7074-049c-fb99233de741,6632d383382ecd43e5d5bafe,2024,Qtr 3,July,25,a1034d9a-1051-7074-049c-fb99233de741,LEYOV7,URL,https://app.securetag.in/found
in.pixiverse.user.management.securetag.db.entity.QRCode,66a28f5e361f465a40c2d354,66a28f5e361f465a40c2d336,2024,Qtr 3,July,25,a1034d9a-1051-7074-049c-fb99233de741,6632d383382ecd43e5d5bafe,2024,Qtr 3,July,25,a1034d9a-1051-7074-049c-fb99233de741,D9W5DG,URL,https://app.securetag.in/found
in.pixiverse.user.management.securetag.db.entity.QRCode,66a28f5e361f465a40c2d355,66a28f5e361f465a40c2d336,2024,Qtr 3,July,25,a1034d9a-1051-7074-049c-fb99233de741,6632d383382ecd43e5d5bafe,2024,Qtr 3,July,25,a1034d9a-1051-7074-049c-fb99233de741,284BUN,URL,https://app.securetag.in/found
in.pixiverse.user.management.securetag.db.entity.QRCode,66a28f5e361f465a40c2d356,66a28f5e361f465a40c2d336,2024,Qtr 3,July,25,a1034d9a-1051-7074-049c-fb99233de741,6632d383382ecd43e5d5bafe,2024,Qtr 3,July,25,a1034d9a-1051-7074-049c-fb99233de741,J0GV0S,URL,https://app.securetag.in/found
in.pixiverse.user.management.securetag.db.entity.QRCode,66a28f5e361f465a40c2d357,66a28f5e361f465a40c2d336,2024,Qtr 3,July,25,a1034d9a-1051-7074-049c-fb99233de741,6632d383382ecd43e5d5bafe,2024,Qtr 3,July,25,a1034d9a-1051-7074-049c-fb99233de741,190OZX,URL,https://app.securetag.in/found
in.pixiverse.user.management.securetag.db.entity.QRCode,66a28f5e361f465a40c2d358,66a28f5e361f465a40c2d336,2024,Qtr 3,July,25,a1034d9a-1051-7074-049c-fb99233de741,6632d383382ecd43e5d5bafe,2024,Qtr 3,July,25,a1034d9a-1051-7074-049c-fb99233de741,TG8M23,URL,https://app.securetag.in/found
in.pixiverse.user.management.securetag.db.entity.QRCode,66a28f5e361f465a40c2d359,66a28f5e361f465a40c2d336,2024,Qtr 3,July,25,a1034d9a-1051-7074-049c-fb99233de741,6632d383382ecd43e5d5bafe,2024,Qtr 3,July,25,a1034d9a-1051-7074-049c-fb99233de741,J2KDL9,URL,https://app.securetag.in/found
in.pixiverse.user.management.securetag.db.entity.QRCode,66a28f5e361f465a40c2d35a,66a28f5e361f465a40c2d336,2024,Qtr 3,July,25,a1034d9a-1051-7074-049c-fb99233de741,6632d383382ecd43e5d5bafe,2024,Qtr 3,July,25,a1034d9a-1051-7074-049c-fb99233de741,UD8S6X,URL,https://app.securetag.in/found
in.pixiverse.user.management.securetag.db.entity.QRCode,66a28f5e361f465a40c2d35b,66a28f5e361f465a40c2d336,2024,Qtr 3,July,25,a1034d9a-1051-7074-049c-fb99233de741,6632d383382ecd43e5d5bafe,2024,Qtr 3,July,25,a1034d9a-1051-7074-049c-fb99233de741,M5DW6O,URL,https://app.securetag.in/found
in.pixiverse.user.management.securetag.db.entity.QRCode,66a28f5e361f465a40c2d35c,66a28f5e361f465a40c2d336,2024,Qtr 3,July,25,a1034d9a-1051-7074-049c-fb99233de741,6632d383382ecd43e5d5bafe,2024,Qtr 3,July,25,a1034d9a-1051-7074-049c-fb99233de741,LH8GLP,URL,https://app.securetag.in/found
in.pixiverse.user.management.securetag.db.entity.QRCode,66a28f5e361f465a40c2d35d,66a28f5e361f465a40c2d336,2024,Qtr 3,July,25,a1034d9a-1051-7074-049c-fb99233de741,6632d383382ecd43e5d5bafe,2024,Qtr 3,July,25,a1034d9a-1051-7074-049c-fb99233de741,JKGRSD,URL,https://app.securetag.in/found
in.pixiverse.user.management.securetag.db.entity.QRCode,66a28f5e361f465a40c2d35e,66a28f5e361f465a40c2d336,2024,Qtr 3,July,25,a1034d9a-1051-7074-049c-fb99233de741,6632d383382ecd43e5d5bafe,2024,Qtr 3,July,25,a1034d9a-1051-7074-049c-fb99233de741,4ROR49,URL,https://app.securetag.in/found
in.pixiverse.user.management.securetag.db.entity.QRCode,66a29028361f465a40c2d360,66a29028361f465a40c2d35f,2024,Qtr 3,July,25,a1034d9a-1051-7074-049c-fb99233de741,6670279c1e556463c043380a,2024,Qtr 3,July,25,a1034d9a-1051-7074-049c-fb99233de741,16W34O,URL,https://app.securetag.in/found
in.pixiverse.user.management.securetag.db.entity.QRCode,66a29028361f465a40c2d361,66a29028361f465a40c2d35f,2024,Qtr 3,July,25,a1034d9a-1051-7074-049c-fb99233de741,6670279c1e556463c043380a,2024,Qtr 3,July,25,a1034d9a-1051-7074-049c-fb99233de741,D84FSB,URL,https://app.securetag.in/found
in.pixiverse.user.management.securetag.db.entity.QRCode,66a29028361f465a40c2d362,66a29028361f465a40c2d35f,2024,Qtr 3,July,25,a1034d9a-1051-7074-049c-fb99233de741,6670279c1e556463c043380a,2024,Qtr 3,July,25,a1034d9a-1051-7074-049c-fb99233de741,5NL7AB,URL,https://app.securetag.in/found
in.pixiverse.user.management.securetag.db.entity.QRCode,66a29028361f465a40c2d363,66a29028361f465a40c2d35f,2024,Qtr 3,July,25,a1034d9a-1051-7074-049c-fb99233de741,6670279c1e556463c043380a,2024,Qtr 3,July,25,a1034d9a-1051-7074-049c-fb99233de741,HJGAD1,URL,https://app.securetag.in/found
in.pixiverse.user.management.securetag.db.entity.QRCode,66a29028361f465a40c2d364,66a29028361f465a40c2d35f,2024,Qtr 3,July,25,a1034d9a-1051-7074-049c-fb99233de741,6670279c1e556463c043380a,2024,Qtr 3,July,25,a1034d9a-1051-7074-049c-fb99233de741,K77J4J,URL,https://app.securetag.in/found
in.pixiverse.user.management.securetag.db.entity.QRCode,66a29028361f465a40c2d365,66a29028361f465a40c2d35f,2024,Qtr 3,July,25,a1034d9a-1051-7074-049c-fb99233de741,6670279c1e556463c043380a,2024,Qtr 3,July,25,a1034d9a-1051-7074-049c-fb99233de741,CGXS7T,URL,https://app.securetag.in/found
in.pixiverse.user.management.securetag.db.entity.QRCode,66a29028361f465a40c2d366,66a29028361f465a40c2d35f,2024,Qtr 3,July,25,a1034d9a-1051-7074-049c-fb99233de741,6670279c1e556463c043380a,2024,Qtr 3,July,25,a1034d9a-1051-7074-049c-fb99233de741,NPOTBY,URL,https://app.securetag.in/found
in.pixiverse.user.management.securetag.db.entity.QRCode,66a29028361f465a40c2d367,66a29028361f465a40c2d35f,2024,Qtr 3,July,25,a1034d9a-1051-7074-049c-fb99233de741,6670279c1e556463c043380a,2024,Qtr 3,July,25,a1034d9a-1051-7074-049c-fb99233de741,PQPZ9S,URL,https://app.securetag.in/found
in.pixiverse.user.management.securetag.db.entity.QRCode,66a29028361f465a40c2d368,66a29028361f465a40c2d35f,2024,Qtr 3,July,25,a1034d9a-1051-7074-049c-fb99233de741,6670279c1e556463c043380a,2024,Qtr 3,July,25,a1034d9a-1051-7074-049c-fb99233de741,F1RMMN,URL,https://app.securetag.in/found
in.pixiverse.user.management.securetag.db.entity.QRCode,66a29028361f465a40c2d369,66a29028361f465a40c2d35f,2024,Qtr 3,July,25,a1034d9a-1051-7074-049c-fb99233de741,6670279c1e556463c043380a,2024,Qtr 3,July,25,a1034d9a-1051-7074-049c-fb99233de741,TT91VN,URL,https://app.securetag.in/found
in.pixiverse.user.management.securetag.db.entity.QRCode,66a29028361f465a40c2d36a,66a29028361f465a40c2d35f,2024,Qtr 3,July,25,a1034d9a-1051-7074-049c-fb99233de741,6670279c1e556463c043380a,2024,Qtr 3,July,25,a1034d9a-1051-7074-049c-fb99233de741,L2OK9Z,URL,https://app.securetag.in/found
in.pixiverse.user.management.securetag.db.entity.QRCode,66a29028361f465a40c2d36b,66a29028361f465a40c2d35f,2024,Qtr 3,July,25,a1034d9a-1051-7074-049c-fb99233de741,6670279c1e556463c043380a,2024,Qtr 3,July,25,a1034d9a-1051-7074-049c-fb99233de741,E3KZ5N,URL,https://app.securetag.in/found
in.pixiverse.user.management.securetag.db.entity.QRCode,66a29028361f465a40c2d36c,66a29028361f465a40c2d35f,2024,Qtr 3,July,25,a1034d9a-1051-7074-049c-fb99233de741,6670279c1e556463c043380a,2024,Qtr 3,July,25,a1034d9a-1051-7074-049c-fb99233de741,0740MS,URL,https://app.securetag.in/found
in.pixiverse.user.management.securetag.db.entity.QRCode,66a29028361f465a40c2d36d,66a29028361f465a40c2d35f,2024,Qtr 3,July,25,a1034d9a-1051-7074-049c-fb99233de741,6670279c1e556463c043380a,2024,Qtr 3,July,25,a1034d9a-1051-7074-049c-fb99233de741,N7IJUT,URL,https://app.securetag.in/found
in.pixiverse.user.management.securetag.db.entity.QRCode,66a29028361f465a40c2d36e,66a29028361f465a40c2d35f,2024,Qtr 3,July,25,a1034d9a-1051-7074-049c-fb99233de741,6670279c1e556463c043380a,2024,Qtr 3,July,25,a1034d9a-1051-7074-049c-fb99233de741,IDF36M,URL,https://app.securetag.in/found
in.pixiverse.user.management.securetag.db.entity.QRCode,66a29028361f465a40c2d36f,66a29028361f465a40c2d35f,2024,Qtr 3,July,25,a1034d9a-1051-7074-049c-fb99233de741,6670279c1e556463c043380a,2024,Qtr 3,July,25,a1034d9a-1051-7074-049c-fb99233de741,9RVM5Q,URL,https://app.securetag.in/found
in.pixiverse.user.management.securetag.db.entity.QRCode,66a29028361f465a40c2d370,66a29028361f465a40c2d35f,2024,Qtr 3,July,25,a1034d9a-1051-7074-049c-fb99233de741,6670279c1e556463c043380a,2024,Qtr 3,July,25,a1034d9a-1051-7074-049c-fb99233de741,4VGV1X,URL,https://app.securetag.in/found
in.pixiverse.user.management.securetag.db.entity.QRCode,66a29028361f465a40c2d371,66a29028361f465a40c2d35f,2024,Qtr 3,July,25,a1034d9a-1051-7074-049c-fb99233de741,6670279c1e556463c043380a,2024,Qtr 3,July,25,a1034d9a-1051-7074-049c-fb99233de741,L4QW7O,URL,https://app.securetag.in/found
in.pixiverse.user.management.securetag.db.entity.QRCode,66a29028361f465a40c2d372,66a29028361f465a40c2d35f,2024,Qtr 3,July,25,a1034d9a-1051-7074-049c-fb99233de741,6670279c1e556463c043380a,2024,Qtr 3,July,25,a1034d9a-1051-7074-049c-fb99233de741,CQ68LN,URL,https://app.securetag.in/found
in.pixiverse.user.management.securetag.db.entity.QRCode,66a29028361f465a40c2d373,66a29028361f465a40c2d35f,2024,Qtr 3,July,25,a1034d9a-1051-7074-049c-fb99233de741,6670279c1e556463c043380a,2024,Qtr 3,July,25,a1034d9a-1051-7074-049c-fb99233de741,Q9Z6CA,URL,https://app.securetag.in/found
in.pixiverse.user.management.securetag.db.entity.QRCode,66a29028361f465a40c2d374,66a29028361f465a40c2d35f,2024,Qtr 3,July,25,a1034d9a-1051-7074-049c-fb99233de741,6670279c1e556463c043380a,2024,Qtr 3,July,25,a1034d9a-1051-7074-049c-fb99233de741,ZV5S9D,URL,https://app.securetag.in/found
in.pixiverse.user.management.securetag.db.entity.QRCode,66a29028361f465a40c2d375,66a29028361f465a40c2d35f,2024,Qtr 3,July,25,a1034d9a-1051-7074-049c-fb99233de741,6670279c1e556463c043380a,2024,Qtr 3,July,25,a1034d9a-1051-7074-049c-fb99233de741,WKJP1R,URL,https://app.securetag.in/found
in.pixiverse.user.management.securetag.db.entity.QRCode,66a29028361f465a40c2d376,66a29028361f465a40c2d35f,2024,Qtr 3,July,25,a1034d9a-1051-7074-049c-fb99233de741,6670279c1e556463c043380a,2024,Qtr 3,July,25,a1034d9a-1051-7074-049c-fb99233de741,NKPT87,URL,https://app.securetag.in/found
in.pixiverse.user.management.securetag.db.entity.QRCode,66a29028361f465a40c2d377,66a29028361f465a40c2d35f,2024,Qtr 3,July,25,a1034d9a-1051-7074-049c-fb99233de741,6670279c1e556463c043380a,2024,Qtr 3,July,25,a1034d9a-1051-7074-049c-fb99233de741,DTDAWI,URL,https://app.securetag.in/found
in.pixiverse.user.management.securetag.db.entity.QRCode,66a29028361f465a40c2d378,66a29028361f465a40c2d35f,2024,Qtr 3,July,25,a1034d9a-1051-7074-049c-fb99233de741,6670279c1e556463c043380a,2024,Qtr 3,July,25,a1034d9a-1051-7074-049c-fb99233de741,P2CMFD,URL,https://app.securetag.in/found
in.pixiverse.user.management.securetag.db.entity.QRCode,66a291fe361f465a40c2d37a,66a291fd361f465a40c2d379,2024,Qtr 3,July,25,a1034d9a-1051-7074-049c-fb99233de741,6632d386382ecd43e5d5bb05,2024,Qtr 3,July,25,a1034d9a-1051-7074-049c-fb99233de741,RCXBD0,URL,https://app.securetag.in/found
in.pixiverse.user.management.securetag.db.entity.QRCode,66a291fe361f465a40c2d37b,66a291fd361f465a40c2d379,2024,Qtr 3,July,25,a1034d9a-1051-7074-049c-fb99233de741,6632d386382ecd43e5d5bb05,2024,Qtr 3,July,25,a1034d9a-1051-7074-049c-fb99233de741,UNBYW7,URL,https://app.securetag.in/found
in.pixiverse.user.management.securetag.db.entity.QRCode,66a291fe361f465a40c2d37c,66a291fd361f465a40c2d379,2024,Qtr 3,July,25,a1034d9a-1051-7074-049c-fb99233de741,6632d386382ecd43e5d5bb05,2024,Qtr 3,July,25,a1034d9a-1051-7074-049c-fb99233de741,H5DOOZ,URL,https://app.securetag.in/found
in.pixiverse.user.management.securetag.db.entity.QRCode,66a291fe361f465a40c2d37d,66a291fd361f465a40c2d379,2024,Qtr 3,July,25,a1034d9a-1051-7074-049c-fb99233de741,6632d386382ecd43e5d5bb05,2024,Qtr 3,July,25,a1034d9a-1051-7074-049c-fb99233de741,AINH5D,URL,https://app.securetag.in/found
in.pixiverse.user.management.securetag.db.entity.QRCode,66a291fe361f465a40c2d37e,66a291fd361f465a40c2d379,2024,Qtr 3,July,25,a1034d9a-1051-7074-049c-fb99233de741,6632d386382ecd43e5d5bb05,2024,Qtr 3,July,25,a1034d9a-1051-7074-049c-fb99233de741,IDHV3Q,URL,https://app.securetag.in/found
in.pixiverse.user.management.securetag.db.entity.QRCode,66a291fe361f465a40c2d37f,66a291fd361f465a40c2d379,2024,Qtr 3,July,25,a1034d9a-1051-7074-049c-fb99233de741,6632d386382ecd43e5d5bb05,2024,Qtr 3,July,25,a1034d9a-1051-7074-049c-fb99233de741,UU5WSA,URL,https://app.securetag.in/found
in.pixiverse.user.management.securetag.db.entity.QRCode,66a291fe361f465a40c2d380,66a291fd361f465a40c2d379,2024,Qtr 3,July,25,a1034d9a-1051-7074-049c-fb99233de741,6632d386382ecd43e5d5bb05,2024,Qtr 3,July,25,a1034d9a-1051-7074-049c-fb99233de741,3QX5KH,URL,https://app.securetag.in/found
in.pixiverse.user.management.securetag.db.entity.QRCode,66a291fe361f465a40c2d381,66a291fd361f465a40c2d379,2024,Qtr 3,July,25,a1034d9a-1051-7074-049c-fb99233de741,6632d386382ecd43e5d5bb05,2024,Qtr 3,July,25,a1034d9a-1051-7074-049c-fb99233de741,KGN1HV,URL,https://app.securetag.in/found
in.pixiverse.user.management.securetag.db.entity.QRCode,66a291fe361f465a40c2d382,66a291fd361f465a40c2d379,2024,Qtr 3,July,25,a1034d9a-1051-7074-049c-fb99233de741,6632d386382ecd43e5d5bb05,2024,Qtr 3,July,25,a1034d9a-1051-7074-049c-fb99233de741,ITRNY0,URL,https://app.securetag.in/found
in.pixiverse.user.management.securetag.db.entity.QRCode,66a291fe361f465a40c2d383,66a291fd361f465a40c2d379,2024,Qtr 3,July,25,a1034d9a-1051-7074-049c-fb99233de741,6632d386382ecd43e5d5bb05,2024,Qtr 3,July,25,a1034d9a-1051-7074-049c-fb99233de741,8WIC3N,URL,https://app.securetag.in/found
in.pixiverse.user.management.securetag.db.entity.QRCode,66a291fe361f465a40c2d384,66a291fd361f465a40c2d379,2024,Qtr 3,July,25,a1034d9a-1051-7074-049c-fb99233de741,6632d386382ecd43e5d5bb05,2024,Qtr 3,July,25,a1034d9a-1051-7074-049c-fb99233de741,Y4Q31N,URL,https://app.securetag.in/found
in.pixiverse.user.management.securetag.db.entity.QRCode,66a291fe361f465a40c2d385,66a291fd361f465a40c2d379,2024,Qtr 3,July,25,a1034d9a-1051-7074-049c-fb99233de741,6632d386382ecd43e5d5bb05,2024,Qtr 3,July,25,a1034d9a-1051-7074-049c-fb99233de741,0P44AK,URL,https://app.securetag.in/found
in.pixiverse.user.management.securetag.db.entity.QRCode,66a291fe361f465a40c2d386,66a291fd361f465a40c2d379,2024,Qtr 3,July,25,a1034d9a-1051-7074-049c-fb99233de741,6632d386382ecd43e5d5bb05,2024,Qtr 3,July,25,a1034d9a-1051-7074-049c-fb99233de741,GK1UY8,URL,https://app.securetag.in/found
in.pixiverse.user.management.securetag.db.entity.QRCode,66a291fe361f465a40c2d387,66a291fd361f465a40c2d379,2024,Qtr 3,July,25,a1034d9a-1051-7074-049c-fb99233de741,6632d386382ecd43e5d5bb05,2024,Qtr 3,July,25,a1034d9a-1051-7074-049c-fb99233de741,0FV7G8,URL,https://app.securetag.in/found
in.pixiverse.user.management.securetag.db.entity.QRCode,66a291fe361f465a40c2d388,66a291fd361f465a40c2d379,2024,Qtr 3,July,25,a1034d9a-1051-7074-049c-fb99233de741,6632d386382ecd43e5d5bb05,2024,Qtr 3,July,25,a1034d9a-1051-7074-049c-fb99233de741,AA6N1K,URL,https://app.securetag.in/found
in.pixiverse.user.management.securetag.db.entity.QRCode,66a291fe361f465a40c2d389,66a291fd361f465a40c2d379,2024,Qtr 3,July,25,a1034d9a-1051-7074-049c-fb99233de741,6632d386382ecd43e5d5bb05,2024,Qtr 3,July,25,a1034d9a-1051-7074-049c-fb99233de741,L4JB8L,URL,https://app.securetag.in/found
in.pixiverse.user.management.securetag.db.entity.QRCode,66a291fe361f465a40c2d38a,66a291fd361f465a40c2d379,2024,Qtr 3,July,25,a1034d9a-1051-7074-049c-fb99233de741,6632d386382ecd43e5d5bb05,2024,Qtr 3,July,25,a1034d9a-1051-7074-049c-fb99233de741,FHR22V,URL,https://app.securetag.in/found
in.pixiverse.user.management.securetag.db.entity.QRCode,66a291fe361f465a40c2d38b,66a291fd361f465a40c2d379,2024,Qtr 3,July,25,a1034d9a-1051-7074-049c-fb99233de741,6632d386382ecd43e5d5bb05,2024,Qtr 3,July,25,a1034d9a-1051-7074-049c-fb99233de741,4Z6Z4K,URL,https://app.securetag.in/found
in.pixiverse.user.management.securetag.db.entity.QRCode,66a291fe361f465a40c2d38c,66a291fd361f465a40c2d379,2024,Qtr 3,July,25,a1034d9a-1051-7074-049c-fb99233de741,6632d386382ecd43e5d5bb05,2024,Qtr 3,July,25,a1034d9a-1051-7074-049c-fb99233de741,5GG7OP,URL,https://app.securetag.in/found
in.pixiverse.user.management.securetag.db.entity.QRCode,66a291fe361f465a40c2d38d,66a291fd361f465a40c2d379,2024,Qtr 3,July,25,a1034d9a-1051-7074-049c-fb99233de741,6632d386382ecd43e5d5bb05,2024,Qtr 3,July,25,a1034d9a-1051-7074-049c-fb99233de741,BYKLMU,URL,https://app.securetag.in/found
in.pixiverse.user.management.securetag.db.entity.QRCode,66a291fe361f465a40c2d38e,66a291fd361f465a40c2d379,2024,Qtr 3,July,25,a1034d9a-1051-7074-049c-fb99233de741,6632d386382ecd43e5d5bb05,2024,Qtr 3,July,25,a1034d9a-1051-7074-049c-fb99233de741,1RDP32,URL,https://app.securetag.in/found
in.pixiverse.user.management.securetag.db.entity.QRCode,66a291fe361f465a40c2d38f,66a291fd361f465a40c2d379,2024,Qtr 3,July,25,a1034d9a-1051-7074-049c-fb99233de741,6632d386382ecd43e5d5bb05,2024,Qtr 3,July,25,a1034d9a-1051-7074-049c-fb99233de741,90SVX6,URL,https://app.securetag.in/found
in.pixiverse.user.management.securetag.db.entity.QRCode,66a291fe361f465a40c2d390,66a291fd361f465a40c2d379,2024,Qtr 3,July,25,a1034d9a-1051-7074-049c-fb99233de741,6632d386382ecd43e5d5bb05,2024,Qtr 3,July,25,a1034d9a-1051-7074-049c-fb99233de741,8P2KE4,URL,https://app.securetag.in/found
in.pixiverse.user.management.securetag.db.entity.QRCode,66a291fe361f465a40c2d391,66a291fd361f465a40c2d379,2024,Qtr 3,July,25,a1034d9a-1051-7074-049c-fb99233de741,6632d386382ecd43e5d5bb05,2024,Qtr 3,July,25,a1034d9a-1051-7074-049c-fb99233de741,WDTZZR,URL,https://app.securetag.in/found
in.pixiverse.user.management.securetag.db.entity.QRCode,66a291fe361f465a40c2d392,66a291fd361f465a40c2d379,2024,Qtr 3,July,25,a1034d9a-1051-7074-049c-fb99233de741,6632d386382ecd43e5d5bb05,2024,Qtr 3,July,25,a1034d9a-1051-7074-049c-fb99233de741,SFN283,URL,https://app.securetag.in/found
in.pixiverse.user.management.securetag.db.entity.QRCode,6862681cb90d9a1ca106994e,6862681cb90d9a1ca106994d,2025,Qtr 2,June,30,a1034d9a-1051-7074-049c-fb99233de741,68626745b90d9a1ca106994c,2025,Qtr 2,June,30,a1034d9a-1051-7074-049c-fb99233de741,DNMP8W,URL,https://app.securetag.in/found
in.pixiverse.user.management.securetag.db.entity.QRCode,6862681cb90d9a1ca106994f,6862681cb90d9a1ca106994d,2025,Qtr 2,June,30,a1034d9a-1051-7074-049c-fb99233de741,68626745b90d9a1ca106994c,2025,Qtr 2,June,30,a1034d9a-1051-7074-049c-fb99233de741,PYNTUH,URL,https://app.securetag.in/found
in.pixiverse.user.management.securetag.db.entity.QRCode,6862681cb90d9a1ca1069950,6862681cb90d9a1ca106994d,2025,Qtr 2,June,30,a1034d9a-1051-7074-049c-fb99233de741,68626745b90d9a1ca106994c,2025,Qtr 2,June,30,a1034d9a-1051-7074-049c-fb99233de741,N7V0CC,URL,https://app.securetag.in/found
in.pixiverse.user.management.securetag.db.entity.QRCode,6862681cb90d9a1ca1069951,6862681cb90d9a1ca106994d,2025,Qtr 2,June,30,a1034d9a-1051-7074-049c-fb99233de741,68626745b90d9a1ca106994c,2025,Qtr 2,June,30,a1034d9a-1051-7074-049c-fb99233de741,5BBHXV,URL,https://app.securetag.in/found
in.pixiverse.user.management.securetag.db.entity.QRCode,6862681cb90d9a1ca1069952,6862681cb90d9a1ca106994d,2025,Qtr 2,June,30,a1034d9a-1051-7074-049c-fb99233de741,68626745b90d9a1ca106994c,2025,Qtr 2,June,30,a1034d9a-1051-7074-049c-fb99233de741,WDXP5T,URL,https://app.securetag.in/found
in.pixiverse.user.management.securetag.db.entity.QRCode,6862681cb90d9a1ca1069953,6862681cb90d9a1ca106994d,2025,Qtr 2,June,30,a1034d9a-1051-7074-049c-fb99233de741,68626745b90d9a1ca106994c,2025,Qtr 2,June,30,a1034d9a-1051-7074-049c-fb99233de741,0MS9IA,URL,https://app.securetag.in/found
in.pixiverse.user.management.securetag.db.entity.QRCode,6862681cb90d9a1ca1069954,6862681cb90d9a1ca106994d,2025,Qtr 2,June,30,a1034d9a-1051-7074-049c-fb99233de741,68626745b90d9a1ca106994c,2025,Qtr 2,June,30,a1034d9a-1051-7074-049c-fb99233de741,Z9IEJC,URL,https://app.securetag.in/found
in.pixiverse.user.management.securetag.db.entity.QRCode,6862681cb90d9a1ca1069955,6862681cb90d9a1ca106994d,2025,Qtr 2,June,30,a1034d9a-1051-7074-049c-fb99233de741,68626745b90d9a1ca106994c,2025,Qtr 2,June,30,a1034d9a-1051-7074-049c-fb99233de741,9RKA6P,URL,https://app.securetag.in/found
in.pixiverse.user.management.securetag.db.entity.QRCode,6862681cb90d9a1ca1069956,6862681cb90d9a1ca106994d,2025,Qtr 2,June,30,a1034d9a-1051-7074-049c-fb99233de741,68626745b90d9a1ca106994c,2025,Qtr 2,June,30,a1034d9a-1051-7074-049c-fb99233de741,I3A5R6,URL,https://app.securetag.in/found
in.pixiverse.user.management.securetag.db.entity.QRCode,6862681cb90d9a1ca1069957,6862681cb90d9a1ca106994d,2025,Qtr 2,June,30,a1034d9a-1051-7074-049c-fb99233de741,68626745b90d9a1ca106994c,2025,Qtr 2,June,30,a1034d9a-1051-7074-049c-fb99233de741,UJY2FW,URL,https://app.securetag.in/found
in.pixiverse.user.management.securetag.db.entity.QRCode,68628e60b90d9a1ca1069959,68628e5eb90d9a1ca1069958,2025,Qtr 2,June,30,a1034d9a-1051-7074-049c-fb99233de741,68626745b90d9a1ca106994c,2025,Qtr 2,June,30,a1034d9a-1051-7074-049c-fb99233de741,ZJRDOF,URL,https://app.securetag.in/found
in.pixiverse.user.management.securetag.db.entity.QRCode,68628e60b90d9a1ca106995a,68628e5eb90d9a1ca1069958,2025,Qtr 2,June,30,a1034d9a-1051-7074-049c-fb99233de741,68626745b90d9a1ca106994c,2025,Qtr 2,June,30,a1034d9a-1051-7074-049c-fb99233de741,YNX535,URL,https://app.securetag.in/found
in.pixiverse.user.management.securetag.db.entity.QRCode,68628e60b90d9a1ca106995b,68628e5eb90d9a1ca1069958,2025,Qtr 2,June,30,a1034d9a-1051-7074-049c-fb99233de741,68626745b90d9a1ca106994c,2025,Qtr 2,June,30,a1034d9a-1051-7074-049c-fb99233de741,6AGI9K,URL,https://app.securetag.in/found
in.pixiverse.user.management.securetag.db.entity.QRCode,68628e60b90d9a1ca106995c,68628e5eb90d9a1ca1069958,2025,Qtr 2,June,30,a1034d9a-1051-7074-049c-fb99233de741,68626745b90d9a1ca106994c,2025,Qtr 2,June,30,a1034d9a-1051-7074-049c-fb99233de741,RS97DZ,URL,https://app.securetag.in/found
in.pixiverse.user.management.securetag.db.entity.QRCode,68628e60b90d9a1ca106995d,68628e5eb90d9a1ca1069958,2025,Qtr 2,June,30,a1034d9a-1051-7074-049c-fb99233de741,68626745b90d9a1ca106994c,2025,Qtr 2,June,30,a1034d9a-1051-7074-049c-fb99233de741,EGHH07,URL,https://app.securetag.in/found
in.pixiverse.user.management.securetag.db.entity.QRCode,68628e60b90d9a1ca106995e,68628e5eb90d9a1ca1069958,2025,Qtr 2,June,30,a1034d9a-1051-7074-049c-fb99233de741,68626745b90d9a1ca106994c,2025,Qtr 2,June,30,a1034d9a-1051-7074-049c-fb99233de741,T1AP9E,URL,https://app.securetag.in/found
in.pixiverse.user.management.securetag.db.entity.QRCode,68628e60b90d9a1ca106995f,68628e5eb90d9a1ca1069958,2025,Qtr 2,June,30,a1034d9a-1051-7074-049c-fb99233de741,68626745b90d9a1ca106994c,2025,Qtr 2,June,30,a1034d9a-1051-7074-049c-fb99233de741,GLBOPA,URL,https://app.securetag.in/found
in.pixiverse.user.management.securetag.db.entity.QRCode,68628e60b90d9a1ca1069960,68628e5eb90d9a1ca1069958,2025,Qtr 2,June,30,a1034d9a-1051-7074-049c-fb99233de741,68626745b90d9a1ca106994c,2025,Qtr 2,June,30,a1034d9a-1051-7074-049c-fb99233de741,UIYQBF,URL,https://app.securetag.in/found
in.pixiverse.user.management.securetag.db.entity.QRCode,68628e60b90d9a1ca1069961,68628e5eb90d9a1ca1069958,2025,Qtr 2,June,30,a1034d9a-1051-7074-049c-fb99233de741,68626745b90d9a1ca106994c,2025,Qtr 2,June,30,a1034d9a-1051-7074-049c-fb99233de741,GOTLCI,URL,https://app.securetag.in/found
in.pixiverse.user.management.securetag.db.entity.QRCode,68628e60b90d9a1ca1069962,68628e5eb90d9a1ca1069958,2025,Qtr 2,June,30,a1034d9a-1051-7074-049c-fb99233de741,68626745b90d9a1ca106994c,2025,Qtr 2,June,30,a1034d9a-1051-7074-049c-fb99233de741,KBQZU8,URL,https://app.securetag.in/found
in.pixiverse.user.management.securetag.db.entity.QRCode,68628e60b90d9a1ca1069963,68628e5eb90d9a1ca1069958,2025,Qtr 2,June,30,a1034d9a-1051-7074-049c-fb99233de741,68626745b90d9a1ca106994c,2025,Qtr 2,June,30,a1034d9a-1051-7074-049c-fb99233de741,NL75HM,URL,https://app.securetag.in/found
in.pixiverse.user.management.securetag.db.entity.QRCode,68628e60b90d9a1ca1069964,68628e5eb90d9a1ca1069958,2025,Qtr 2,June,30,a1034d9a-1051-7074-049c-fb99233de741,68626745b90d9a1ca106994c,2025,Qtr 2,June,30,a1034d9a-1051-7074-049c-fb99233de741,CPNF4S,URL,https://app.securetag.in/found
in.pixiverse.user.management.securetag.db.entity.QRCode,68628e60b90d9a1ca1069965,68628e5eb90d9a1ca1069958,2025,Qtr 2,June,30,a1034d9a-1051-7074-049c-fb99233de741,68626745b90d9a1ca106994c,2025,Qtr 2,June,30,a1034d9a-1051-7074-049c-fb99233de741,1N42QS,URL,https://app.securetag.in/found
in.pixiverse.user.management.securetag.db.entity.QRCode,68628e60b90d9a1ca1069966,68628e5eb90d9a1ca1069958,2025,Qtr 2,June,30,a1034d9a-1051-7074-049c-fb99233de741,68626745b90d9a1ca106994c,2025,Qtr 2,June,30,a1034d9a-1051-7074-049c-fb99233de741,ADELL4,URL,https://app.securetag.in/found
in.pixiverse.user.management.securetag.db.entity.QRCode,68628e60b90d9a1ca1069967,68628e5eb90d9a1ca1069958,2025,Qtr 2,June,30,a1034d9a-1051-7074-049c-fb99233de741,68626745b90d9a1ca106994c,2025,Qtr 2,June,30,a1034d9a-1051-7074-049c-fb99233de741,2B9W15,URL,https://app.securetag.in/found
in.pixiverse.user.management.securetag.db.entity.QRCode,68628e60b90d9a1ca1069968,68628e5eb90d9a1ca1069958,2025,Qtr 2,June,30,a1034d9a-1051-7074-049c-fb99233de741,68626745b90d9a1ca106994c,2025,Qtr 2,June,30,a1034d9a-1051-7074-049c-fb99233de741,ZE0X01,URL,https://app.securetag.in/found
in.pixiverse.user.management.securetag.db.entity.QRCode,68628e60b90d9a1ca1069969,68628e5eb90d9a1ca1069958,2025,Qtr 2,June,30,a1034d9a-1051-7074-049c-fb99233de741,68626745b90d9a1ca106994c,2025,Qtr 2,June,30,a1034d9a-1051-7074-049c-fb99233de741,5PSR86,URL,https://app.securetag.in/found
in.pixiverse.user.management.securetag.db.entity.QRCode,68628e60b90d9a1ca106996a,68628e5eb90d9a1ca1069958,2025,Qtr 2,June,30,a1034d9a-1051-7074-049c-fb99233de741,68626745b90d9a1ca106994c,2025,Qtr 2,June,30,a1034d9a-1051-7074-049c-fb99233de741,3QSJIY,URL,https://app.securetag.in/found
in.pixiverse.user.management.securetag.db.entity.QRCode,68628e60b90d9a1ca106996b,68628e5eb90d9a1ca1069958,2025,Qtr 2,June,30,a1034d9a-1051-7074-049c-fb99233de741,68626745b90d9a1ca106994c,2025,Qtr 2,June,30,a1034d9a-1051-7074-049c-fb99233de741,KHB0VV,URL,https://app.securetag.in/found
in.pixiverse.user.management.securetag.db.entity.QRCode,68628e60b90d9a1ca106996c,68628e5eb90d9a1ca1069958,2025,Qtr 2,June,30,a1034d9a-1051-7074-049c-fb99233de741,68626745b90d9a1ca106994c,2025,Qtr 2,June,30,a1034d9a-1051-7074-049c-fb99233de741,4K3PGF,URL,https://app.securetag.in/found
in.pixiverse.user.management.securetag.db.entity.QRCode,68628e60b90d9a1ca106996d,68628e5eb90d9a1ca1069958,2025,Qtr 2,June,30,a1034d9a-1051-7074-049c-fb99233de741,68626745b90d9a1ca106994c,2025,Qtr 2,June,30,a1034d9a-1051-7074-049c-fb99233de741,RGZM1R,URL,https://app.securetag.in/found
in.pixiverse.user.management.securetag.db.entity.QRCode,68628e60b90d9a1ca106996e,68628e5eb90d9a1ca1069958,2025,Qtr 2,June,30,a1034d9a-1051-7074-049c-fb99233de741,68626745b90d9a1ca106994c,2025,Qtr 2,June,30,a1034d9a-1051-7074-049c-fb99233de741,GF1ARR,URL,https://app.securetag.in/found
in.pixiverse.user.management.securetag.db.entity.QRCode,68628e60b90d9a1ca106996f,68628e5eb90d9a1ca1069958,2025,Qtr 2,June,30,a1034d9a-1051-7074-049c-fb99233de741,68626745b90d9a1ca106994c,2025,Qtr 2,June,30,a1034d9a-1051-7074-049c-fb99233de741,8WMS5P,URL,https://app.securetag.in/found
in.pixiverse.user.management.securetag.db.entity.QRCode,68628e60b90d9a1ca1069970,68628e5eb90d9a1ca1069958,2025,Qtr 2,June,30,a1034d9a-1051-7074-049c-fb99233de741,68626745b90d9a1ca106994c,2025,Qtr 2,June,30,a1034d9a-1051-7074-049c-fb99233de741,QT3MAG,URL,https://app.securetag.in/found
in.pixiverse.user.management.securetag.db.entity.QRCode,68628e60b90d9a1ca1069971,68628e5eb90d9a1ca1069958,2025,Qtr 2,June,30,a1034d9a-1051-7074-049c-fb99233de741,68626745b90d9a1ca106994c,2025,Qtr 2,June,30,a1034d9a-1051-7074-049c-fb99233de741,8LOUBI,URL,https://app.securetag.in/found
in.pixiverse.user.management.securetag.db.entity.QRCode,68628e60b90d9a1ca1069972,68628e5eb90d9a1ca1069958,2025,Qtr 2,June,30,a1034d9a-1051-7074-049c-fb99233de741,68626745b90d9a1ca106994c,2025,Qtr 2,June,30,a1034d9a-1051-7074-049c-fb99233de741,YNUGQ2,URL,https://app.securetag.in/found
in.pixiverse.user.management.securetag.db.entity.QRCode,68628e60b90d9a1ca1069973,68628e5eb90d9a1ca1069958,2025,Qtr 2,June,30,a1034d9a-1051-7074-049c-fb99233de741,68626745b90d9a1ca106994c,2025,Qtr 2,June,30,a1034d9a-1051-7074-049c-fb99233de741,30I4LK,URL,https://app.securetag.in/found
in.pixiverse.user.management.securetag.db.entity.QRCode,68628e60b90d9a1ca1069974,68628e5eb90d9a1ca1069958,2025,Qtr 2,June,30,a1034d9a-1051-7074-049c-fb99233de741,68626745b90d9a1ca106994c,2025,Qtr 2,June,30,a1034d9a-1051-7074-049c-fb99233de741,T4TVGM,URL,https://app.securetag.in/found
in.pixiverse.user.management.securetag.db.entity.QRCode,68628e60b90d9a1ca1069975,68628e5eb90d9a1ca1069958,2025,Qtr 2,June,30,a1034d9a-1051-7074-049c-fb99233de741,68626745b90d9a1ca106994c,2025,Qtr 2,June,30,a1034d9a-1051-7074-049c-fb99233de741,7AKOXW,URL,https://app.securetag.in/found
in.pixiverse.user.management.securetag.db.entity.QRCode,68628e60b90d9a1ca1069976,68628e5eb90d9a1ca1069958,2025,Qtr 2,June,30,a1034d9a-1051-7074-049c-fb99233de741,68626745b90d9a1ca106994c,2025,Qtr 2,June,30,a1034d9a-1051-7074-049c-fb99233de741,EF4FE3,URL,https://app.securetag.in/found
in.pixiverse.user.management.securetag.db.entity.QRCode,68628e60b90d9a1ca1069977,68628e5eb90d9a1ca1069958,2025,Qtr 2,June,30,a1034d9a-1051-7074-049c-fb99233de741,68626745b90d9a1ca106994c,2025,Qtr 2,June,30,a1034d9a-1051-7074-049c-fb99233de741,0VP1DD,URL,https://app.securetag.in/found
in.pixiverse.user.management.securetag.db.entity.QRCode,68628e60b90d9a1ca1069978,68628e5eb90d9a1ca1069958,2025,Qtr 2,June,30,a1034d9a-1051-7074-049c-fb99233de741,68626745b90d9a1ca106994c,2025,Qtr 2,June,30,a1034d9a-1051-7074-049c-fb99233de741,KBR3A9,URL,https://app.securetag.in/found
in.pixiverse.user.management.securetag.db.entity.QRCode,68628e60b90d9a1ca1069979,68628e5eb90d9a1ca1069958,2025,Qtr 2,June,30,a1034d9a-1051-7074-049c-fb99233de741,68626745b90d9a1ca106994c,2025,Qtr 2,June,30,a1034d9a-1051-7074-049c-fb99233de741,RLWE5F,URL,https://app.securetag.in/found
in.pixiverse.user.management.securetag.db.entity.QRCode,68628e60b90d9a1ca106997a,68628e5eb90d9a1ca1069958,2025,Qtr 2,June,30,a1034d9a-1051-7074-049c-fb99233de741,68626745b90d9a1ca106994c,2025,Qtr 2,June,30,a1034d9a-1051-7074-049c-fb99233de741,CXWAVT,URL,https://app.securetag.in/found
in.pixiverse.user.management.securetag.db.entity.QRCode,68628e60b90d9a1ca106997b,68628e5eb90d9a1ca1069958,2025,Qtr 2,June,30,a1034d9a-1051-7074-049c-fb99233de741,68626745b90d9a1ca106994c,2025,Qtr 2,June,30,a1034d9a-1051-7074-049c-fb99233de741,YU01DZ,URL,https://app.securetag.in/found
in.pixiverse.user.management.securetag.db.entity.QRCode,68628e60b90d9a1ca106997c,68628e5eb90d9a1ca1069958,2025,Qtr 2,June,30,a1034d9a-1051-7074-049c-fb99233de741,68626745b90d9a1ca106994c,2025,Qtr 2,June,30,a1034d9a-1051-7074-049c-fb99233de741,ICMCSQ,URL,https://app.securetag.in/found
in.pixiverse.user.management.securetag.db.entity.QRCode,68628e60b90d9a1ca106997d,68628e5eb90d9a1ca1069958,2025,Qtr 2,June,30,a1034d9a-1051-7074-049c-fb99233de741,68626745b90d9a1ca106994c,2025,Qtr 2,June,30,a1034d9a-1051-7074-049c-fb99233de741,Y0Y8LS,URL,https://app.securetag.in/found
in.pixiverse.user.management.securetag.db.entity.QRCode,68628e60b90d9a1ca106997e,68628e5eb90d9a1ca1069958,2025,Qtr 2,June,30,a1034d9a-1051-7074-049c-fb99233de741,68626745b90d9a1ca106994c,2025,Qtr 2,June,30,a1034d9a-1051-7074-049c-fb99233de741,MB6WE9,URL,https://app.securetag.in/found
in.pixiverse.user.management.securetag.db.entity.QRCode,68628e60b90d9a1ca106997f,68628e5eb90d9a1ca1069958,2025,Qtr 2,June,30,a1034d9a-1051-7074-049c-fb99233de741,68626745b90d9a1ca106994c,2025,Qtr 2,June,30,a1034d9a-1051-7074-049c-fb99233de741,HPEWA6,URL,https://app.securetag.in/found
in.pixiverse.user.management.securetag.db.entity.QRCode,68628e60b90d9a1ca1069980,68628e5eb90d9a1ca1069958,2025,Qtr 2,June,30,a1034d9a-1051-7074-049c-fb99233de741,68626745b90d9a1ca106994c,2025,Qtr 2,June,30,a1034d9a-1051-7074-049c-fb99233de741,HU31PG,URL,https://app.securetag.in/found
in.pixiverse.user.management.securetag.db.entity.QRCode,68628e60b90d9a1ca1069981,68628e5eb90d9a1ca1069958,2025,Qtr 2,June,30,a1034d9a-1051-7074-049c-fb99233de741,68626745b90d9a1ca106994c,2025,Qtr 2,June,30,a1034d9a-1051-7074-049c-fb99233de741,RCE8RY,URL,https://app.securetag.in/found
in.pixiverse.user.management.securetag.db.entity.QRCode,68628e60b90d9a1ca1069982,68628e5eb90d9a1ca1069958,2025,Qtr 2,June,30,a1034d9a-1051-7074-049c-fb99233de741,68626745b90d9a1ca106994c,2025,Qtr 2,June,30,a1034d9a-1051-7074-049c-fb99233de741,FSKH5R,URL,https://app.securetag.in/found
in.pixiverse.user.management.securetag.db.entity.QRCode,68628e60b90d9a1ca1069983,68628e5eb90d9a1ca1069958,2025,Qtr 2,June,30,a1034d9a-1051-7074-049c-fb99233de741,68626745b90d9a1ca106994c,2025,Qtr 2,June,30,a1034d9a-1051-7074-049c-fb99233de741,JFFLQJ,URL,https://app.securetag.in/found
in.pixiverse.user.management.securetag.db.entity.QRCode,68628e60b90d9a1ca1069984,68628e5eb90d9a1ca1069958,2025,Qtr 2,June,30,a1034d9a-1051-7074-049c-fb99233de741,68626745b90d9a1ca106994c,2025,Qtr 2,June,30,a1034d9a-1051-7074-049c-fb99233de741,72AA3B,URL,https://app.securetag.in/found
in.pixiverse.user.management.securetag.db.entity.QRCode,68628e60b90d9a1ca1069985,68628e5eb90d9a1ca1069958,2025,Qtr 2,June,30,a1034d9a-1051-7074-049c-fb99233de741,68626745b90d9a1ca106994c,2025,Qtr 2,June,30,a1034d9a-1051-7074-049c-fb99233de741,6WHB87,URL,https://app.securetag.in/found
in.pixiverse.user.management.securetag.db.entity.QRCode,68628e60b90d9a1ca1069986,68628e5eb90d9a1ca1069958,2025,Qtr 2,June,30,a1034d9a-1051-7074-049c-fb99233de741,68626745b90d9a1ca106994c,2025,Qtr 2,June,30,a1034d9a-1051-7074-049c-fb99233de741,20H3IQ,URL,https://app.securetag.in/found
in.pixiverse.user.management.securetag.db.entity.QRCode,68628e60b90d9a1ca1069987,68628e5eb90d9a1ca1069958,2025,Qtr 2,June,30,a1034d9a-1051-7074-049c-fb99233de741,68626745b90d9a1ca106994c,2025,Qtr 2,June,30,a1034d9a-1051-7074-049c-fb99233de741,J8HQJ7,URL,https://app.securetag.in/found
in.pixiverse.user.management.securetag.db.entity.QRCode,68628e60b90d9a1ca1069988,68628e5eb90d9a1ca1069958,2025,Qtr 2,June,30,a1034d9a-1051-7074-049c-fb99233de741,68626745b90d9a1ca106994c,2025,Qtr 2,June,30,a1034d9a-1051-7074-049c-fb99233de741,TUWA8B,URL,https://app.securetag.in/found
in.pixiverse.user.management.securetag.db.entity.QRCode,68628e60b90d9a1ca1069989,68628e5eb90d9a1ca1069958,2025,Qtr 2,June,30,a1034d9a-1051-7074-049c-fb99233de741,68626745b90d9a1ca106994c,2025,Qtr 2,June,30,a1034d9a-1051-7074-049c-fb99233de741,IVBDHF,URL,https://app.securetag.in/found
in.pixiverse.user.management.securetag.db.entity.QRCode,68628e60b90d9a1ca106998a,68628e5eb90d9a1ca1069958,2025,Qtr 2,June,30,a1034d9a-1051-7074-049c-fb99233de741,68626745b90d9a1ca106994c,2025,Qtr 2,June,30,a1034d9a-1051-7074-049c-fb99233de741,TVMOHM,URL,https://app.securetag.in/found
in.pixiverse.user.management.securetag.db.entity.QRCode,68628e60b90d9a1ca106998b,68628e5eb90d9a1ca1069958,2025,Qtr 2,June,30,a1034d9a-1051-7074-049c-fb99233de741,68626745b90d9a1ca106994c,2025,Qtr 2,June,30,a1034d9a-1051-7074-049c-fb99233de741,9FMUNE,URL,https://app.securetag.in/found
in.pixiverse.user.management.securetag.db.entity.QRCode,68628e60b90d9a1ca106998c,68628e5eb90d9a1ca1069958,2025,Qtr 2,June,30,a1034d9a-1051-7074-049c-fb99233de741,68626745b90d9a1ca106994c,2025,Qtr 2,June,30,a1034d9a-1051-7074-049c-fb99233de741,HBHDDV,URL,https://app.securetag.in/found
in.pixiverse.user.management.securetag.db.entity.QRCode,68628e60b90d9a1ca106998d,68628e5eb90d9a1ca1069958,2025,Qtr 2,June,30,a1034d9a-1051-7074-049c-fb99233de741,68626745b90d9a1ca106994c,2025,Qtr 2,June,30,a1034d9a-1051-7074-049c-fb99233de741,2YUU0W,URL,https://app.securetag.in/found
in.pixiverse.user.management.securetag.db.entity.QRCode,68628e60b90d9a1ca106998e,68628e5eb90d9a1ca1069958,2025,Qtr 2,June,30,a1034d9a-1051-7074-049c-fb99233de741,68626745b90d9a1ca106994c,2025,Qtr 2,June,30,a1034d9a-1051-7074-049c-fb99233de741,HC5WH3,URL,https://app.securetag.in/found
in.pixiverse.user.management.securetag.db.entity.QRCode,68628e60b90d9a1ca106998f,68628e5eb90d9a1ca1069958,2025,Qtr 2,June,30,a1034d9a-1051-7074-049c-fb99233de741,68626745b90d9a1ca106994c,2025,Qtr 2,June,30,a1034d9a-1051-7074-049c-fb99233de741,IF13EL,URL,https://app.securetag.in/found
in.pixiverse.user.management.securetag.db.entity.QRCode,68628e60b90d9a1ca1069990,68628e5eb90d9a1ca1069958,2025,Qtr 2,June,30,a1034d9a-1051-7074-049c-fb99233de741,68626745b90d9a1ca106994c,2025,Qtr 2,June,30,a1034d9a-1051-7074-049c-fb99233de741,OSUS5Y,URL,https://app.securetag.in/found
in.pixiverse.user.management.securetag.db.entity.QRCode,68628e60b90d9a1ca1069991,68628e5eb90d9a1ca1069958,2025,Qtr 2,June,30,a1034d9a-1051-7074-049c-fb99233de741,68626745b90d9a1ca106994c,2025,Qtr 2,June,30,a1034d9a-1051-7074-049c-fb99233de741,YLKWVR,URL,https://app.securetag.in/found
in.pixiverse.user.management.securetag.db.entity.QRCode,68628e60b90d9a1ca1069992,68628e5eb90d9a1ca1069958,2025,Qtr 2,June,30,a1034d9a-1051-7074-049c-fb99233de741,68626745b90d9a1ca106994c,2025,Qtr 2,June,30,a1034d9a-1051-7074-049c-fb99233de741,4FWHB4,URL,https://app.securetag.in/found
in.pixiverse.user.management.securetag.db.entity.QRCode,68628e60b90d9a1ca1069993,68628e5eb90d9a1ca1069958,2025,Qtr 2,June,30,a1034d9a-1051-7074-049c-fb99233de741,68626745b90d9a1ca106994c,2025,Qtr 2,June,30,a1034d9a-1051-7074-049c-fb99233de741,NASFRL,URL,https://app.securetag.in/found
in.pixiverse.user.management.securetag.db.entity.QRCode,68628e60b90d9a1ca1069994,68628e5eb90d9a1ca1069958,2025,Qtr 2,June,30,a1034d9a-1051-7074-049c-fb99233de741,68626745b90d9a1ca106994c,2025,Qtr 2,June,30,a1034d9a-1051-7074-049c-fb99233de741,5VO5GO,URL,https://app.securetag.in/found
in.pixiverse.user.management.securetag.db.entity.QRCode,68628e60b90d9a1ca1069995,68628e5eb90d9a1ca1069958,2025,Qtr 2,June,30,a1034d9a-1051-7074-049c-fb99233de741,68626745b90d9a1ca106994c,2025,Qtr 2,June,30,a1034d9a-1051-7074-049c-fb99233de741,9RAV4N,URL,https://app.securetag.in/found
in.pixiverse.user.management.securetag.db.entity.QRCode,68628e60b90d9a1ca1069996,68628e5eb90d9a1ca1069958,2025,Qtr 2,June,30,a1034d9a-1051-7074-049c-fb99233de741,68626745b90d9a1ca106994c,2025,Qtr 2,June,30,a1034d9a-1051-7074-049c-fb99233de741,4ILS01,URL,https://app.securetag.in/found
in.pixiverse.user.management.securetag.db.entity.QRCode,68628e60b90d9a1ca1069997,68628e5eb90d9a1ca1069958,2025,Qtr 2,June,30,a1034d9a-1051-7074-049c-fb99233de741,68626745b90d9a1ca106994c,2025,Qtr 2,June,30,a1034d9a-1051-7074-049c-fb99233de741,PTB40G,URL,https://app.securetag.in/found
in.pixiverse.user.management.securetag.db.entity.QRCode,68628e60b90d9a1ca1069998,68628e5eb90d9a1ca1069958,2025,Qtr 2,June,30,a1034d9a-1051-7074-049c-fb99233de741,68626745b90d9a1ca106994c,2025,Qtr 2,June,30,a1034d9a-1051-7074-049c-fb99233de741,U3SVD2,URL,https://app.securetag.in/found
in.pixiverse.user.management.securetag.db.entity.QRCode,68628e60b90d9a1ca1069999,68628e5eb90d9a1ca1069958,2025,Qtr 2,June,30,a1034d9a-1051-7074-049c-fb99233de741,68626745b90d9a1ca106994c,2025,Qtr 2,June,30,a1034d9a-1051-7074-049c-fb99233de741,C414MJ,URL,https://app.securetag.in/found
in.pixiverse.user.management.securetag.db.entity.QRCode,68628e60b90d9a1ca106999a,68628e5eb90d9a1ca1069958,2025,Qtr 2,June,30,a1034d9a-1051-7074-049c-fb99233de741,68626745b90d9a1ca106994c,2025,Qtr 2,June,30,a1034d9a-1051-7074-049c-fb99233de741,CA82DJ,URL,https://app.securetag.in/found
in.pixiverse.user.management.securetag.db.entity.QRCode,68628e60b90d9a1ca106999b,68628e5eb90d9a1ca1069958,2025,Qtr 2,June,30,a1034d9a-1051-7074-049c-fb99233de741,68626745b90d9a1ca106994c,2025,Qtr 2,June,30,a1034d9a-1051-7074-049c-fb99233de741,DJFI0M,URL,https://app.securetag.in/found
in.pixiverse.user.management.securetag.db.entity.QRCode,68628e60b90d9a1ca106999c,68628e5eb90d9a1ca1069958,2025,Qtr 2,June,30,a1034d9a-1051-7074-049c-fb99233de741,68626745b90d9a1ca106994c,2025,Qtr 2,June,30,a1034d9a-1051-7074-049c-fb99233de741,OPJUI0,URL,https://app.securetag.in/found
in.pixiverse.user.management.securetag.db.entity.QRCode,68628e60b90d9a1ca106999d,68628e5eb90d9a1ca1069958,2025,Qtr 2,June,30,a1034d9a-1051-7074-049c-fb99233de741,68626745b90d9a1ca106994c,2025,Qtr 2,June,30,a1034d9a-1051-7074-049c-fb99233de741,SMOA5K,URL,https://app.securetag.in/found
in.pixiverse.user.management.securetag.db.entity.QRCode,68628e60b90d9a1ca106999e,68628e5eb90d9a1ca1069958,2025,Qtr 2,June,30,a1034d9a-1051-7074-049c-fb99233de741,68626745b90d9a1ca106994c,2025,Qtr 2,June,30,a1034d9a-1051-7074-049c-fb99233de741,VK9NRM,URL,https://app.securetag.in/found
in.pixiverse.user.management.securetag.db.entity.QRCode,68628e60b90d9a1ca106999f,68628e5eb90d9a1ca1069958,2025,Qtr 2,June,30,a1034d9a-1051-7074-049c-fb99233de741,68626745b90d9a1ca106994c,2025,Qtr 2,June,30,a1034d9a-1051-7074-049c-fb99233de741,XLXPM8,URL,https://app.securetag.in/found
in.pixiverse.user.management.securetag.db.entity.QRCode,68628e60b90d9a1ca10699a0,68628e5eb90d9a1ca1069958,2025,Qtr 2,June,30,a1034d9a-1051-7074-049c-fb99233de741,68626745b90d9a1ca106994c,2025,Qtr 2,June,30,a1034d9a-1051-7074-049c-fb99233de741,FQKDSU,URL,https://app.securetag.in/found
in.pixiverse.user.management.securetag.db.entity.QRCode,68628e60b90d9a1ca10699a1,68628e5eb90d9a1ca1069958,2025,Qtr 2,June,30,a1034d9a-1051-7074-049c-fb99233de741,68626745b90d9a1ca106994c,2025,Qtr 2,June,30,a1034d9a-1051-7074-049c-fb99233de741,MGY261,URL,https://app.securetag.in/found
in.pixiverse.user.management.securetag.db.entity.QRCode,68628e60b90d9a1ca10699a2,68628e5eb90d9a1ca1069958,2025,Qtr 2,June,30,a1034d9a-1051-7074-049c-fb99233de741,68626745b90d9a1ca106994c,2025,Qtr 2,June,30,a1034d9a-1051-7074-049c-fb99233de741,Z756O8,URL,https://app.securetag.in/found
in.pixiverse.user.management.securetag.db.entity.QRCode,68628e60b90d9a1ca10699a3,68628e5eb90d9a1ca1069958,2025,Qtr 2,June,30,a1034d9a-1051-7074-049c-fb99233de741,68626745b90d9a1ca106994c,2025,Qtr 2,June,30,a1034d9a-1051-7074-049c-fb99233de741,6BA9Z6,URL,https://app.securetag.in/found
in.pixiverse.user.management.securetag.db.entity.QRCode,68628e60b90d9a1ca10699a4,68628e5eb90d9a1ca1069958,2025,Qtr 2,June,30,a1034d9a-1051-7074-049c-fb99233de741,68626745b90d9a1ca106994c,2025,Qtr 2,June,30,a1034d9a-1051-7074-049c-fb99233de741,6CYDQL,URL,https://app.securetag.in/found
in.pixiverse.user.management.securetag.db.entity.QRCode,68628e60b90d9a1ca10699a5,68628e5eb90d9a1ca1069958,2025,Qtr 2,June,30,a1034d9a-1051-7074-049c-fb99233de741,68626745b90d9a1ca106994c,2025,Qtr 2,June,30,a1034d9a-1051-7074-049c-fb99233de741,Q10P37,URL,https://app.securetag.in/found
in.pixiverse.user.management.securetag.db.entity.QRCode,68628e60b90d9a1ca10699a6,68628e5eb90d9a1ca1069958,2025,Qtr 2,June,30,a1034d9a-1051-7074-049c-fb99233de741,68626745b90d9a1ca106994c,2025,Qtr 2,June,30,a1034d9a-1051-7074-049c-fb99233de741,CAIMCL,URL,https://app.securetag.in/found
in.pixiverse.user.management.securetag.db.entity.QRCode,68628e60b90d9a1ca10699a7,68628e5eb90d9a1ca1069958,2025,Qtr 2,June,30,a1034d9a-1051-7074-049c-fb99233de741,68626745b90d9a1ca106994c,2025,Qtr 2,June,30,a1034d9a-1051-7074-049c-fb99233de741,V9HTMU,URL,https://app.securetag.in/found
in.pixiverse.user.management.securetag.db.entity.QRCode,68628e60b90d9a1ca10699a8,68628e5eb90d9a1ca1069958,2025,Qtr 2,June,30,a1034d9a-1051-7074-049c-fb99233de741,68626745b90d9a1ca106994c,2025,Qtr 2,June,30,a1034d9a-1051-7074-049c-fb99233de741,41QEX1,URL,https://app.securetag.in/found
in.pixiverse.user.management.securetag.db.entity.QRCode,68628e60b90d9a1ca10699a9,68628e5eb90d9a1ca1069958,2025,Qtr 2,June,30,a1034d9a-1051-7074-049c-fb99233de741,68626745b90d9a1ca106994c,2025,Qtr 2,June,30,a1034d9a-1051-7074-049c-fb99233de741,PTZJPO,URL,https://app.securetag.in/found
in.pixiverse.user.management.securetag.db.entity.QRCode,68628e60b90d9a1ca10699aa,68628e5eb90d9a1ca1069958,2025,Qtr 2,June,30,a1034d9a-1051-7074-049c-fb99233de741,68626745b90d9a1ca106994c,2025,Qtr 2,June,30,a1034d9a-1051-7074-049c-fb99233de741,URR05X,URL,https://app.securetag.in/found
in.pixiverse.user.management.securetag.db.entity.QRCode,68628e60b90d9a1ca10699ab,68628e5eb90d9a1ca1069958,2025,Qtr 2,June,30,a1034d9a-1051-7074-049c-fb99233de741,68626745b90d9a1ca106994c,2025,Qtr 2,June,30,a1034d9a-1051-7074-049c-fb99233de741,DPCWSS,URL,https://app.securetag.in/found
in.pixiverse.user.management.securetag.db.entity.QRCode,68628e60b90d9a1ca10699ac,68628e5eb90d9a1ca1069958,2025,Qtr 2,June,30,a1034d9a-1051-7074-049c-fb99233de741,68626745b90d9a1ca106994c,2025,Qtr 2,June,30,a1034d9a-1051-7074-049c-fb99233de741,AWXOFW,URL,https://app.securetag.in/found
in.pixiverse.user.management.securetag.db.entity.QRCode,68628e60b90d9a1ca10699ad,68628e5eb90d9a1ca1069958,2025,Qtr 2,June,30,a1034d9a-1051-7074-049c-fb99233de741,68626745b90d9a1ca106994c,2025,Qtr 2,June,30,a1034d9a-1051-7074-049c-fb99233de741,4B9CLP,URL,https://app.securetag.in/found
in.pixiverse.user.management.securetag.db.entity.QRCode,68628e60b90d9a1ca10699ae,68628e5eb90d9a1ca1069958,2025,Qtr 2,June,30,a1034d9a-1051-7074-049c-fb99233de741,68626745b90d9a1ca106994c,2025,Qtr 2,June,30,a1034d9a-1051-7074-049c-fb99233de741,ROEBJT,URL,https://app.securetag.in/found
in.pixiverse.user.management.securetag.db.entity.QRCode,68628e60b90d9a1ca10699af,68628e5eb90d9a1ca1069958,2025,Qtr 2,June,30,a1034d9a-1051-7074-049c-fb99233de741,68626745b90d9a1ca106994c,2025,Qtr 2,June,30,a1034d9a-1051-7074-049c-fb99233de741,YCFB4W,URL,https://app.securetag.in/found
in.pixiverse.user.management.securetag.db.entity.QRCode,68628e60b90d9a1ca10699b0,68628e5eb90d9a1ca1069958,2025,Qtr 2,June,30,a1034d9a-1051-7074-049c-fb99233de741,68626745b90d9a1ca106994c,2025,Qtr 2,June,30,a1034d9a-1051-7074-049c-fb99233de741,Y9S38C,URL,https://app.securetag.in/found
in.pixiverse.user.management.securetag.db.entity.QRCode,68628e60b90d9a1ca10699b1,68628e5eb90d9a1ca1069958,2025,Qtr 2,June,30,a1034d9a-1051-7074-049c-fb99233de741,68626745b90d9a1ca106994c,2025,Qtr 2,June,30,a1034d9a-1051-7074-049c-fb99233de741,5971OS,URL,https://app.securetag.in/found
in.pixiverse.user.management.securetag.db.entity.QRCode,68628e60b90d9a1ca10699b2,68628e5eb90d9a1ca1069958,2025,Qtr 2,June,30,a1034d9a-1051-7074-049c-fb99233de741,68626745b90d9a1ca106994c,2025,Qtr 2,June,30,a1034d9a-1051-7074-049c-fb99233de741,A6EJ7T,URL,https://app.securetag.in/found
in.pixiverse.user.management.securetag.db.entity.QRCode,68628e60b90d9a1ca10699b3,68628e5eb90d9a1ca1069958,2025,Qtr 2,June,30,a1034d9a-1051-7074-049c-fb99233de741,68626745b90d9a1ca106994c,2025,Qtr 2,June,30,a1034d9a-1051-7074-049c-fb99233de741,PATWYZ,URL,https://app.securetag.in/found
in.pixiverse.user.management.securetag.db.entity.QRCode,68628e60b90d9a1ca10699b4,68628e5eb90d9a1ca1069958,2025,Qtr 2,June,30,a1034d9a-1051-7074-049c-fb99233de741,68626745b90d9a1ca106994c,2025,Qtr 2,June,30,a1034d9a-1051-7074-049c-fb99233de741,58PR4X,URL,https://app.securetag.in/found
in.pixiverse.user.management.securetag.db.entity.QRCode,68628e60b90d9a1ca10699b5,68628e5eb90d9a1ca1069958,2025,Qtr 2,June,30,a1034d9a-1051-7074-049c-fb99233de741,68626745b90d9a1ca106994c,2025,Qtr 2,June,30,a1034d9a-1051-7074-049c-fb99233de741,AHPL72,URL,https://app.securetag.in/found
in.pixiverse.user.management.securetag.db.entity.QRCode,68628e60b90d9a1ca10699b6,68628e5eb90d9a1ca1069958,2025,Qtr 2,June,30,a1034d9a-1051-7074-049c-fb99233de741,68626745b90d9a1ca106994c,2025,Qtr 2,June,30,a1034d9a-1051-7074-049c-fb99233de741,4DIOJX,URL,https://app.securetag.in/found
in.pixiverse.user.management.securetag.db.entity.QRCode,68628e60b90d9a1ca10699b7,68628e5eb90d9a1ca1069958,2025,Qtr 2,June,30,a1034d9a-1051-7074-049c-fb99233de741,68626745b90d9a1ca106994c,2025,Qtr 2,June,30,a1034d9a-1051-7074-049c-fb99233de741,M2GSHK,URL,https://app.securetag.in/found
in.pixiverse.user.management.securetag.db.entity.QRCode,68628e60b90d9a1ca10699b8,68628e5eb90d9a1ca1069958,2025,Qtr 2,June,30,a1034d9a-1051-7074-049c-fb99233de741,68626745b90d9a1ca106994c,2025,Qtr 2,June,30,a1034d9a-1051-7074-049c-fb99233de741,P3COZE,URL,https://app.securetag.in/found
in.pixiverse.user.management.securetag.db.entity.QRCode,68628e60b90d9a1ca10699b9,68628e5eb90d9a1ca1069958,2025,Qtr 2,June,30,a1034d9a-1051-7074-049c-fb99233de741,68626745b90d9a1ca106994c,2025,Qtr 2,June,30,a1034d9a-1051-7074-049c-fb99233de741,CGS1IZ,URL,https://app.securetag.in/found
in.pixiverse.user.management.securetag.db.entity.QRCode,68628e60b90d9a1ca10699ba,68628e5eb90d9a1ca1069958,2025,Qtr 2,June,30,a1034d9a-1051-7074-049c-fb99233de741,68626745b90d9a1ca106994c,2025,Qtr 2,June,30,a1034d9a-1051-7074-049c-fb99233de741,TA00UD,URL,https://app.securetag.in/found
in.pixiverse.user.management.securetag.db.entity.QRCode,68628e60b90d9a1ca10699bb,68628e5eb90d9a1ca1069958,2025,Qtr 2,June,30,a1034d9a-1051-7074-049c-fb99233de741,68626745b90d9a1ca106994c,2025,Qtr 2,June,30,a1034d9a-1051-7074-049c-fb99233de741,OMHYDS,URL,https://app.securetag.in/found
in.pixiverse.user.management.securetag.db.entity.QRCode,68628e60b90d9a1ca10699bc,68628e5eb90d9a1ca1069958,2025,Qtr 2,June,30,a1034d9a-1051-7074-049c-fb99233de741,68626745b90d9a1ca106994c,2025,Qtr 2,June,30,a1034d9a-1051-7074-049c-fb99233de741,SRRY8E,URL,https://app.securetag.in/found
in.pixiverse.user.management.securetag.db.entity.QRCode,68628e60b90d9a1ca10699bd,68628e5eb90d9a1ca1069958,2025,Qtr 2,June,30,a1034d9a-1051-7074-049c-fb99233de741,68626745b90d9a1ca106994c,2025,Qtr 2,June,30,a1034d9a-1051-7074-049c-fb99233de741,2HCR6T,URL,https://app.securetag.in/found
in.pixiverse.user.management.securetag.db.entity.QRCode,68628e60b90d9a1ca10699be,68628e5eb90d9a1ca1069958,2025,Qtr 2,June,30,a1034d9a-1051-7074-049c-fb99233de741,68626745b90d9a1ca106994c,2025,Qtr 2,June,30,a1034d9a-1051-7074-049c-fb99233de741,JM9U6P,URL,https://app.securetag.in/found
in.pixiverse.user.management.securetag.db.entity.QRCode,68628e60b90d9a1ca10699bf,68628e5eb90d9a1ca1069958,2025,Qtr 2,June,30,a1034d9a-1051-7074-049c-fb99233de741,68626745b90d9a1ca106994c,2025,Qtr 2,June,30,a1034d9a-1051-7074-049c-fb99233de741,0KKAII,URL,https://app.securetag.in/found
in.pixiverse.user.management.securetag.db.entity.QRCode,68628e60b90d9a1ca10699c0,68628e5eb90d9a1ca1069958,2025,Qtr 2,June,30,a1034d9a-1051-7074-049c-fb99233de741,68626745b90d9a1ca106994c,2025,Qtr 2,June,30,a1034d9a-1051-7074-049c-fb99233de741,ACTHTX,URL,https://app.securetag.in/found
in.pixiverse.user.management.securetag.db.entity.QRCode,68628e60b90d9a1ca10699c1,68628e5eb90d9a1ca1069958,2025,Qtr 2,June,30,a1034d9a-1051-7074-049c-fb99233de741,68626745b90d9a1ca106994c,2025,Qtr 2,June,30,a1034d9a-1051-7074-049c-fb99233de741,ANC4U8,URL,https://app.securetag.in/found
in.pixiverse.user.management.securetag.db.entity.QRCode,68628e60b90d9a1ca10699c2,68628e5eb90d9a1ca1069958,2025,Qtr 2,June,30,a1034d9a-1051-7074-049c-fb99233de741,68626745b90d9a1ca106994c,2025,Qtr 2,June,30,a1034d9a-1051-7074-049c-fb99233de741,LQZZOY,URL,https://app.securetag.in/found
in.pixiverse.user.management.securetag.db.entity.QRCode,68628e60b90d9a1ca10699c3,68628e5eb90d9a1ca1069958,2025,Qtr 2,June,30,a1034d9a-1051-7074-049c-fb99233de741,68626745b90d9a1ca106994c,2025,Qtr 2,June,30,a1034d9a-1051-7074-049c-fb99233de741,VWGP7L,URL,https://app.securetag.in/found
in.pixiverse.user.management.securetag.db.entity.QRCode,68628e60b90d9a1ca10699c4,68628e5eb90d9a1ca1069958,2025,Qtr 2,June,30,a1034d9a-1051-7074-049c-fb99233de741,68626745b90d9a1ca106994c,2025,Qtr 2,June,30,a1034d9a-1051-7074-049c-fb99233de741,SSHVQO,URL,https://app.securetag.in/found
in.pixiverse.user.management.securetag.db.entity.QRCode,68628e60b90d9a1ca10699c5,68628e5eb90d9a1ca1069958,2025,Qtr 2,June,30,a1034d9a-1051-7074-049c-fb99233de741,68626745b90d9a1ca106994c,2025,Qtr 2,June,30,a1034d9a-1051-7074-049c-fb99233de741,XPZKUS,URL,https://app.securetag.in/found
in.pixiverse.user.management.securetag.db.entity.QRCode,68628e60b90d9a1ca10699c6,68628e5eb90d9a1ca1069958,2025,Qtr 2,June,30,a1034d9a-1051-7074-049c-fb99233de741,68626745b90d9a1ca106994c,2025,Qtr 2,June,30,a1034d9a-1051-7074-049c-fb99233de741,YB1GBD,URL,https://app.securetag.in/found
in.pixiverse.user.management.securetag.db.entity.QRCode,68628e60b90d9a1ca10699c7,68628e5eb90d9a1ca1069958,2025,Qtr 2,June,30,a1034d9a-1051-7074-049c-fb99233de741,68626745b90d9a1ca106994c,2025,Qtr 2,June,30,a1034d9a-1051-7074-049c-fb99233de741,ENPBHF,URL,https://app.securetag.in/found
in.pixiverse.user.management.securetag.db.entity.QRCode,68628e60b90d9a1ca10699c8,68628e5eb90d9a1ca1069958,2025,Qtr 2,June,30,a1034d9a-1051-7074-049c-fb99233de741,68626745b90d9a1ca106994c,2025,Qtr 2,June,30,a1034d9a-1051-7074-049c-fb99233de741,ZT7B6X,URL,https://app.securetag.in/found
in.pixiverse.user.management.securetag.db.entity.QRCode,68628e60b90d9a1ca10699c9,68628e5eb90d9a1ca1069958,2025,Qtr 2,June,30,a1034d9a-1051-7074-049c-fb99233de741,68626745b90d9a1ca106994c,2025,Qtr 2,June,30,a1034d9a-1051-7074-049c-fb99233de741,UXNY7Z,URL,https://app.securetag.in/found
in.pixiverse.user.management.securetag.db.entity.QRCode,68628e60b90d9a1ca10699ca,68628e5eb90d9a1ca1069958,2025,Qtr 2,June,30,a1034d9a-1051-7074-049c-fb99233de741,68626745b90d9a1ca106994c,2025,Qtr 2,June,30,a1034d9a-1051-7074-049c-fb99233de741,HTNXL1,URL,https://app.securetag.in/found
in.pixiverse.user.management.securetag.db.entity.QRCode,68628e60b90d9a1ca10699cb,68628e5eb90d9a1ca1069958,2025,Qtr 2,June,30,a1034d9a-1051-7074-049c-fb99233de741,68626745b90d9a1ca106994c,2025,Qtr 2,June,30,a1034d9a-1051-7074-049c-fb99233de741,DO2ELB,URL,https://app.securetag.in/found
in.pixiverse.user.management.securetag.db.entity.QRCode,68628e60b90d9a1ca10699cc,68628e5eb90d9a1ca1069958,2025,Qtr 2,June,30,a1034d9a-1051-7074-049c-fb99233de741,68626745b90d9a1ca106994c,2025,Qtr 2,June,30,a1034d9a-1051-7074-049c-fb99233de741,QBQL8Z,URL,https://app.securetag.in/found
in.pixiverse.user.management.securetag.db.entity.QRCode,68628e60b90d9a1ca10699cd,68628e5eb90d9a1ca1069958,2025,Qtr 2,June,30,a1034d9a-1051-7074-049c-fb99233de741,68626745b90d9a1ca106994c,2025,Qtr 2,June,30,a1034d9a-1051-7074-049c-fb99233de741,2LRGSL,URL,https://app.securetag.in/found
in.pixiverse.user.management.securetag.db.entity.QRCode,68628e60b90d9a1ca10699ce,68628e5eb90d9a1ca1069958,2025,Qtr 2,June,30,a1034d9a-1051-7074-049c-fb99233de741,68626745b90d9a1ca106994c,2025,Qtr 2,June,30,a1034d9a-1051-7074-049c-fb99233de741,66GJYT,URL,https://app.securetag.in/found
in.pixiverse.user.management.securetag.db.entity.QRCode,68628e60b90d9a1ca10699cf,68628e5eb90d9a1ca1069958,2025,Qtr 2,June,30,a1034d9a-1051-7074-049c-fb99233de741,68626745b90d9a1ca106994c,2025,Qtr 2,June,30,a1034d9a-1051-7074-049c-fb99233de741,PU2PUW,URL,https://app.securetag.in/found
in.pixiverse.user.management.securetag.db.entity.QRCode,68628e60b90d9a1ca10699d0,68628e5eb90d9a1ca1069958,2025,Qtr 2,June,30,a1034d9a-1051-7074-049c-fb99233de741,68626745b90d9a1ca106994c,2025,Qtr 2,June,30,a1034d9a-1051-7074-049c-fb99233de741,DK0O6Z,URL,https://app.securetag.in/found
in.pixiverse.user.management.securetag.db.entity.QRCode,68628e60b90d9a1ca10699d1,68628e5eb90d9a1ca1069958,2025,Qtr 2,June,30,a1034d9a-1051-7074-049c-fb99233de741,68626745b90d9a1ca106994c,2025,Qtr 2,June,30,a1034d9a-1051-7074-049c-fb99233de741,JF171Y,URL,https://app.securetag.in/found
in.pixiverse.user.management.securetag.db.entity.QRCode,68628e60b90d9a1ca10699d2,68628e5eb90d9a1ca1069958,2025,Qtr 2,June,30,a1034d9a-1051-7074-049c-fb99233de741,68626745b90d9a1ca106994c,2025,Qtr 2,June,30,a1034d9a-1051-7074-049c-fb99233de741,G8K6WG,URL,https://app.securetag.in/found
in.pixiverse.user.management.securetag.db.entity.QRCode,68628e60b90d9a1ca10699d3,68628e5eb90d9a1ca1069958,2025,Qtr 2,June,30,a1034d9a-1051-7074-049c-fb99233de741,68626745b90d9a1ca106994c,2025,Qtr 2,June,30,a1034d9a-1051-7074-049c-fb99233de741,NEMREG,URL,https://app.securetag.in/found
in.pixiverse.user.management.securetag.db.entity.QRCode,68628e60b90d9a1ca10699d4,68628e5eb90d9a1ca1069958,2025,Qtr 2,June,30,a1034d9a-1051-7074-049c-fb99233de741,68626745b90d9a1ca106994c,2025,Qtr 2,June,30,a1034d9a-1051-7074-049c-fb99233de741,WF3Z14,URL,https://app.securetag.in/found
in.pixiverse.user.management.securetag.db.entity.QRCode,68628e60b90d9a1ca10699d5,68628e5eb90d9a1ca1069958,2025,Qtr 2,June,30,a1034d9a-1051-7074-049c-fb99233de741,68626745b90d9a1ca106994c,2025,Qtr 2,June,30,a1034d9a-1051-7074-049c-fb99233de741,2WOZGE,URL,https://app.securetag.in/found
in.pixiverse.user.management.securetag.db.entity.QRCode,68628e60b90d9a1ca10699d6,68628e5eb90d9a1ca1069958,2025,Qtr 2,June,30,a1034d9a-1051-7074-049c-fb99233de741,68626745b90d9a1ca106994c,2025,Qtr 2,June,30,a1034d9a-1051-7074-049c-fb99233de741,TDVBD0,URL,https://app.securetag.in/found
in.pixiverse.user.management.securetag.db.entity.QRCode,68628e60b90d9a1ca10699d7,68628e5eb90d9a1ca1069958,2025,Qtr 2,June,30,a1034d9a-1051-7074-049c-fb99233de741,68626745b90d9a1ca106994c,2025,Qtr 2,June,30,a1034d9a-1051-7074-049c-fb99233de741,VHVMJ8,URL,https://app.securetag.in/found
in.pixiverse.user.management.securetag.db.entity.QRCode,68628e60b90d9a1ca10699d8,68628e5eb90d9a1ca1069958,2025,Qtr 2,June,30,a1034d9a-1051-7074-049c-fb99233de741,68626745b90d9a1ca106994c,2025,Qtr 2,June,30,a1034d9a-1051-7074-049c-fb99233de741,D6WJQG,URL,https://app.securetag.in/found
in.pixiverse.user.management.securetag.db.entity.QRCode,68628e60b90d9a1ca10699d9,68628e5eb90d9a1ca1069958,2025,Qtr 2,June,30,a1034d9a-1051-7074-049c-fb99233de741,68626745b90d9a1ca106994c,2025,Qtr 2,June,30,a1034d9a-1051-7074-049c-fb99233de741,1TILWS,URL,https://app.securetag.in/found
in.pixiverse.user.management.securetag.db.entity.QRCode,68628e60b90d9a1ca10699da,68628e5eb90d9a1ca1069958,2025,Qtr 2,June,30,a1034d9a-1051-7074-049c-fb99233de741,68626745b90d9a1ca106994c,2025,Qtr 2,June,30,a1034d9a-1051-7074-049c-fb99233de741,V1BTJG,URL,https://app.securetag.in/found
in.pixiverse.user.management.securetag.db.entity.QRCode,68628e60b90d9a1ca10699db,68628e5eb90d9a1ca1069958,2025,Qtr 2,June,30,a1034d9a-1051-7074-049c-fb99233de741,68626745b90d9a1ca106994c,2025,Qtr 2,June,30,a1034d9a-1051-7074-049c-fb99233de741,BUAVNM,URL,https://app.securetag.in/found
in.pixiverse.user.management.securetag.db.entity.QRCode,68628e60b90d9a1ca10699dc,68628e5eb90d9a1ca1069958,2025,Qtr 2,June,30,a1034d9a-1051-7074-049c-fb99233de741,68626745b90d9a1ca106994c,2025,Qtr 2,June,30,a1034d9a-1051-7074-049c-fb99233de741,K1V5UZ,URL,https://app.securetag.in/found
in.pixiverse.user.management.securetag.db.entity.QRCode,68628e60b90d9a1ca10699dd,68628e5eb90d9a1ca1069958,2025,Qtr 2,June,30,a1034d9a-1051-7074-049c-fb99233de741,68626745b90d9a1ca106994c,2025,Qtr 2,June,30,a1034d9a-1051-7074-049c-fb99233de741,BUCMMG,URL,https://app.securetag.in/found
in.pixiverse.user.management.securetag.db.entity.QRCode,68628e60b90d9a1ca10699de,68628e5eb90d9a1ca1069958,2025,Qtr 2,June,30,a1034d9a-1051-7074-049c-fb99233de741,68626745b90d9a1ca106994c,2025,Qtr 2,June,30,a1034d9a-1051-7074-049c-fb99233de741,ISHKNZ,URL,https://app.securetag.in/found
in.pixiverse.user.management.securetag.db.entity.QRCode,68628e60b90d9a1ca10699df,68628e5eb90d9a1ca1069958,2025,Qtr 2,June,30,a1034d9a-1051-7074-049c-fb99233de741,68626745b90d9a1ca106994c,2025,Qtr 2,June,30,a1034d9a-1051-7074-049c-fb99233de741,J98B9E,URL,https://app.securetag.in/found
in.pixiverse.user.management.securetag.db.entity.QRCode,68628e60b90d9a1ca10699e0,68628e5eb90d9a1ca1069958,2025,Qtr 2,June,30,a1034d9a-1051-7074-049c-fb99233de741,68626745b90d9a1ca106994c,2025,Qtr 2,June,30,a1034d9a-1051-7074-049c-fb99233de741,JMNZAS,URL,https://app.securetag.in/found
in.pixiverse.user.management.securetag.db.entity.QRCode,68628e60b90d9a1ca10699e1,68628e5eb90d9a1ca1069958,2025,Qtr 2,June,30,a1034d9a-1051-7074-049c-fb99233de741,68626745b90d9a1ca106994c,2025,Qtr 2,June,30,a1034d9a-1051-7074-049c-fb99233de741,RTO9OU,URL,https://app.securetag.in/found
in.pixiverse.user.management.securetag.db.entity.QRCode,68628e60b90d9a1ca10699e2,68628e5eb90d9a1ca1069958,2025,Qtr 2,June,30,a1034d9a-1051-7074-049c-fb99233de741,68626745b90d9a1ca106994c,2025,Qtr 2,June,30,a1034d9a-1051-7074-049c-fb99233de741,R5VPUK,URL,https://app.securetag.in/found
in.pixiverse.user.management.securetag.db.entity.QRCode,68628e60b90d9a1ca10699e3,68628e5eb90d9a1ca1069958,2025,Qtr 2,June,30,a1034d9a-1051-7074-049c-fb99233de741,68626745b90d9a1ca106994c,2025,Qtr 2,June,30,a1034d9a-1051-7074-049c-fb99233de741,0RX29T,URL,https://app.securetag.in/found
in.pixiverse.user.management.securetag.db.entity.QRCode,68628e60b90d9a1ca10699e4,68628e5eb90d9a1ca1069958,2025,Qtr 2,June,30,a1034d9a-1051-7074-049c-fb99233de741,68626745b90d9a1ca106994c,2025,Qtr 2,June,30,a1034d9a-1051-7074-049c-fb99233de741,FTG1PU,URL,https://app.securetag.in/found
in.pixiverse.user.management.securetag.db.entity.QRCode,68628e60b90d9a1ca10699e5,68628e5eb90d9a1ca1069958,2025,Qtr 2,June,30,a1034d9a-1051-7074-049c-fb99233de741,68626745b90d9a1ca106994c,2025,Qtr 2,June,30,a1034d9a-1051-7074-049c-fb99233de741,YOWN99,URL,https://app.securetag.in/found
in.pixiverse.user.management.securetag.db.entity.QRCode,68628e60b90d9a1ca10699e6,68628e5eb90d9a1ca1069958,2025,Qtr 2,June,30,a1034d9a-1051-7074-049c-fb99233de741,68626745b90d9a1ca106994c,2025,Qtr 2,June,30,a1034d9a-1051-7074-049c-fb99233de741,GILPXJ,URL,https://app.securetag.in/found
in.pixiverse.user.management.securetag.db.entity.QRCode,68628e60b90d9a1ca10699e7,68628e5eb90d9a1ca1069958,2025,Qtr 2,June,30,a1034d9a-1051-7074-049c-fb99233de741,68626745b90d9a1ca106994c,2025,Qtr 2,June,30,a1034d9a-1051-7074-049c-fb99233de741,K5V5WJ,URL,https://app.securetag.in/found
in.pixiverse.user.management.securetag.db.entity.QRCode,68628e60b90d9a1ca10699e8,68628e5eb90d9a1ca1069958,2025,Qtr 2,June,30,a1034d9a-1051-7074-049c-fb99233de741,68626745b90d9a1ca106994c,2025,Qtr 2,June,30,a1034d9a-1051-7074-049c-fb99233de741,4UJE2N,URL,https://app.securetag.in/found
in.pixiverse.user.management.securetag.db.entity.QRCode,68628e60b90d9a1ca10699e9,68628e5eb90d9a1ca1069958,2025,Qtr 2,June,30,a1034d9a-1051-7074-049c-fb99233de741,68626745b90d9a1ca106994c,2025,Qtr 2,June,30,a1034d9a-1051-7074-049c-fb99233de741,NRZVYI,URL,https://app.securetag.in/found
in.pixiverse.user.management.securetag.db.entity.QRCode,68628e60b90d9a1ca10699ea,68628e5eb90d9a1ca1069958,2025,Qtr 2,June,30,a1034d9a-1051-7074-049c-fb99233de741,68626745b90d9a1ca106994c,2025,Qtr 2,June,30,a1034d9a-1051-7074-049c-fb99233de741,NZT8W7,URL,https://app.securetag.in/found
in.pixiverse.user.management.securetag.db.entity.QRCode,68628e60b90d9a1ca10699eb,68628e5eb90d9a1ca1069958,2025,Qtr 2,June,30,a1034d9a-1051-7074-049c-fb99233de741,68626745b90d9a1ca106994c,2025,Qtr 2,June,30,a1034d9a-1051-7074-049c-fb99233de741,L68KG8,URL,https://app.securetag.in/found
in.pixiverse.user.management.securetag.db.entity.QRCode,68628e60b90d9a1ca10699ec,68628e5eb90d9a1ca1069958,2025,Qtr 2,June,30,a1034d9a-1051-7074-049c-fb99233de741,68626745b90d9a1ca106994c,2025,Qtr 2,June,30,a1034d9a-1051-7074-049c-fb99233de741,UIX02Q,URL,https://app.securetag.in/found
in.pixiverse.user.management.securetag.db.entity.QRCode,68628e60b90d9a1ca10699ed,68628e5eb90d9a1ca1069958,2025,Qtr 2,June,30,a1034d9a-1051-7074-049c-fb99233de741,68626745b90d9a1ca106994c,2025,Qtr 2,June,30,a1034d9a-1051-7074-049c-fb99233de741,IMFYMV,URL,https://app.securetag.in/found
in.pixiverse.user.management.securetag.db.entity.QRCode,68628e60b90d9a1ca10699ee,68628e5eb90d9a1ca1069958,2025,Qtr 2,June,30,a1034d9a-1051-7074-049c-fb99233de741,68626745b90d9a1ca106994c,2025,Qtr 2,June,30,a1034d9a-1051-7074-049c-fb99233de741,TAN9I8,URL,https://app.securetag.in/found
in.pixiverse.user.management.securetag.db.entity.QRCode,68628e60b90d9a1ca10699ef,68628e5eb90d9a1ca1069958,2025,Qtr 2,June,30,a1034d9a-1051-7074-049c-fb99233de741,68626745b90d9a1ca106994c,2025,Qtr 2,June,30,a1034d9a-1051-7074-049c-fb99233de741,6BWZU4,URL,https://app.securetag.in/found
in.pixiverse.user.management.securetag.db.entity.QRCode,68628e60b90d9a1ca10699f0,68628e5eb90d9a1ca1069958,2025,Qtr 2,June,30,a1034d9a-1051-7074-049c-fb99233de741,68626745b90d9a1ca106994c,2025,Qtr 2,June,30,a1034d9a-1051-7074-049c-fb99233de741,ZAXWWH,URL,https://app.securetag.in/found
in.pixiverse.user.management.securetag.db.entity.QRCode,68628e60b90d9a1ca10699f1,68628e5eb90d9a1ca1069958,2025,Qtr 2,June,30,a1034d9a-1051-7074-049c-fb99233de741,68626745b90d9a1ca106994c,2025,Qtr 2,June,30,a1034d9a-1051-7074-049c-fb99233de741,U0CB3U,URL,https://app.securetag.in/found
in.pixiverse.user.management.securetag.db.entity.QRCode,68628e60b90d9a1ca10699f2,68628e5eb90d9a1ca1069958,2025,Qtr 2,June,30,a1034d9a-1051-7074-049c-fb99233de741,68626745b90d9a1ca106994c,2025,Qtr 2,June,30,a1034d9a-1051-7074-049c-fb99233de741,MOQ9CK,URL,https://app.securetag.in/found
in.pixiverse.user.management.securetag.db.entity.QRCode,68628e60b90d9a1ca10699f3,68628e5eb90d9a1ca1069958,2025,Qtr 2,June,30,a1034d9a-1051-7074-049c-fb99233de741,68626745b90d9a1ca106994c,2025,Qtr 2,June,30,a1034d9a-1051-7074-049c-fb99233de741,ZBEYW0,URL,https://app.securetag.in/found
in.pixiverse.user.management.securetag.db.entity.QRCode,68628e60b90d9a1ca10699f4,68628e5eb90d9a1ca1069958,2025,Qtr 2,June,30,a1034d9a-1051-7074-049c-fb99233de741,68626745b90d9a1ca106994c,2025,Qtr 2,June,30,a1034d9a-1051-7074-049c-fb99233de741,V846HR,URL,https://app.securetag.in/found
in.pixiverse.user.management.securetag.db.entity.QRCode,68628e60b90d9a1ca10699f5,68628e5eb90d9a1ca1069958,2025,Qtr 2,June,30,a1034d9a-1051-7074-049c-fb99233de741,68626745b90d9a1ca106994c,2025,Qtr 2,June,30,a1034d9a-1051-7074-049c-fb99233de741,FATGFT,URL,https://app.securetag.in/found
in.pixiverse.user.management.securetag.db.entity.QRCode,68628e60b90d9a1ca10699f6,68628e5eb90d9a1ca1069958,2025,Qtr 2,June,30,a1034d9a-1051-7074-049c-fb99233de741,68626745b90d9a1ca106994c,2025,Qtr 2,June,30,a1034d9a-1051-7074-049c-fb99233de741,SQ8N17,URL,https://app.securetag.in/found
in.pixiverse.user.management.securetag.db.entity.QRCode,68628e60b90d9a1ca10699f7,68628e5eb90d9a1ca1069958,2025,Qtr 2,June,30,a1034d9a-1051-7074-049c-fb99233de741,68626745b90d9a1ca106994c,2025,Qtr 2,June,30,a1034d9a-1051-7074-049c-fb99233de741,DLJSL5,URL,https://app.securetag.in/found
in.pixiverse.user.management.securetag.db.entity.QRCode,68628e60b90d9a1ca10699f8,68628e5eb90d9a1ca1069958,2025,Qtr 2,June,30,a1034d9a-1051-7074-049c-fb99233de741,68626745b90d9a1ca106994c,2025,Qtr 2,June,30,a1034d9a-1051-7074-049c-fb99233de741,8LA6HM,URL,https://app.securetag.in/found
in.pixiverse.user.management.securetag.db.entity.QRCode,68628e60b90d9a1ca10699f9,68628e5eb90d9a1ca1069958,2025,Qtr 2,June,30,a1034d9a-1051-7074-049c-fb99233de741,68626745b90d9a1ca106994c,2025,Qtr 2,June,30,a1034d9a-1051-7074-049c-fb99233de741,56ORJV,URL,https://app.securetag.in/found
in.pixiverse.user.management.securetag.db.entity.QRCode,68628e60b90d9a1ca10699fa,68628e5eb90d9a1ca1069958,2025,Qtr 2,June,30,a1034d9a-1051-7074-049c-fb99233de741,68626745b90d9a1ca106994c,2025,Qtr 2,June,30,a1034d9a-1051-7074-049c-fb99233de741,HT2UNP,URL,https://app.securetag.in/found
in.pixiverse.user.management.securetag.db.entity.QRCode,68628e60b90d9a1ca10699fb,68628e5eb90d9a1ca1069958,2025,Qtr 2,June,30,a1034d9a-1051-7074-049c-fb99233de741,68626745b90d9a1ca106994c,2025,Qtr 2,June,30,a1034d9a-1051-7074-049c-fb99233de741,SUO5OZ,URL,https://app.securetag.in/found
in.pixiverse.user.management.securetag.db.entity.QRCode,68628e60b90d9a1ca10699fc,68628e5eb90d9a1ca1069958,2025,Qtr 2,June,30,a1034d9a-1051-7074-049c-fb99233de741,68626745b90d9a1ca106994c,2025,Qtr 2,June,30,a1034d9a-1051-7074-049c-fb99233de741,0LK7A4,URL,https://app.securetag.in/found
in.pixiverse.user.management.securetag.db.entity.QRCode,68628e60b90d9a1ca10699fd,68628e5eb90d9a1ca1069958,2025,Qtr 2,June,30,a1034d9a-1051-7074-049c-fb99233de741,68626745b90d9a1ca106994c,2025,Qtr 2,June,30,a1034d9a-1051-7074-049c-fb99233de741,1A4WEO,URL,https://app.securetag.in/found
in.pixiverse.user.management.securetag.db.entity.QRCode,68628e60b90d9a1ca10699fe,68628e5eb90d9a1ca1069958,2025,Qtr 2,June,30,a1034d9a-1051-7074-049c-fb99233de741,68626745b90d9a1ca106994c,2025,Qtr 2,June,30,a1034d9a-1051-7074-049c-fb99233de741,GJ74ED,URL,https://app.securetag.in/found
in.pixiverse.user.management.securetag.db.entity.QRCode,68628e60b90d9a1ca10699ff,68628e5eb90d9a1ca1069958,2025,Qtr 2,June,30,a1034d9a-1051-7074-049c-fb99233de741,68626745b90d9a1ca106994c,2025,Qtr 2,June,30,a1034d9a-1051-7074-049c-fb99233de741,R7YGXK,URL,https://app.securetag.in/found
in.pixiverse.user.management.securetag.db.entity.QRCode,68628e60b90d9a1ca1069a00,68628e5eb90d9a1ca1069958,2025,Qtr 2,June,30,a1034d9a-1051-7074-049c-fb99233de741,68626745b90d9a1ca106994c,2025,Qtr 2,June,30,a1034d9a-1051-7074-049c-fb99233de741,03CYH8,URL,https://app.securetag.in/found
in.pixiverse.user.management.securetag.db.entity.QRCode,68628e60b90d9a1ca1069a01,68628e5eb90d9a1ca1069958,2025,Qtr 2,June,30,a1034d9a-1051-7074-049c-fb99233de741,68626745b90d9a1ca106994c,2025,Qtr 2,June,30,a1034d9a-1051-7074-049c-fb99233de741,FN4QP0,URL,https://app.securetag.in/found
in.pixiverse.user.management.securetag.db.entity.QRCode,68628e60b90d9a1ca1069a02,68628e5eb90d9a1ca1069958,2025,Qtr 2,June,30,a1034d9a-1051-7074-049c-fb99233de741,68626745b90d9a1ca106994c,2025,Qtr 2,June,30,a1034d9a-1051-7074-049c-fb99233de741,XEFL25,URL,https://app.securetag.in/found
in.pixiverse.user.management.securetag.db.entity.QRCode,68628e60b90d9a1ca1069a03,68628e5eb90d9a1ca1069958,2025,Qtr 2,June,30,a1034d9a-1051-7074-049c-fb99233de741,68626745b90d9a1ca106994c,2025,Qtr 2,June,30,a1034d9a-1051-7074-049c-fb99233de741,ABX903,URL,https://app.securetag.in/found
in.pixiverse.user.management.securetag.db.entity.QRCode,68628e60b90d9a1ca1069a04,68628e5eb90d9a1ca1069958,2025,Qtr 2,June,30,a1034d9a-1051-7074-049c-fb99233de741,68626745b90d9a1ca106994c,2025,Qtr 2,June,30,a1034d9a-1051-7074-049c-fb99233de741,MRSBOX,URL,https://app.securetag.in/found
in.pixiverse.user.management.securetag.db.entity.QRCode,68628e60b90d9a1ca1069a05,68628e5eb90d9a1ca1069958,2025,Qtr 2,June,30,a1034d9a-1051-7074-049c-fb99233de741,68626745b90d9a1ca106994c,2025,Qtr 2,June,30,a1034d9a-1051-7074-049c-fb99233de741,T3AWGU,URL,https://app.securetag.in/found
in.pixiverse.user.management.securetag.db.entity.QRCode,68628e60b90d9a1ca1069a06,68628e5eb90d9a1ca1069958,2025,Qtr 2,June,30,a1034d9a-1051-7074-049c-fb99233de741,68626745b90d9a1ca106994c,2025,Qtr 2,June,30,a1034d9a-1051-7074-049c-fb99233de741,AXSWQ3,URL,https://app.securetag.in/found
in.pixiverse.user.management.securetag.db.entity.QRCode,68628e60b90d9a1ca1069a07,68628e5eb90d9a1ca1069958,2025,Qtr 2,June,30,a1034d9a-1051-7074-049c-fb99233de741,68626745b90d9a1ca106994c,2025,Qtr 2,June,30,a1034d9a-1051-7074-049c-fb99233de741,72N3CG,URL,https://app.securetag.in/found
in.pixiverse.user.management.securetag.db.entity.QRCode,68628e60b90d9a1ca1069a08,68628e5eb90d9a1ca1069958,2025,Qtr 2,June,30,a1034d9a-1051-7074-049c-fb99233de741,68626745b90d9a1ca106994c,2025,Qtr 2,June,30,a1034d9a-1051-7074-049c-fb99233de741,J0JVVY,URL,https://app.securetag.in/found
in.pixiverse.user.management.securetag.db.entity.QRCode,68628e60b90d9a1ca1069a09,68628e5eb90d9a1ca1069958,2025,Qtr 2,June,30,a1034d9a-1051-7074-049c-fb99233de741,68626745b90d9a1ca106994c,2025,Qtr 2,June,30,a1034d9a-1051-7074-049c-fb99233de741,Z6884E,URL,https://app.securetag.in/found
in.pixiverse.user.management.securetag.db.entity.QRCode,68628e60b90d9a1ca1069a0a,68628e5eb90d9a1ca1069958,2025,Qtr 2,June,30,a1034d9a-1051-7074-049c-fb99233de741,68626745b90d9a1ca106994c,2025,Qtr 2,June,30,a1034d9a-1051-7074-049c-fb99233de741,IS2BXT,URL,https://app.securetag.in/found
in.pixiverse.user.management.securetag.db.entity.QRCode,68628e60b90d9a1ca1069a0b,68628e5eb90d9a1ca1069958,2025,Qtr 2,June,30,a1034d9a-1051-7074-049c-fb99233de741,68626745b90d9a1ca106994c,2025,Qtr 2,June,30,a1034d9a-1051-7074-049c-fb99233de741,PCREKL,URL,https://app.securetag.in/found
in.pixiverse.user.management.securetag.db.entity.QRCode,68628e60b90d9a1ca1069a0c,68628e5eb90d9a1ca1069958,2025,Qtr 2,June,30,a1034d9a-1051-7074-049c-fb99233de741,68626745b90d9a1ca106994c,2025,Qtr 2,June,30,a1034d9a-1051-7074-049c-fb99233de741,GLTG05,URL,https://app.securetag.in/found
in.pixiverse.user.management.securetag.db.entity.QRCode,68628e60b90d9a1ca1069a0d,68628e5eb90d9a1ca1069958,2025,Qtr 2,June,30,a1034d9a-1051-7074-049c-fb99233de741,68626745b90d9a1ca106994c,2025,Qtr 2,June,30,a1034d9a-1051-7074-049c-fb99233de741,I3X5N5,URL,https://app.securetag.in/found
in.pixiverse.user.management.securetag.db.entity.QRCode,68628e60b90d9a1ca1069a0e,68628e5eb90d9a1ca1069958,2025,Qtr 2,June,30,a1034d9a-1051-7074-049c-fb99233de741,68626745b90d9a1ca106994c,2025,Qtr 2,June,30,a1034d9a-1051-7074-049c-fb99233de741,G8F70M,URL,https://app.securetag.in/found
in.pixiverse.user.management.securetag.db.entity.QRCode,68628e60b90d9a1ca1069a0f,68628e5eb90d9a1ca1069958,2025,Qtr 2,June,30,a1034d9a-1051-7074-049c-fb99233de741,68626745b90d9a1ca106994c,2025,Qtr 2,June,30,a1034d9a-1051-7074-049c-fb99233de741,8ZUQ3I,URL,https://app.securetag.in/found
in.pixiverse.user.management.securetag.db.entity.QRCode,68628e60b90d9a1ca1069a10,68628e5eb90d9a1ca1069958,2025,Qtr 2,June,30,a1034d9a-1051-7074-049c-fb99233de741,68626745b90d9a1ca106994c,2025,Qtr 2,June,30,a1034d9a-1051-7074-049c-fb99233de741,2EA4CN,URL,https://app.securetag.in/found
in.pixiverse.user.management.securetag.db.entity.QRCode,68628e60b90d9a1ca1069a11,68628e5eb90d9a1ca1069958,2025,Qtr 2,June,30,a1034d9a-1051-7074-049c-fb99233de741,68626745b90d9a1ca106994c,2025,Qtr 2,June,30,a1034d9a-1051-7074-049c-fb99233de741,63VDI5,URL,https://app.securetag.in/found
in.pixiverse.user.management.securetag.db.entity.QRCode,68628e60b90d9a1ca1069a12,68628e5eb90d9a1ca1069958,2025,Qtr 2,June,30,a1034d9a-1051-7074-049c-fb99233de741,68626745b90d9a1ca106994c,2025,Qtr 2,June,30,a1034d9a-1051-7074-049c-fb99233de741,URV8IK,URL,https://app.securetag.in/found
in.pixiverse.user.management.securetag.db.entity.QRCode,68628e60b90d9a1ca1069a13,68628e5eb90d9a1ca1069958,2025,Qtr 2,June,30,a1034d9a-1051-7074-049c-fb99233de741,68626745b90d9a1ca106994c,2025,Qtr 2,June,30,a1034d9a-1051-7074-049c-fb99233de741,E51CLT,URL,https://app.securetag.in/found
in.pixiverse.user.management.securetag.db.entity.QRCode,68628e60b90d9a1ca1069a14,68628e5eb90d9a1ca1069958,2025,Qtr 2,June,30,a1034d9a-1051-7074-049c-fb99233de741,68626745b90d9a1ca106994c,2025,Qtr 2,June,30,a1034d9a-1051-7074-049c-fb99233de741,5D9THU,URL,https://app.securetag.in/found
in.pixiverse.user.management.securetag.db.entity.QRCode,68628e60b90d9a1ca1069a15,68628e5eb90d9a1ca1069958,2025,Qtr 2,June,30,a1034d9a-1051-7074-049c-fb99233de741,68626745b90d9a1ca106994c,2025,Qtr 2,June,30,a1034d9a-1051-7074-049c-fb99233de741,ATIQOD,URL,https://app.securetag.in/found
in.pixiverse.user.management.securetag.db.entity.QRCode,68628e60b90d9a1ca1069a16,68628e5eb90d9a1ca1069958,2025,Qtr 2,June,30,a1034d9a-1051-7074-049c-fb99233de741,68626745b90d9a1ca106994c,2025,Qtr 2,June,30,a1034d9a-1051-7074-049c-fb99233de741,14DJLP,URL,https://app.securetag.in/found
in.pixiverse.user.management.securetag.db.entity.QRCode,68628e60b90d9a1ca1069a17,68628e5eb90d9a1ca1069958,2025,Qtr 2,June,30,a1034d9a-1051-7074-049c-fb99233de741,68626745b90d9a1ca106994c,2025,Qtr 2,June,30,a1034d9a-1051-7074-049c-fb99233de741,G73IIC,URL,https://app.securetag.in/found
in.pixiverse.user.management.securetag.db.entity.QRCode,68628e60b90d9a1ca1069a18,68628e5eb90d9a1ca1069958,2025,Qtr 2,June,30,a1034d9a-1051-7074-049c-fb99233de741,68626745b90d9a1ca106994c,2025,Qtr 2,June,30,a1034d9a-1051-7074-049c-fb99233de741,EG5DRW,URL,https://app.securetag.in/found
in.pixiverse.user.management.securetag.db.entity.QRCode,68628e60b90d9a1ca1069a19,68628e5eb90d9a1ca1069958,2025,Qtr 2,June,30,a1034d9a-1051-7074-049c-fb99233de741,68626745b90d9a1ca106994c,2025,Qtr 2,June,30,a1034d9a-1051-7074-049c-fb99233de741,37EPZ2,URL,https://app.securetag.in/found
in.pixiverse.user.management.securetag.db.entity.QRCode,68628e60b90d9a1ca1069a1a,68628e5eb90d9a1ca1069958,2025,Qtr 2,June,30,a1034d9a-1051-7074-049c-fb99233de741,68626745b90d9a1ca106994c,2025,Qtr 2,June,30,a1034d9a-1051-7074-049c-fb99233de741,4JOZPB,URL,https://app.securetag.in/found
in.pixiverse.user.management.securetag.db.entity.QRCode,68628e60b90d9a1ca1069a1b,68628e5eb90d9a1ca1069958,2025,Qtr 2,June,30,a1034d9a-1051-7074-049c-fb99233de741,68626745b90d9a1ca106994c,2025,Qtr 2,June,30,a1034d9a-1051-7074-049c-fb99233de741,6PMNC1,URL,https://app.securetag.in/found
in.pixiverse.user.management.securetag.db.entity.QRCode,68628e60b90d9a1ca1069a1c,68628e5eb90d9a1ca1069958,2025,Qtr 2,June,30,a1034d9a-1051-7074-049c-fb99233de741,68626745b90d9a1ca106994c,2025,Qtr 2,June,30,a1034d9a-1051-7074-049c-fb99233de741,XDURUI,URL,https://app.securetag.in/found
in.pixiverse.user.management.securetag.db.entity.QRCode,68628e60b90d9a1ca1069a1d,68628e5eb90d9a1ca1069958,2025,Qtr 2,June,30,a1034d9a-1051-7074-049c-fb99233de741,68626745b90d9a1ca106994c,2025,Qtr 2,June,30,a1034d9a-1051-7074-049c-fb99233de741,OAFVRD,URL,https://app.securetag.in/found
in.pixiverse.user.management.securetag.db.entity.QRCode,68628e60b90d9a1ca1069a1e,68628e5eb90d9a1ca1069958,2025,Qtr 2,June,30,a1034d9a-1051-7074-049c-fb99233de741,68626745b90d9a1ca106994c,2025,Qtr 2,June,30,a1034d9a-1051-7074-049c-fb99233de741,JYXNTB,URL,https://app.securetag.in/found
in.pixiverse.user.management.securetag.db.entity.QRCode,68628e60b90d9a1ca1069a1f,68628e5eb90d9a1ca1069958,2025,Qtr 2,June,30,a1034d9a-1051-7074-049c-fb99233de741,68626745b90d9a1ca106994c,2025,Qtr 2,June,30,a1034d9a-1051-7074-049c-fb99233de741,6WRM09,URL,https://app.securetag.in/found
in.pixiverse.user.management.securetag.db.entity.QRCode,68628e60b90d9a1ca1069a20,68628e5eb90d9a1ca1069958,2025,Qtr 2,June,30,a1034d9a-1051-7074-049c-fb99233de741,68626745b90d9a1ca106994c,2025,Qtr 2,June,30,a1034d9a-1051-7074-049c-fb99233de741,CSS01A,URL,https://app.securetag.in/found
in.pixiverse.user.management.securetag.db.entity.QRCode,68628e60b90d9a1ca1069a21,68628e5eb90d9a1ca1069958,2025,Qtr 2,June,30,a1034d9a-1051-7074-049c-fb99233de741,68626745b90d9a1ca106994c,2025,Qtr 2,June,30,a1034d9a-1051-7074-049c-fb99233de741,T08RNX,URL,https://app.securetag.in/found
in.pixiverse.user.management.securetag.db.entity.QRCode,68628e60b90d9a1ca1069a22,68628e5eb90d9a1ca1069958,2025,Qtr 2,June,30,a1034d9a-1051-7074-049c-fb99233de741,68626745b90d9a1ca106994c,2025,Qtr 2,June,30,a1034d9a-1051-7074-049c-fb99233de741,COT2F2,URL,https://app.securetag.in/found
in.pixiverse.user.management.securetag.db.entity.QRCode,68628e60b90d9a1ca1069a23,68628e5eb90d9a1ca1069958,2025,Qtr 2,June,30,a1034d9a-1051-7074-049c-fb99233de741,68626745b90d9a1ca106994c,2025,Qtr 2,June,30,a1034d9a-1051-7074-049c-fb99233de741,RNKLMA,URL,https://app.securetag.in/found
in.pixiverse.user.management.securetag.db.entity.QRCode,68628e60b90d9a1ca1069a24,68628e5eb90d9a1ca1069958,2025,Qtr 2,June,30,a1034d9a-1051-7074-049c-fb99233de741,68626745b90d9a1ca106994c,2025,Qtr 2,June,30,a1034d9a-1051-7074-049c-fb99233de741,T8BERA,URL,https://app.securetag.in/found
in.pixiverse.user.management.securetag.db.entity.QRCode,68628e60b90d9a1ca1069a25,68628e5eb90d9a1ca1069958,2025,Qtr 2,June,30,a1034d9a-1051-7074-049c-fb99233de741,68626745b90d9a1ca106994c,2025,Qtr 2,June,30,a1034d9a-1051-7074-049c-fb99233de741,Z3RDVZ,URL,https://app.securetag.in/found
in.pixiverse.user.management.securetag.db.entity.QRCode,68628e60b90d9a1ca1069a26,68628e5eb90d9a1ca1069958,2025,Qtr 2,June,30,a1034d9a-1051-7074-049c-fb99233de741,68626745b90d9a1ca106994c,2025,Qtr 2,June,30,a1034d9a-1051-7074-049c-fb99233de741,Q6QPD3,URL,https://app.securetag.in/found
in.pixiverse.user.management.securetag.db.entity.QRCode,68628e60b90d9a1ca1069a27,68628e5eb90d9a1ca1069958,2025,Qtr 2,June,30,a1034d9a-1051-7074-049c-fb99233de741,68626745b90d9a1ca106994c,2025,Qtr 2,June,30,a1034d9a-1051-7074-049c-fb99233de741,ACD6Z9,URL,https://app.securetag.in/found
in.pixiverse.user.management.securetag.db.entity.QRCode,68628e60b90d9a1ca1069a28,68628e5eb90d9a1ca1069958,2025,Qtr 2,June,30,a1034d9a-1051-7074-049c-fb99233de741,68626745b90d9a1ca106994c,2025,Qtr 2,June,30,a1034d9a-1051-7074-049c-fb99233de741,LWFJ9V,URL,https://app.securetag.in/found
in.pixiverse.user.management.securetag.db.entity.QRCode,68628e60b90d9a1ca1069a29,68628e5eb90d9a1ca1069958,2025,Qtr 2,June,30,a1034d9a-1051-7074-049c-fb99233de741,68626745b90d9a1ca106994c,2025,Qtr 2,June,30,a1034d9a-1051-7074-049c-fb99233de741,M1ZBBP,URL,https://app.securetag.in/found
in.pixiverse.user.management.securetag.db.entity.QRCode,68628e60b90d9a1ca1069a2a,68628e5eb90d9a1ca1069958,2025,Qtr 2,June,30,a1034d9a-1051-7074-049c-fb99233de741,68626745b90d9a1ca106994c,2025,Qtr 2,June,30,a1034d9a-1051-7074-049c-fb99233de741,A7HUT4,URL,https://app.securetag.in/found
in.pixiverse.user.management.securetag.db.entity.QRCode,68628e60b90d9a1ca1069a2b,68628e5eb90d9a1ca1069958,2025,Qtr 2,June,30,a1034d9a-1051-7074-049c-fb99233de741,68626745b90d9a1ca106994c,2025,Qtr 2,June,30,a1034d9a-1051-7074-049c-fb99233de741,X8GKGK,URL,https://app.securetag.in/found
in.pixiverse.user.management.securetag.db.entity.QRCode,68628e60b90d9a1ca1069a2c,68628e5eb90d9a1ca1069958,2025,Qtr 2,June,30,a1034d9a-1051-7074-049c-fb99233de741,68626745b90d9a1ca106994c,2025,Qtr 2,June,30,a1034d9a-1051-7074-049c-fb99233de741,MBEAYN,URL,https://app.securetag.in/found
in.pixiverse.user.management.securetag.db.entity.QRCode,68628e60b90d9a1ca1069a2d,68628e5eb90d9a1ca1069958,2025,Qtr 2,June,30,a1034d9a-1051-7074-049c-fb99233de741,68626745b90d9a1ca106994c,2025,Qtr 2,June,30,a1034d9a-1051-7074-049c-fb99233de741,PPRNC2,URL,https://app.securetag.in/found
in.pixiverse.user.management.securetag.db.entity.QRCode,68628e60b90d9a1ca1069a2e,68628e5eb90d9a1ca1069958,2025,Qtr 2,June,30,a1034d9a-1051-7074-049c-fb99233de741,68626745b90d9a1ca106994c,2025,Qtr 2,June,30,a1034d9a-1051-7074-049c-fb99233de741,VA2G2U,URL,https://app.securetag.in/found
in.pixiverse.user.management.securetag.db.entity.QRCode,68628e60b90d9a1ca1069a2f,68628e5eb90d9a1ca1069958,2025,Qtr 2,June,30,a1034d9a-1051-7074-049c-fb99233de741,68626745b90d9a1ca106994c,2025,Qtr 2,June,30,a1034d9a-1051-7074-049c-fb99233de741,82EIUA,URL,https://app.securetag.in/found
in.pixiverse.user.management.securetag.db.entity.QRCode,68628e60b90d9a1ca1069a30,68628e5eb90d9a1ca1069958,2025,Qtr 2,June,30,a1034d9a-1051-7074-049c-fb99233de741,68626745b90d9a1ca106994c,2025,Qtr 2,June,30,a1034d9a-1051-7074-049c-fb99233de741,N2CWR6,URL,https://app.securetag.in/found
in.pixiverse.user.management.securetag.db.entity.QRCode,68628e60b90d9a1ca1069a31,68628e5eb90d9a1ca1069958,2025,Qtr 2,June,30,a1034d9a-1051-7074-049c-fb99233de741,68626745b90d9a1ca106994c,2025,Qtr 2,June,30,a1034d9a-1051-7074-049c-fb99233de741,20Z9UN,URL,https://app.securetag.in/found
in.pixiverse.user.management.securetag.db.entity.QRCode,68628e60b90d9a1ca1069a32,68628e5eb90d9a1ca1069958,2025,Qtr 2,June,30,a1034d9a-1051-7074-049c-fb99233de741,68626745b90d9a1ca106994c,2025,Qtr 2,June,30,a1034d9a-1051-7074-049c-fb99233de741,IVZSJA,URL,https://app.securetag.in/found
in.pixiverse.user.management.securetag.db.entity.QRCode,68628e60b90d9a1ca1069a33,68628e5eb90d9a1ca1069958,2025,Qtr 2,June,30,a1034d9a-1051-7074-049c-fb99233de741,68626745b90d9a1ca106994c,2025,Qtr 2,June,30,a1034d9a-1051-7074-049c-fb99233de741,W0OP2B,URL,https://app.securetag.in/found
in.pixiverse.user.management.securetag.db.entity.QRCode,68628e60b90d9a1ca1069a34,68628e5eb90d9a1ca1069958,2025,Qtr 2,June,30,a1034d9a-1051-7074-049c-fb99233de741,68626745b90d9a1ca106994c,2025,Qtr 2,June,30,a1034d9a-1051-7074-049c-fb99233de741,4N8MEQ,URL,https://app.securetag.in/found
in.pixiverse.user.management.securetag.db.entity.QRCode,68628e60b90d9a1ca1069a35,68628e5eb90d9a1ca1069958,2025,Qtr 2,June,30,a1034d9a-1051-7074-049c-fb99233de741,68626745b90d9a1ca106994c,2025,Qtr 2,June,30,a1034d9a-1051-7074-049c-fb99233de741,TL16FG,URL,https://app.securetag.in/found
in.pixiverse.user.management.securetag.db.entity.QRCode,68628e60b90d9a1ca1069a36,68628e5eb90d9a1ca1069958,2025,Qtr 2,June,30,a1034d9a-1051-7074-049c-fb99233de741,68626745b90d9a1ca106994c,2025,Qtr 2,June,30,a1034d9a-1051-7074-049c-fb99233de741,YK8YHY,URL,https://app.securetag.in/found
in.pixiverse.user.management.securetag.db.entity.QRCode,68628e60b90d9a1ca1069a37,68628e5eb90d9a1ca1069958,2025,Qtr 2,June,30,a1034d9a-1051-7074-049c-fb99233de741,68626745b90d9a1ca106994c,2025,Qtr 2,June,30,a1034d9a-1051-7074-049c-fb99233de741,E8CEL6,URL,https://app.securetag.in/found
in.pixiverse.user.management.securetag.db.entity.QRCode,68628e60b90d9a1ca1069a38,68628e5eb90d9a1ca1069958,2025,Qtr 2,June,30,a1034d9a-1051-7074-049c-fb99233de741,68626745b90d9a1ca106994c,2025,Qtr 2,June,30,a1034d9a-1051-7074-049c-fb99233de741,906TZK,URL,https://app.securetag.in/found
in.pixiverse.user.management.securetag.db.entity.QRCode,68628e60b90d9a1ca1069a39,68628e5eb90d9a1ca1069958,2025,Qtr 2,June,30,a1034d9a-1051-7074-049c-fb99233de741,68626745b90d9a1ca106994c,2025,Qtr 2,June,30,a1034d9a-1051-7074-049c-fb99233de741,8K0981,URL,https://app.securetag.in/found
in.pixiverse.user.management.securetag.db.entity.QRCode,68628e60b90d9a1ca1069a3a,68628e5eb90d9a1ca1069958,2025,Qtr 2,June,30,a1034d9a-1051-7074-049c-fb99233de741,68626745b90d9a1ca106994c,2025,Qtr 2,June,30,a1034d9a-1051-7074-049c-fb99233de741,W53J7D,URL,https://app.securetag.in/found
in.pixiverse.user.management.securetag.db.entity.QRCode,68628e60b90d9a1ca1069a3b,68628e5eb90d9a1ca1069958,2025,Qtr 2,June,30,a1034d9a-1051-7074-049c-fb99233de741,68626745b90d9a1ca106994c,2025,Qtr 2,June,30,a1034d9a-1051-7074-049c-fb99233de741,RCNKMQ,URL,https://app.securetag.in/found
in.pixiverse.user.management.securetag.db.entity.QRCode,68628e60b90d9a1ca1069a3c,68628e5eb90d9a1ca1069958,2025,Qtr 2,June,30,a1034d9a-1051-7074-049c-fb99233de741,68626745b90d9a1ca106994c,2025,Qtr 2,June,30,a1034d9a-1051-7074-049c-fb99233de741,K8K9ER,URL,https://app.securetag.in/found
in.pixiverse.user.management.securetag.db.entity.QRCode,68628e60b90d9a1ca1069a3d,68628e5eb90d9a1ca1069958,2025,Qtr 2,June,30,a1034d9a-1051-7074-049c-fb99233de741,68626745b90d9a1ca106994c,2025,Qtr 2,June,30,a1034d9a-1051-7074-049c-fb99233de741,OFZTI9,URL,https://app.securetag.in/found
in.pixiverse.user.management.securetag.db.entity.QRCode,68628e60b90d9a1ca1069a3e,68628e5eb90d9a1ca1069958,2025,Qtr 2,June,30,a1034d9a-1051-7074-049c-fb99233de741,68626745b90d9a1ca106994c,2025,Qtr 2,June,30,a1034d9a-1051-7074-049c-fb99233de741,OVD0EG,URL,https://app.securetag.in/found
in.pixiverse.user.management.securetag.db.entity.QRCode,68628e60b90d9a1ca1069a3f,68628e5eb90d9a1ca1069958,2025,Qtr 2,June,30,a1034d9a-1051-7074-049c-fb99233de741,68626745b90d9a1ca106994c,2025,Qtr 2,June,30,a1034d9a-1051-7074-049c-fb99233de741,OA4ET6,URL,https://app.securetag.in/found
in.pixiverse.user.management.securetag.db.entity.QRCode,68628e60b90d9a1ca1069a40,68628e5eb90d9a1ca1069958,2025,Qtr 2,June,30,a1034d9a-1051-7074-049c-fb99233de741,68626745b90d9a1ca106994c,2025,Qtr 2,June,30,a1034d9a-1051-7074-049c-fb99233de741,ZQ3Q2L,URL,https://app.securetag.in/found
in.pixiverse.user.management.securetag.db.entity.QRCode,68628e60b90d9a1ca1069a41,68628e5eb90d9a1ca1069958,2025,Qtr 2,June,30,a1034d9a-1051-7074-049c-fb99233de741,68626745b90d9a1ca106994c,2025,Qtr 2,June,30,a1034d9a-1051-7074-049c-fb99233de741,I8359Z,URL,https://app.securetag.in/found
in.pixiverse.user.management.securetag.db.entity.QRCode,68628e60b90d9a1ca1069a42,68628e5eb90d9a1ca1069958,2025,Qtr 2,June,30,a1034d9a-1051-7074-049c-fb99233de741,68626745b90d9a1ca106994c,2025,Qtr 2,June,30,a1034d9a-1051-7074-049c-fb99233de741,0892XT,URL,https://app.securetag.in/found
in.pixiverse.user.management.securetag.db.entity.QRCode,68628e60b90d9a1ca1069a43,68628e5eb90d9a1ca1069958,2025,Qtr 2,June,30,a1034d9a-1051-7074-049c-fb99233de741,68626745b90d9a1ca106994c,2025,Qtr 2,June,30,a1034d9a-1051-7074-049c-fb99233de741,4FD729,URL,https://app.securetag.in/found
in.pixiverse.user.management.securetag.db.entity.QRCode,68628e60b90d9a1ca1069a44,68628e5eb90d9a1ca1069958,2025,Qtr 2,June,30,a1034d9a-1051-7074-049c-fb99233de741,68626745b90d9a1ca106994c,2025,Qtr 2,June,30,a1034d9a-1051-7074-049c-fb99233de741,D3OBF6,URL,https://app.securetag.in/found
in.pixiverse.user.management.securetag.db.entity.QRCode,68628e60b90d9a1ca1069a45,68628e5eb90d9a1ca1069958,2025,Qtr 2,June,30,a1034d9a-1051-7074-049c-fb99233de741,68626745b90d9a1ca106994c,2025,Qtr 2,June,30,a1034d9a-1051-7074-049c-fb99233de741,S0Q03L,URL,https://app.securetag.in/found
in.pixiverse.user.management.securetag.db.entity.QRCode,68628e60b90d9a1ca1069a46,68628e5eb90d9a1ca1069958,2025,Qtr 2,June,30,a1034d9a-1051-7074-049c-fb99233de741,68626745b90d9a1ca106994c,2025,Qtr 2,June,30,a1034d9a-1051-7074-049c-fb99233de741,JJI4D6,URL,https://app.securetag.in/found
in.pixiverse.user.management.securetag.db.entity.QRCode,68628e60b90d9a1ca1069a47,68628e5eb90d9a1ca1069958,2025,Qtr 2,June,30,a1034d9a-1051-7074-049c-fb99233de741,68626745b90d9a1ca106994c,2025,Qtr 2,June,30,a1034d9a-1051-7074-049c-fb99233de741,D103UF,URL,https://app.securetag.in/found
in.pixiverse.user.management.securetag.db.entity.QRCode,68628e60b90d9a1ca1069a48,68628e5eb90d9a1ca1069958,2025,Qtr 2,June,30,a1034d9a-1051-7074-049c-fb99233de741,68626745b90d9a1ca106994c,2025,Qtr 2,June,30,a1034d9a-1051-7074-049c-fb99233de741,NDNXN2,URL,https://app.securetag.in/found
in.pixiverse.user.management.securetag.db.entity.QRCode,68628e60b90d9a1ca1069a49,68628e5eb90d9a1ca1069958,2025,Qtr 2,June,30,a1034d9a-1051-7074-049c-fb99233de741,68626745b90d9a1ca106994c,2025,Qtr 2,June,30,a1034d9a-1051-7074-049c-fb99233de741,UA19U3,URL,https://app.securetag.in/found
in.pixiverse.user.management.securetag.db.entity.QRCode,68628e60b90d9a1ca1069a4a,68628e5eb90d9a1ca1069958,2025,Qtr 2,June,30,a1034d9a-1051-7074-049c-fb99233de741,68626745b90d9a1ca106994c,2025,Qtr 2,June,30,a1034d9a-1051-7074-049c-fb99233de741,WCZVEB,URL,https://app.securetag.in/found
in.pixiverse.user.management.securetag.db.entity.QRCode,68628e60b90d9a1ca1069a4b,68628e5eb90d9a1ca1069958,2025,Qtr 2,June,30,a1034d9a-1051-7074-049c-fb99233de741,68626745b90d9a1ca106994c,2025,Qtr 2,June,30,a1034d9a-1051-7074-049c-fb99233de741,GWQTKV,URL,https://app.securetag.in/found
in.pixiverse.user.management.securetag.db.entity.QRCode,68628e60b90d9a1ca1069a4c,68628e5eb90d9a1ca1069958,2025,Qtr 2,June,30,a1034d9a-1051-7074-049c-fb99233de741,68626745b90d9a1ca106994c,2025,Qtr 2,June,30,a1034d9a-1051-7074-049c-fb99233de741,P94NSI,URL,https://app.securetag.in/found
in.pixiverse.user.management.securetag.db.entity.QRCode,68628e60b90d9a1ca1069a4d,68628e5eb90d9a1ca1069958,2025,Qtr 2,June,30,a1034d9a-1051-7074-049c-fb99233de741,68626745b90d9a1ca106994c,2025,Qtr 2,June,30,a1034d9a-1051-7074-049c-fb99233de741,KKZPDV,URL,https://app.securetag.in/found
in.pixiverse.user.management.securetag.db.entity.QRCode,68628e60b90d9a1ca1069a4e,68628e5eb90d9a1ca1069958,2025,Qtr 2,June,30,a1034d9a-1051-7074-049c-fb99233de741,68626745b90d9a1ca106994c,2025,Qtr 2,June,30,a1034d9a-1051-7074-049c-fb99233de741,MRWF1W,URL,https://app.securetag.in/found
in.pixiverse.user.management.securetag.db.entity.QRCode,68628e60b90d9a1ca1069a4f,68628e5eb90d9a1ca1069958,2025,Qtr 2,June,30,a1034d9a-1051-7074-049c-fb99233de741,68626745b90d9a1ca106994c,2025,Qtr 2,June,30,a1034d9a-1051-7074-049c-fb99233de741,8HV6AT,URL,https://app.securetag.in/found
in.pixiverse.user.management.securetag.db.entity.QRCode,68628e60b90d9a1ca1069a50,68628e5eb90d9a1ca1069958,2025,Qtr 2,June,30,a1034d9a-1051-7074-049c-fb99233de741,68626745b90d9a1ca106994c,2025,Qtr 2,June,30,a1034d9a-1051-7074-049c-fb99233de741,U95S9O,URL,https://app.securetag.in/found
in.pixiverse.user.management.securetag.db.entity.QRCode,68628e60b90d9a1ca1069a51,68628e5eb90d9a1ca1069958,2025,Qtr 2,June,30,a1034d9a-1051-7074-049c-fb99233de741,68626745b90d9a1ca106994c,2025,Qtr 2,June,30,a1034d9a-1051-7074-049c-fb99233de741,N53Q70,URL,https://app.securetag.in/found
in.pixiverse.user.management.securetag.db.entity.QRCode,68628e60b90d9a1ca1069a52,68628e5eb90d9a1ca1069958,2025,Qtr 2,June,30,a1034d9a-1051-7074-049c-fb99233de741,68626745b90d9a1ca106994c,2025,Qtr 2,June,30,a1034d9a-1051-7074-049c-fb99233de741,1VLI59,URL,https://app.securetag.in/found
in.pixiverse.user.management.securetag.db.entity.QRCode,68628f9bb90d9a1ca1069a54,68628f9bb90d9a1ca1069a53,2025,Qtr 2,June,30,a1034d9a-1051-7074-049c-fb99233de741,68626745b90d9a1ca106994c,2025,Qtr 2,June,30,a1034d9a-1051-7074-049c-fb99233de741,OUQ8IF,URL,https://app.securetag.in/found
in.pixiverse.user.management.securetag.db.entity.QRCode,68628f9bb90d9a1ca1069a55,68628f9bb90d9a1ca1069a53,2025,Qtr 2,June,30,a1034d9a-1051-7074-049c-fb99233de741,68626745b90d9a1ca106994c,2025,Qtr 2,June,30,a1034d9a-1051-7074-049c-fb99233de741,CB6IU2,URL,https://app.securetag.in/found
in.pixiverse.user.management.securetag.db.entity.QRCode,68628f9bb90d9a1ca1069a56,68628f9bb90d9a1ca1069a53,2025,Qtr 2,June,30,a1034d9a-1051-7074-049c-fb99233de741,68626745b90d9a1ca106994c,2025,Qtr 2,June,30,a1034d9a-1051-7074-049c-fb99233de741,2VVEX1,URL,https://app.securetag.in/found
in.pixiverse.user.management.securetag.db.entity.QRCode,68628f9bb90d9a1ca1069a57,68628f9bb90d9a1ca1069a53,2025,Qtr 2,June,30,a1034d9a-1051-7074-049c-fb99233de741,68626745b90d9a1ca106994c,2025,Qtr 2,June,30,a1034d9a-1051-7074-049c-fb99233de741,N1A01A,URL,https://app.securetag.in/found
in.pixiverse.user.management.securetag.db.entity.QRCode,68628f9bb90d9a1ca1069a58,68628f9bb90d9a1ca1069a53,2025,Qtr 2,June,30,a1034d9a-1051-7074-049c-fb99233de741,68626745b90d9a1ca106994c,2025,Qtr 2,June,30,a1034d9a-1051-7074-049c-fb99233de741,MQ7K52,URL,https://app.securetag.in/found
in.pixiverse.user.management.securetag.db.entity.QRCode,68628f9bb90d9a1ca1069a59,68628f9bb90d9a1ca1069a53,2025,Qtr 2,June,30,a1034d9a-1051-7074-049c-fb99233de741,68626745b90d9a1ca106994c,2025,Qtr 2,June,30,a1034d9a-1051-7074-049c-fb99233de741,WPEZPJ,URL,https://app.securetag.in/found
in.pixiverse.user.management.securetag.db.entity.QRCode,68628f9bb90d9a1ca1069a5a,68628f9bb90d9a1ca1069a53,2025,Qtr 2,June,30,a1034d9a-1051-7074-049c-fb99233de741,68626745b90d9a1ca106994c,2025,Qtr 2,June,30,a1034d9a-1051-7074-049c-fb99233de741,KZT419,URL,https://app.securetag.in/found
in.pixiverse.user.management.securetag.db.entity.QRCode,68628f9bb90d9a1ca1069a5b,68628f9bb90d9a1ca1069a53,2025,Qtr 2,June,30,a1034d9a-1051-7074-049c-fb99233de741,68626745b90d9a1ca106994c,2025,Qtr 2,June,30,a1034d9a-1051-7074-049c-fb99233de741,SO91TY,URL,https://app.securetag.in/found
in.pixiverse.user.management.securetag.db.entity.QRCode,68628f9bb90d9a1ca1069a5c,68628f9bb90d9a1ca1069a53,2025,Qtr 2,June,30,a1034d9a-1051-7074-049c-fb99233de741,68626745b90d9a1ca106994c,2025,Qtr 2,June,30,a1034d9a-1051-7074-049c-fb99233de741,9KRRB7,URL,https://app.securetag.in/found
in.pixiverse.user.management.securetag.db.entity.QRCode,68628f9bb90d9a1ca1069a5d,68628f9bb90d9a1ca1069a53,2025,Qtr 2,June,30,a1034d9a-1051-7074-049c-fb99233de741,68626745b90d9a1ca106994c,2025,Qtr 2,June,30,a1034d9a-1051-7074-049c-fb99233de741,NE8BRP,URL,https://app.securetag.in/found
in.pixiverse.user.management.securetag.db.entity.QRCode,68628f9bb90d9a1ca1069a5e,68628f9bb90d9a1ca1069a53,2025,Qtr 2,June,30,a1034d9a-1051-7074-049c-fb99233de741,68626745b90d9a1ca106994c,2025,Qtr 2,June,30,a1034d9a-1051-7074-049c-fb99233de741,LP9ARU,URL,https://app.securetag.in/found
in.pixiverse.user.management.securetag.db.entity.QRCode,68628f9bb90d9a1ca1069a5f,68628f9bb90d9a1ca1069a53,2025,Qtr 2,June,30,a1034d9a-1051-7074-049c-fb99233de741,68626745b90d9a1ca106994c,2025,Qtr 2,June,30,a1034d9a-1051-7074-049c-fb99233de741,SE5MC8,URL,https://app.securetag.in/found
in.pixiverse.user.management.securetag.db.entity.QRCode,68628f9bb90d9a1ca1069a60,68628f9bb90d9a1ca1069a53,2025,Qtr 2,June,30,a1034d9a-1051-7074-049c-fb99233de741,68626745b90d9a1ca106994c,2025,Qtr 2,June,30,a1034d9a-1051-7074-049c-fb99233de741,T465D6,URL,https://app.securetag.in/found
in.pixiverse.user.management.securetag.db.entity.QRCode,68628f9bb90d9a1ca1069a61,68628f9bb90d9a1ca1069a53,2025,Qtr 2,June,30,a1034d9a-1051-7074-049c-fb99233de741,68626745b90d9a1ca106994c,2025,Qtr 2,June,30,a1034d9a-1051-7074-049c-fb99233de741,ZLB3V0,URL,https://app.securetag.in/found
in.pixiverse.user.management.securetag.db.entity.QRCode,68628f9bb90d9a1ca1069a62,68628f9bb90d9a1ca1069a53,2025,Qtr 2,June,30,a1034d9a-1051-7074-049c-fb99233de741,68626745b90d9a1ca106994c,2025,Qtr 2,June,30,a1034d9a-1051-7074-049c-fb99233de741,PRYENL,URL,https://app.securetag.in/found
in.pixiverse.user.management.securetag.db.entity.QRCode,68628f9bb90d9a1ca1069a63,68628f9bb90d9a1ca1069a53,2025,Qtr 2,June,30,a1034d9a-1051-7074-049c-fb99233de741,68626745b90d9a1ca106994c,2025,Qtr 2,June,30,a1034d9a-1051-7074-049c-fb99233de741,YRABWW,URL,https://app.securetag.in/found
in.pixiverse.user.management.securetag.db.entity.QRCode,68628f9bb90d9a1ca1069a64,68628f9bb90d9a1ca1069a53,2025,Qtr 2,June,30,a1034d9a-1051-7074-049c-fb99233de741,68626745b90d9a1ca106994c,2025,Qtr 2,June,30,a1034d9a-1051-7074-049c-fb99233de741,LBGMCW,URL,https://app.securetag.in/found
in.pixiverse.user.management.securetag.db.entity.QRCode,68628f9bb90d9a1ca1069a65,68628f9bb90d9a1ca1069a53,2025,Qtr 2,June,30,a1034d9a-1051-7074-049c-fb99233de741,68626745b90d9a1ca106994c,2025,Qtr 2,June,30,a1034d9a-1051-7074-049c-fb99233de741,85BV8J,URL,https://app.securetag.in/found
in.pixiverse.user.management.securetag.db.entity.QRCode,68628f9bb90d9a1ca1069a66,68628f9bb90d9a1ca1069a53,2025,Qtr 2,June,30,a1034d9a-1051-7074-049c-fb99233de741,68626745b90d9a1ca106994c,2025,Qtr 2,June,30,a1034d9a-1051-7074-049c-fb99233de741,N6MG5L,URL,https://app.securetag.in/found
in.pixiverse.user.management.securetag.db.entity.QRCode,68628f9bb90d9a1ca1069a67,68628f9bb90d9a1ca1069a53,2025,Qtr 2,June,30,a1034d9a-1051-7074-049c-fb99233de741,68626745b90d9a1ca106994c,2025,Qtr 2,June,30,a1034d9a-1051-7074-049c-fb99233de741,G6KL8Y,URL,https://app.securetag.in/found
in.pixiverse.user.management.securetag.db.entity.QRCode,68628f9bb90d9a1ca1069a68,68628f9bb90d9a1ca1069a53,2025,Qtr 2,June,30,a1034d9a-1051-7074-049c-fb99233de741,68626745b90d9a1ca106994c,2025,Qtr 2,June,30,a1034d9a-1051-7074-049c-fb99233de741,JL0421,URL,https://app.securetag.in/found
in.pixiverse.user.management.securetag.db.entity.QRCode,68628f9bb90d9a1ca1069a69,68628f9bb90d9a1ca1069a53,2025,Qtr 2,June,30,a1034d9a-1051-7074-049c-fb99233de741,68626745b90d9a1ca106994c,2025,Qtr 2,June,30,a1034d9a-1051-7074-049c-fb99233de741,A4997V,URL,https://app.securetag.in/found
in.pixiverse.user.management.securetag.db.entity.QRCode,68628f9bb90d9a1ca1069a6a,68628f9bb90d9a1ca1069a53,2025,Qtr 2,June,30,a1034d9a-1051-7074-049c-fb99233de741,68626745b90d9a1ca106994c,2025,Qtr 2,June,30,a1034d9a-1051-7074-049c-fb99233de741,RADLAL,URL,https://app.securetag.in/found
in.pixiverse.user.management.securetag.db.entity.QRCode,68628f9bb90d9a1ca1069a6b,68628f9bb90d9a1ca1069a53,2025,Qtr 2,June,30,a1034d9a-1051-7074-049c-fb99233de741,68626745b90d9a1ca106994c,2025,Qtr 2,June,30,a1034d9a-1051-7074-049c-fb99233de741,WE8T7K,URL,https://app.securetag.in/found
in.pixiverse.user.management.securetag.db.entity.QRCode,68628f9bb90d9a1ca1069a6c,68628f9bb90d9a1ca1069a53,2025,Qtr 2,June,30,a1034d9a-1051-7074-049c-fb99233de741,68626745b90d9a1ca106994c,2025,Qtr 2,June,30,a1034d9a-1051-7074-049c-fb99233de741,1QTZD0,URL,https://app.securetag.in/found
in.pixiverse.user.management.securetag.db.entity.QRCode,68628f9bb90d9a1ca1069a6d,68628f9bb90d9a1ca1069a53,2025,Qtr 2,June,30,a1034d9a-1051-7074-049c-fb99233de741,68626745b90d9a1ca106994c,2025,Qtr 2,June,30,a1034d9a-1051-7074-049c-fb99233de741,LC327K,URL,https://app.securetag.in/found
in.pixiverse.user.management.securetag.db.entity.QRCode,68628f9bb90d9a1ca1069a6e,68628f9bb90d9a1ca1069a53,2025,Qtr 2,June,30,a1034d9a-1051-7074-049c-fb99233de741,68626745b90d9a1ca106994c,2025,Qtr 2,June,30,a1034d9a-1051-7074-049c-fb99233de741,JNUBY6,URL,https://app.securetag.in/found
in.pixiverse.user.management.securetag.db.entity.QRCode,68628f9bb90d9a1ca1069a6f,68628f9bb90d9a1ca1069a53,2025,Qtr 2,June,30,a1034d9a-1051-7074-049c-fb99233de741,68626745b90d9a1ca106994c,2025,Qtr 2,June,30,a1034d9a-1051-7074-049c-fb99233de741,6DV6ZB,URL,https://app.securetag.in/found
in.pixiverse.user.management.securetag.db.entity.QRCode,68628f9bb90d9a1ca1069a70,68628f9bb90d9a1ca1069a53,2025,Qtr 2,June,30,a1034d9a-1051-7074-049c-fb99233de741,68626745b90d9a1ca106994c,2025,Qtr 2,June,30,a1034d9a-1051-7074-049c-fb99233de741,QMTEK4,URL,https://app.securetag.in/found
in.pixiverse.user.management.securetag.db.entity.QRCode,68628f9bb90d9a1ca1069a71,68628f9bb90d9a1ca1069a53,2025,Qtr 2,June,30,a1034d9a-1051-7074-049c-fb99233de741,68626745b90d9a1ca106994c,2025,Qtr 2,June,30,a1034d9a-1051-7074-049c-fb99233de741,F8SA4S,URL,https://app.securetag.in/found
in.pixiverse.user.management.securetag.db.entity.QRCode,68628f9bb90d9a1ca1069a72,68628f9bb90d9a1ca1069a53,2025,Qtr 2,June,30,a1034d9a-1051-7074-049c-fb99233de741,68626745b90d9a1ca106994c,2025,Qtr 2,June,30,a1034d9a-1051-7074-049c-fb99233de741,W5R5R1,URL,https://app.securetag.in/found
in.pixiverse.user.management.securetag.db.entity.QRCode,68628f9bb90d9a1ca1069a73,68628f9bb90d9a1ca1069a53,2025,Qtr 2,June,30,a1034d9a-1051-7074-049c-fb99233de741,68626745b90d9a1ca106994c,2025,Qtr 2,June,30,a1034d9a-1051-7074-049c-fb99233de741,VWXOPR,URL,https://app.securetag.in/found
in.pixiverse.user.management.securetag.db.entity.QRCode,68628f9bb90d9a1ca1069a74,68628f9bb90d9a1ca1069a53,2025,Qtr 2,June,30,a1034d9a-1051-7074-049c-fb99233de741,68626745b90d9a1ca106994c,2025,Qtr 2,June,30,a1034d9a-1051-7074-049c-fb99233de741,8TWTIK,URL,https://app.securetag.in/found
in.pixiverse.user.management.securetag.db.entity.QRCode,68628f9bb90d9a1ca1069a75,68628f9bb90d9a1ca1069a53,2025,Qtr 2,June,30,a1034d9a-1051-7074-049c-fb99233de741,68626745b90d9a1ca106994c,2025,Qtr 2,June,30,a1034d9a-1051-7074-049c-fb99233de741,K3R264,URL,https://app.securetag.in/found
in.pixiverse.user.management.securetag.db.entity.QRCode,68628f9bb90d9a1ca1069a76,68628f9bb90d9a1ca1069a53,2025,Qtr 2,June,30,a1034d9a-1051-7074-049c-fb99233de741,68626745b90d9a1ca106994c,2025,Qtr 2,June,30,a1034d9a-1051-7074-049c-fb99233de741,34AFI3,URL,https://app.securetag.in/found
in.pixiverse.user.management.securetag.db.entity.QRCode,68628f9bb90d9a1ca1069a77,68628f9bb90d9a1ca1069a53,2025,Qtr 2,June,30,a1034d9a-1051-7074-049c-fb99233de741,68626745b90d9a1ca106994c,2025,Qtr 2,June,30,a1034d9a-1051-7074-049c-fb99233de741,LQ0P92,URL,https://app.securetag.in/found
in.pixiverse.user.management.securetag.db.entity.QRCode,68628f9bb90d9a1ca1069a78,68628f9bb90d9a1ca1069a53,2025,Qtr 2,June,30,a1034d9a-1051-7074-049c-fb99233de741,68626745b90d9a1ca106994c,2025,Qtr 2,June,30,a1034d9a-1051-7074-049c-fb99233de741,66ZQ2Y,URL,https://app.securetag.in/found
in.pixiverse.user.management.securetag.db.entity.QRCode,68628f9bb90d9a1ca1069a79,68628f9bb90d9a1ca1069a53,2025,Qtr 2,June,30,a1034d9a-1051-7074-049c-fb99233de741,68626745b90d9a1ca106994c,2025,Qtr 2,June,30,a1034d9a-1051-7074-049c-fb99233de741,XIHFSH,URL,https://app.securetag.in/found
in.pixiverse.user.management.securetag.db.entity.QRCode,68628f9bb90d9a1ca1069a7a,68628f9bb90d9a1ca1069a53,2025,Qtr 2,June,30,a1034d9a-1051-7074-049c-fb99233de741,68626745b90d9a1ca106994c,2025,Qtr 2,June,30,a1034d9a-1051-7074-049c-fb99233de741,7KYPKM,URL,https://app.securetag.in/found
in.pixiverse.user.management.securetag.db.entity.QRCode,68628f9bb90d9a1ca1069a7b,68628f9bb90d9a1ca1069a53,2025,Qtr 2,June,30,a1034d9a-1051-7074-049c-fb99233de741,68626745b90d9a1ca106994c,2025,Qtr 2,June,30,a1034d9a-1051-7074-049c-fb99233de741,W56FXI,URL,https://app.securetag.in/found
in.pixiverse.user.management.securetag.db.entity.QRCode,68628f9bb90d9a1ca1069a7c,68628f9bb90d9a1ca1069a53,2025,Qtr 2,June,30,a1034d9a-1051-7074-049c-fb99233de741,68626745b90d9a1ca106994c,2025,Qtr 2,June,30,a1034d9a-1051-7074-049c-fb99233de741,DDD9Z3,URL,https://app.securetag.in/found
in.pixiverse.user.management.securetag.db.entity.QRCode,68628f9bb90d9a1ca1069a7d,68628f9bb90d9a1ca1069a53,2025,Qtr 2,June,30,a1034d9a-1051-7074-049c-fb99233de741,68626745b90d9a1ca106994c,2025,Qtr 2,June,30,a1034d9a-1051-7074-049c-fb99233de741,VF3Y86,URL,https://app.securetag.in/found
in.pixiverse.user.management.securetag.db.entity.QRCode,68628f9bb90d9a1ca1069a7e,68628f9bb90d9a1ca1069a53,2025,Qtr 2,June,30,a1034d9a-1051-7074-049c-fb99233de741,68626745b90d9a1ca106994c,2025,Qtr 2,June,30,a1034d9a-1051-7074-049c-fb99233de741,N267NO,URL,https://app.securetag.in/found
in.pixiverse.user.management.securetag.db.entity.QRCode,68628f9bb90d9a1ca1069a7f,68628f9bb90d9a1ca1069a53,2025,Qtr 2,June,30,a1034d9a-1051-7074-049c-fb99233de741,68626745b90d9a1ca106994c,2025,Qtr 2,June,30,a1034d9a-1051-7074-049c-fb99233de741,Q884LF,URL,https://app.securetag.in/found
in.pixiverse.user.management.securetag.db.entity.QRCode,68628f9bb90d9a1ca1069a80,68628f9bb90d9a1ca1069a53,2025,Qtr 2,June,30,a1034d9a-1051-7074-049c-fb99233de741,68626745b90d9a1ca106994c,2025,Qtr 2,June,30,a1034d9a-1051-7074-049c-fb99233de741,NEL6OO,URL,https://app.securetag.in/found
in.pixiverse.user.management.securetag.db.entity.QRCode,68628f9bb90d9a1ca1069a81,68628f9bb90d9a1ca1069a53,2025,Qtr 2,June,30,a1034d9a-1051-7074-049c-fb99233de741,68626745b90d9a1ca106994c,2025,Qtr 2,June,30,a1034d9a-1051-7074-049c-fb99233de741,TKNFR0,URL,https://app.securetag.in/found
in.pixiverse.user.management.securetag.db.entity.QRCode,68628f9bb90d9a1ca1069a82,68628f9bb90d9a1ca1069a53,2025,Qtr 2,June,30,a1034d9a-1051-7074-049c-fb99233de741,68626745b90d9a1ca106994c,2025,Qtr 2,June,30,a1034d9a-1051-7074-049c-fb99233de741,2FW246,URL,https://app.securetag.in/found
in.pixiverse.user.management.securetag.db.entity.QRCode,68628f9bb90d9a1ca1069a83,68628f9bb90d9a1ca1069a53,2025,Qtr 2,June,30,a1034d9a-1051-7074-049c-fb99233de741,68626745b90d9a1ca106994c,2025,Qtr 2,June,30,a1034d9a-1051-7074-049c-fb99233de741,R5XXU3,URL,https://app.securetag.in/found
in.pixiverse.user.management.securetag.db.entity.QRCode,68628f9bb90d9a1ca1069a84,68628f9bb90d9a1ca1069a53,2025,Qtr 2,June,30,a1034d9a-1051-7074-049c-fb99233de741,68626745b90d9a1ca106994c,2025,Qtr 2,June,30,a1034d9a-1051-7074-049c-fb99233de741,LOMTY6,URL,https://app.securetag.in/found
in.pixiverse.user.management.securetag.db.entity.QRCode,68628f9bb90d9a1ca1069a85,68628f9bb90d9a1ca1069a53,2025,Qtr 2,June,30,a1034d9a-1051-7074-049c-fb99233de741,68626745b90d9a1ca106994c,2025,Qtr 2,June,30,a1034d9a-1051-7074-049c-fb99233de741,KFB9CO,URL,https://app.securetag.in/found
in.pixiverse.user.management.securetag.db.entity.QRCode,6864167cb90d9a1ca1069ae9,6864167ab90d9a1ca1069ae8,2025,Qtr 3,July,1,a1034d9a-1051-7074-049c-fb99233de741,68641619b90d9a1ca1069ae7,2025,Qtr 3,July,1,a1034d9a-1051-7074-049c-fb99233de741,NMB0MX,URL,https://app.securetag.in/found
in.pixiverse.user.management.securetag.db.entity.QRCode,6864167cb90d9a1ca1069aea,6864167ab90d9a1ca1069ae8,2025,Qtr 3,July,1,a1034d9a-1051-7074-049c-fb99233de741,68641619b90d9a1ca1069ae7,2025,Qtr 3,July,1,a1034d9a-1051-7074-049c-fb99233de741,ACH11N,URL,https://app.securetag.in/found
in.pixiverse.user.management.securetag.db.entity.QRCode,6864167cb90d9a1ca1069aeb,6864167ab90d9a1ca1069ae8,2025,Qtr 3,July,1,a1034d9a-1051-7074-049c-fb99233de741,68641619b90d9a1ca1069ae7,2025,Qtr 3,July,1,a1034d9a-1051-7074-049c-fb99233de741,1A3K9V,URL,https://app.securetag.in/found
in.pixiverse.user.management.securetag.db.entity.QRCode,6864167cb90d9a1ca1069aec,6864167ab90d9a1ca1069ae8,2025,Qtr 3,July,1,a1034d9a-1051-7074-049c-fb99233de741,68641619b90d9a1ca1069ae7,2025,Qtr 3,July,1,a1034d9a-1051-7074-049c-fb99233de741,IYEHM5,URL,https://app.securetag.in/found
in.pixiverse.user.management.securetag.db.entity.QRCode,6864167cb90d9a1ca1069aed,6864167ab90d9a1ca1069ae8,2025,Qtr 3,July,1,a1034d9a-1051-7074-049c-fb99233de741,68641619b90d9a1ca1069ae7,2025,Qtr 3,July,1,a1034d9a-1051-7074-049c-fb99233de741,M793W2,URL,https://app.securetag.in/found
in.pixiverse.user.management.securetag.db.entity.QRCode,6864167cb90d9a1ca1069aee,6864167ab90d9a1ca1069ae8,2025,Qtr 3,July,1,a1034d9a-1051-7074-049c-fb99233de741,68641619b90d9a1ca1069ae7,2025,Qtr 3,July,1,a1034d9a-1051-7074-049c-fb99233de741,RSFOQS,URL,https://app.securetag.in/found
in.pixiverse.user.management.securetag.db.entity.QRCode,6864167cb90d9a1ca1069aef,6864167ab90d9a1ca1069ae8,2025,Qtr 3,July,1,a1034d9a-1051-7074-049c-fb99233de741,68641619b90d9a1ca1069ae7,2025,Qtr 3,July,1,a1034d9a-1051-7074-049c-fb99233de741,FX9U2N,URL,https://app.securetag.in/found
in.pixiverse.user.management.securetag.db.entity.QRCode,6864167cb90d9a1ca1069af0,6864167ab90d9a1ca1069ae8,2025,Qtr 3,July,1,a1034d9a-1051-7074-049c-fb99233de741,68641619b90d9a1ca1069ae7,2025,Qtr 3,July,1,a1034d9a-1051-7074-049c-fb99233de741,9Z62ET,URL,https://app.securetag.in/found
in.pixiverse.user.management.securetag.db.entity.QRCode,6864167cb90d9a1ca1069af1,6864167ab90d9a1ca1069ae8,2025,Qtr 3,July,1,a1034d9a-1051-7074-049c-fb99233de741,68641619b90d9a1ca1069ae7,2025,Qtr 3,July,1,a1034d9a-1051-7074-049c-fb99233de741,T5S7W3,URL,https://app.securetag.in/found
in.pixiverse.user.management.securetag.db.entity.QRCode,6864167cb90d9a1ca1069af2,6864167ab90d9a1ca1069ae8,2025,Qtr 3,July,1,a1034d9a-1051-7074-049c-fb99233de741,68641619b90d9a1ca1069ae7,2025,Qtr 3,July,1,a1034d9a-1051-7074-049c-fb99233de741,O6NPVE,URL,https://app.securetag.in/found
in.pixiverse.user.management.securetag.db.entity.QRCode,6864167cb90d9a1ca1069af3,6864167ab90d9a1ca1069ae8,2025,Qtr 3,July,1,a1034d9a-1051-7074-049c-fb99233de741,68641619b90d9a1ca1069ae7,2025,Qtr 3,July,1,a1034d9a-1051-7074-049c-fb99233de741,I31XRV,URL,https://app.securetag.in/found
in.pixiverse.user.management.securetag.db.entity.QRCode,6864167cb90d9a1ca1069af4,6864167ab90d9a1ca1069ae8,2025,Qtr 3,July,1,a1034d9a-1051-7074-049c-fb99233de741,68641619b90d9a1ca1069ae7,2025,Qtr 3,July,1,a1034d9a-1051-7074-049c-fb99233de741,DN9EHP,URL,https://app.securetag.in/found
in.pixiverse.user.management.securetag.db.entity.QRCode,6864167cb90d9a1ca1069af5,6864167ab90d9a1ca1069ae8,2025,Qtr 3,July,1,a1034d9a-1051-7074-049c-fb99233de741,68641619b90d9a1ca1069ae7,2025,Qtr 3,July,1,a1034d9a-1051-7074-049c-fb99233de741,DXM5NT,URL,https://app.securetag.in/found
in.pixiverse.user.management.securetag.db.entity.QRCode,6864167cb90d9a1ca1069af6,6864167ab90d9a1ca1069ae8,2025,Qtr 3,July,1,a1034d9a-1051-7074-049c-fb99233de741,68641619b90d9a1ca1069ae7,2025,Qtr 3,July,1,a1034d9a-1051-7074-049c-fb99233de741,8EYC3L,URL,https://app.securetag.in/found
in.pixiverse.user.management.securetag.db.entity.QRCode,6864167cb90d9a1ca1069af7,6864167ab90d9a1ca1069ae8,2025,Qtr 3,July,1,a1034d9a-1051-7074-049c-fb99233de741,68641619b90d9a1ca1069ae7,2025,Qtr 3,July,1,a1034d9a-1051-7074-049c-fb99233de741,2IYUN4,URL,https://app.securetag.in/found
in.pixiverse.user.management.securetag.db.entity.QRCode,6864167cb90d9a1ca1069af8,6864167ab90d9a1ca1069ae8,2025,Qtr 3,July,1,a1034d9a-1051-7074-049c-fb99233de741,68641619b90d9a1ca1069ae7,2025,Qtr 3,July,1,a1034d9a-1051-7074-049c-fb99233de741,HV0E75,URL,https://app.securetag.in/found
in.pixiverse.user.management.securetag.db.entity.QRCode,6864167cb90d9a1ca1069af9,6864167ab90d9a1ca1069ae8,2025,Qtr 3,July,1,a1034d9a-1051-7074-049c-fb99233de741,68641619b90d9a1ca1069ae7,2025,Qtr 3,July,1,a1034d9a-1051-7074-049c-fb99233de741,SWOA8Z,URL,https://app.securetag.in/found
in.pixiverse.user.management.securetag.db.entity.QRCode,6864167cb90d9a1ca1069afa,6864167ab90d9a1ca1069ae8,2025,Qtr 3,July,1,a1034d9a-1051-7074-049c-fb99233de741,68641619b90d9a1ca1069ae7,2025,Qtr 3,July,1,a1034d9a-1051-7074-049c-fb99233de741,YW14M7,URL,https://app.securetag.in/found
in.pixiverse.user.management.securetag.db.entity.QRCode,6864167cb90d9a1ca1069afb,6864167ab90d9a1ca1069ae8,2025,Qtr 3,July,1,a1034d9a-1051-7074-049c-fb99233de741,68641619b90d9a1ca1069ae7,2025,Qtr 3,July,1,a1034d9a-1051-7074-049c-fb99233de741,HL0TUE,URL,https://app.securetag.in/found
in.pixiverse.user.management.securetag.db.entity.QRCode,6864167cb90d9a1ca1069afc,6864167ab90d9a1ca1069ae8,2025,Qtr 3,July,1,a1034d9a-1051-7074-049c-fb99233de741,68641619b90d9a1ca1069ae7,2025,Qtr 3,July,1,a1034d9a-1051-7074-049c-fb99233de741,0GEBUV,URL,https://app.securetag.in/found
in.pixiverse.user.management.securetag.db.entity.QRCode,6864167cb90d9a1ca1069afd,6864167ab90d9a1ca1069ae8,2025,Qtr 3,July,1,a1034d9a-1051-7074-049c-fb99233de741,68641619b90d9a1ca1069ae7,2025,Qtr 3,July,1,a1034d9a-1051-7074-049c-fb99233de741,KXMS8C,URL,https://app.securetag.in/found
in.pixiverse.user.management.securetag.db.entity.QRCode,6864167cb90d9a1ca1069afe,6864167ab90d9a1ca1069ae8,2025,Qtr 3,July,1,a1034d9a-1051-7074-049c-fb99233de741,68641619b90d9a1ca1069ae7,2025,Qtr 3,July,1,a1034d9a-1051-7074-049c-fb99233de741,ZUZISF,URL,https://app.securetag.in/found
in.pixiverse.user.management.securetag.db.entity.QRCode,6864167cb90d9a1ca1069aff,6864167ab90d9a1ca1069ae8,2025,Qtr 3,July,1,a1034d9a-1051-7074-049c-fb99233de741,68641619b90d9a1ca1069ae7,2025,Qtr 3,July,1,a1034d9a-1051-7074-049c-fb99233de741,7S13AJ,URL,https://app.securetag.in/found
in.pixiverse.user.management.securetag.db.entity.QRCode,6864167cb90d9a1ca1069b00,6864167ab90d9a1ca1069ae8,2025,Qtr 3,July,1,a1034d9a-1051-7074-049c-fb99233de741,68641619b90d9a1ca1069ae7,2025,Qtr 3,July,1,a1034d9a-1051-7074-049c-fb99233de741,4ZYKKC,URL,https://app.securetag.in/found
in.pixiverse.user.management.securetag.db.entity.QRCode,6864167cb90d9a1ca1069b01,6864167ab90d9a1ca1069ae8,2025,Qtr 3,July,1,a1034d9a-1051-7074-049c-fb99233de741,68641619b90d9a1ca1069ae7,2025,Qtr 3,July,1,a1034d9a-1051-7074-049c-fb99233de741,OPHQCQ,URL,https://app.securetag.in/found
in.pixiverse.user.management.securetag.db.entity.QRCode,6864167cb90d9a1ca1069b02,6864167ab90d9a1ca1069ae8,2025,Qtr 3,July,1,a1034d9a-1051-7074-049c-fb99233de741,68641619b90d9a1ca1069ae7,2025,Qtr 3,July,1,a1034d9a-1051-7074-049c-fb99233de741,3GW4Q0,URL,https://app.securetag.in/found
in.pixiverse.user.management.securetag.db.entity.QRCode,6864167cb90d9a1ca1069b03,6864167ab90d9a1ca1069ae8,2025,Qtr 3,July,1,a1034d9a-1051-7074-049c-fb99233de741,68641619b90d9a1ca1069ae7,2025,Qtr 3,July,1,a1034d9a-1051-7074-049c-fb99233de741,S6V3YB,URL,https://app.securetag.in/found
in.pixiverse.user.management.securetag.db.entity.QRCode,6864167cb90d9a1ca1069b04,6864167ab90d9a1ca1069ae8,2025,Qtr 3,July,1,a1034d9a-1051-7074-049c-fb99233de741,68641619b90d9a1ca1069ae7,2025,Qtr 3,July,1,a1034d9a-1051-7074-049c-fb99233de741,SX630V,URL,https://app.securetag.in/found
in.pixiverse.user.management.securetag.db.entity.QRCode,6864167cb90d9a1ca1069b05,6864167ab90d9a1ca1069ae8,2025,Qtr 3,July,1,a1034d9a-1051-7074-049c-fb99233de741,68641619b90d9a1ca1069ae7,2025,Qtr 3,July,1,a1034d9a-1051-7074-049c-fb99233de741,82S9HN,URL,https://app.securetag.in/found
in.pixiverse.user.management.securetag.db.entity.QRCode,6864167cb90d9a1ca1069b06,6864167ab90d9a1ca1069ae8,2025,Qtr 3,July,1,a1034d9a-1051-7074-049c-fb99233de741,68641619b90d9a1ca1069ae7,2025,Qtr 3,July,1,a1034d9a-1051-7074-049c-fb99233de741,8JH7JL,URL,https://app.securetag.in/found
in.pixiverse.user.management.securetag.db.entity.QRCode,6864167cb90d9a1ca1069b07,6864167ab90d9a1ca1069ae8,2025,Qtr 3,July,1,a1034d9a-1051-7074-049c-fb99233de741,68641619b90d9a1ca1069ae7,2025,Qtr 3,July,1,a1034d9a-1051-7074-049c-fb99233de741,GIUGJZ,URL,https://app.securetag.in/found
in.pixiverse.user.management.securetag.db.entity.QRCode,6864167cb90d9a1ca1069b08,6864167ab90d9a1ca1069ae8,2025,Qtr 3,July,1,a1034d9a-1051-7074-049c-fb99233de741,68641619b90d9a1ca1069ae7,2025,Qtr 3,July,1,a1034d9a-1051-7074-049c-fb99233de741,6SCAP2,URL,https://app.securetag.in/found
in.pixiverse.user.management.securetag.db.entity.QRCode,6864167cb90d9a1ca1069b09,6864167ab90d9a1ca1069ae8,2025,Qtr 3,July,1,a1034d9a-1051-7074-049c-fb99233de741,68641619b90d9a1ca1069ae7,2025,Qtr 3,July,1,a1034d9a-1051-7074-049c-fb99233de741,60FCBU,URL,https://app.securetag.in/found
in.pixiverse.user.management.securetag.db.entity.QRCode,6864167cb90d9a1ca1069b0a,6864167ab90d9a1ca1069ae8,2025,Qtr 3,July,1,a1034d9a-1051-7074-049c-fb99233de741,68641619b90d9a1ca1069ae7,2025,Qtr 3,July,1,a1034d9a-1051-7074-049c-fb99233de741,5S6RQK,URL,https://app.securetag.in/found
in.pixiverse.user.management.securetag.db.entity.QRCode,6864167cb90d9a1ca1069b0b,6864167ab90d9a1ca1069ae8,2025,Qtr 3,July,1,a1034d9a-1051-7074-049c-fb99233de741,68641619b90d9a1ca1069ae7,2025,Qtr 3,July,1,a1034d9a-1051-7074-049c-fb99233de741,HJV19B,URL,https://app.securetag.in/found
in.pixiverse.user.management.securetag.db.entity.QRCode,6864167cb90d9a1ca1069b0c,6864167ab90d9a1ca1069ae8,2025,Qtr 3,July,1,a1034d9a-1051-7074-049c-fb99233de741,68641619b90d9a1ca1069ae7,2025,Qtr 3,July,1,a1034d9a-1051-7074-049c-fb99233de741,9CHUYZ,URL,https://app.securetag.in/found
in.pixiverse.user.management.securetag.db.entity.QRCode,6864167cb90d9a1ca1069b0d,6864167ab90d9a1ca1069ae8,2025,Qtr 3,July,1,a1034d9a-1051-7074-049c-fb99233de741,68641619b90d9a1ca1069ae7,2025,Qtr 3,July,1,a1034d9a-1051-7074-049c-fb99233de741,4TX55I,URL,https://app.securetag.in/found
in.pixiverse.user.management.securetag.db.entity.QRCode,6864167cb90d9a1ca1069b0e,6864167ab90d9a1ca1069ae8,2025,Qtr 3,July,1,a1034d9a-1051-7074-049c-fb99233de741,68641619b90d9a1ca1069ae7,2025,Qtr 3,July,1,a1034d9a-1051-7074-049c-fb99233de741,B3OZPD,URL,https://app.securetag.in/found
in.pixiverse.user.management.securetag.db.entity.QRCode,6864167cb90d9a1ca1069b0f,6864167ab90d9a1ca1069ae8,2025,Qtr 3,July,1,a1034d9a-1051-7074-049c-fb99233de741,68641619b90d9a1ca1069ae7,2025,Qtr 3,July,1,a1034d9a-1051-7074-049c-fb99233de741,PKCPF9,URL,https://app.securetag.in/found
in.pixiverse.user.management.securetag.db.entity.QRCode,6864167cb90d9a1ca1069b10,6864167ab90d9a1ca1069ae8,2025,Qtr 3,July,1,a1034d9a-1051-7074-049c-fb99233de741,68641619b90d9a1ca1069ae7,2025,Qtr 3,July,1,a1034d9a-1051-7074-049c-fb99233de741,A6NURB,URL,https://app.securetag.in/found
in.pixiverse.user.management.securetag.db.entity.QRCode,6864167cb90d9a1ca1069b11,6864167ab90d9a1ca1069ae8,2025,Qtr 3,July,1,a1034d9a-1051-7074-049c-fb99233de741,68641619b90d9a1ca1069ae7,2025,Qtr 3,July,1,a1034d9a-1051-7074-049c-fb99233de741,XG5NX8,URL,https://app.securetag.in/found
in.pixiverse.user.management.securetag.db.entity.QRCode,6864167cb90d9a1ca1069b12,6864167ab90d9a1ca1069ae8,2025,Qtr 3,July,1,a1034d9a-1051-7074-049c-fb99233de741,68641619b90d9a1ca1069ae7,2025,Qtr 3,July,1,a1034d9a-1051-7074-049c-fb99233de741,T0H7H9,URL,https://app.securetag.in/found
in.pixiverse.user.management.securetag.db.entity.QRCode,6864167cb90d9a1ca1069b13,6864167ab90d9a1ca1069ae8,2025,Qtr 3,July,1,a1034d9a-1051-7074-049c-fb99233de741,68641619b90d9a1ca1069ae7,2025,Qtr 3,July,1,a1034d9a-1051-7074-049c-fb99233de741,L6LGHK,URL,https://app.securetag.in/found
in.pixiverse.user.management.securetag.db.entity.QRCode,6864167cb90d9a1ca1069b14,6864167ab90d9a1ca1069ae8,2025,Qtr 3,July,1,a1034d9a-1051-7074-049c-fb99233de741,68641619b90d9a1ca1069ae7,2025,Qtr 3,July,1,a1034d9a-1051-7074-049c-fb99233de741,RC5M1A,URL,https://app.securetag.in/found
in.pixiverse.user.management.securetag.db.entity.QRCode,6864167cb90d9a1ca1069b15,6864167ab90d9a1ca1069ae8,2025,Qtr 3,July,1,a1034d9a-1051-7074-049c-fb99233de741,68641619b90d9a1ca1069ae7,2025,Qtr 3,July,1,a1034d9a-1051-7074-049c-fb99233de741,YD6UFG,URL,https://app.securetag.in/found
in.pixiverse.user.management.securetag.db.entity.QRCode,6864167cb90d9a1ca1069b16,6864167ab90d9a1ca1069ae8,2025,Qtr 3,July,1,a1034d9a-1051-7074-049c-fb99233de741,68641619b90d9a1ca1069ae7,2025,Qtr 3,July,1,a1034d9a-1051-7074-049c-fb99233de741,TGWRFC,URL,https://app.securetag.in/found
in.pixiverse.user.management.securetag.db.entity.QRCode,6864167cb90d9a1ca1069b17,6864167ab90d9a1ca1069ae8,2025,Qtr 3,July,1,a1034d9a-1051-7074-049c-fb99233de741,68641619b90d9a1ca1069ae7,2025,Qtr 3,July,1,a1034d9a-1051-7074-049c-fb99233de741,ALYS5O,URL,https://app.securetag.in/found
in.pixiverse.user.management.securetag.db.entity.QRCode,6864167cb90d9a1ca1069b18,6864167ab90d9a1ca1069ae8,2025,Qtr 3,July,1,a1034d9a-1051-7074-049c-fb99233de741,68641619b90d9a1ca1069ae7,2025,Qtr 3,July,1,a1034d9a-1051-7074-049c-fb99233de741,M8EYF2,URL,https://app.securetag.in/found
in.pixiverse.user.management.securetag.db.entity.QRCode,6864167cb90d9a1ca1069b19,6864167ab90d9a1ca1069ae8,2025,Qtr 3,July,1,a1034d9a-1051-7074-049c-fb99233de741,68641619b90d9a1ca1069ae7,2025,Qtr 3,July,1,a1034d9a-1051-7074-049c-fb99233de741,V7IPMD,URL,https://app.securetag.in/found
in.pixiverse.user.management.securetag.db.entity.QRCode,6864167cb90d9a1ca1069b1a,6864167ab90d9a1ca1069ae8,2025,Qtr 3,July,1,a1034d9a-1051-7074-049c-fb99233de741,68641619b90d9a1ca1069ae7,2025,Qtr 3,July,1,a1034d9a-1051-7074-049c-fb99233de741,CRW8PL,URL,https://app.securetag.in/found
in.pixiverse.user.management.securetag.db.entity.QRCode,6864167cb90d9a1ca1069b1b,6864167ab90d9a1ca1069ae8,2025,Qtr 3,July,1,a1034d9a-1051-7074-049c-fb99233de741,68641619b90d9a1ca1069ae7,2025,Qtr 3,July,1,a1034d9a-1051-7074-049c-fb99233de741,V4R5LX,URL,https://app.securetag.in/found
in.pixiverse.user.management.securetag.db.entity.QRCode,6864167cb90d9a1ca1069b1c,6864167ab90d9a1ca1069ae8,2025,Qtr 3,July,1,a1034d9a-1051-7074-049c-fb99233de741,68641619b90d9a1ca1069ae7,2025,Qtr 3,July,1,a1034d9a-1051-7074-049c-fb99233de741,7F7KCN,URL,https://app.securetag.in/found
in.pixiverse.user.management.securetag.db.entity.QRCode,6864167cb90d9a1ca1069b1d,6864167ab90d9a1ca1069ae8,2025,Qtr 3,July,1,a1034d9a-1051-7074-049c-fb99233de741,68641619b90d9a1ca1069ae7,2025,Qtr 3,July,1,a1034d9a-1051-7074-049c-fb99233de741,KG9OXR,URL,https://app.securetag.in/found
in.pixiverse.user.management.securetag.db.entity.QRCode,6864167cb90d9a1ca1069b1e,6864167ab90d9a1ca1069ae8,2025,Qtr 3,July,1,a1034d9a-1051-7074-049c-fb99233de741,68641619b90d9a1ca1069ae7,2025,Qtr 3,July,1,a1034d9a-1051-7074-049c-fb99233de741,P9R1WJ,URL,https://app.securetag.in/found
in.pixiverse.user.management.securetag.db.entity.QRCode,6864167cb90d9a1ca1069b1f,6864167ab90d9a1ca1069ae8,2025,Qtr 3,July,1,a1034d9a-1051-7074-049c-fb99233de741,68641619b90d9a1ca1069ae7,2025,Qtr 3,July,1,a1034d9a-1051-7074-049c-fb99233de741,DKJJFB,URL,https://app.securetag.in/found
in.pixiverse.user.management.securetag.db.entity.QRCode,6864167cb90d9a1ca1069b20,6864167ab90d9a1ca1069ae8,2025,Qtr 3,July,1,a1034d9a-1051-7074-049c-fb99233de741,68641619b90d9a1ca1069ae7,2025,Qtr 3,July,1,a1034d9a-1051-7074-049c-fb99233de741,F2FR51,URL,https://app.securetag.in/found
in.pixiverse.user.management.securetag.db.entity.QRCode,6864167cb90d9a1ca1069b21,6864167ab90d9a1ca1069ae8,2025,Qtr 3,July,1,a1034d9a-1051-7074-049c-fb99233de741,68641619b90d9a1ca1069ae7,2025,Qtr 3,July,1,a1034d9a-1051-7074-049c-fb99233de741,WH9MGO,URL,https://app.securetag.in/found
in.pixiverse.user.management.securetag.db.entity.QRCode,6864167cb90d9a1ca1069b22,6864167ab90d9a1ca1069ae8,2025,Qtr 3,July,1,a1034d9a-1051-7074-049c-fb99233de741,68641619b90d9a1ca1069ae7,2025,Qtr 3,July,1,a1034d9a-1051-7074-049c-fb99233de741,Q81NRR,URL,https://app.securetag.in/found
in.pixiverse.user.management.securetag.db.entity.QRCode,6864167cb90d9a1ca1069b23,6864167ab90d9a1ca1069ae8,2025,Qtr 3,July,1,a1034d9a-1051-7074-049c-fb99233de741,68641619b90d9a1ca1069ae7,2025,Qtr 3,July,1,a1034d9a-1051-7074-049c-fb99233de741,HDE1RP,URL,https://app.securetag.in/found
in.pixiverse.user.management.securetag.db.entity.QRCode,6864167cb90d9a1ca1069b24,6864167ab90d9a1ca1069ae8,2025,Qtr 3,July,1,a1034d9a-1051-7074-049c-fb99233de741,68641619b90d9a1ca1069ae7,2025,Qtr 3,July,1,a1034d9a-1051-7074-049c-fb99233de741,SHWUI4,URL,https://app.securetag.in/found
in.pixiverse.user.management.securetag.db.entity.QRCode,6864167cb90d9a1ca1069b25,6864167ab90d9a1ca1069ae8,2025,Qtr 3,July,1,a1034d9a-1051-7074-049c-fb99233de741,68641619b90d9a1ca1069ae7,2025,Qtr 3,July,1,a1034d9a-1051-7074-049c-fb99233de741,KMK4H6,URL,https://app.securetag.in/found
in.pixiverse.user.management.securetag.db.entity.QRCode,6864167cb90d9a1ca1069b26,6864167ab90d9a1ca1069ae8,2025,Qtr 3,July,1,a1034d9a-1051-7074-049c-fb99233de741,68641619b90d9a1ca1069ae7,2025,Qtr 3,July,1,a1034d9a-1051-7074-049c-fb99233de741,0H0A2A,URL,https://app.securetag.in/found
in.pixiverse.user.management.securetag.db.entity.QRCode,6864167cb90d9a1ca1069b27,6864167ab90d9a1ca1069ae8,2025,Qtr 3,July,1,a1034d9a-1051-7074-049c-fb99233de741,68641619b90d9a1ca1069ae7,2025,Qtr 3,July,1,a1034d9a-1051-7074-049c-fb99233de741,PKHS17,URL,https://app.securetag.in/found
in.pixiverse.user.management.securetag.db.entity.QRCode,6864167cb90d9a1ca1069b28,6864167ab90d9a1ca1069ae8,2025,Qtr 3,July,1,a1034d9a-1051-7074-049c-fb99233de741,68641619b90d9a1ca1069ae7,2025,Qtr 3,July,1,a1034d9a-1051-7074-049c-fb99233de741,06HXDQ,URL,https://app.securetag.in/found
in.pixiverse.user.management.securetag.db.entity.QRCode,6864167cb90d9a1ca1069b29,6864167ab90d9a1ca1069ae8,2025,Qtr 3,July,1,a1034d9a-1051-7074-049c-fb99233de741,68641619b90d9a1ca1069ae7,2025,Qtr 3,July,1,a1034d9a-1051-7074-049c-fb99233de741,F08RAH,URL,https://app.securetag.in/found
in.pixiverse.user.management.securetag.db.entity.QRCode,6864167cb90d9a1ca1069b2a,6864167ab90d9a1ca1069ae8,2025,Qtr 3,July,1,a1034d9a-1051-7074-049c-fb99233de741,68641619b90d9a1ca1069ae7,2025,Qtr 3,July,1,a1034d9a-1051-7074-049c-fb99233de741,HQZ3AJ,URL,https://app.securetag.in/found
in.pixiverse.user.management.securetag.db.entity.QRCode,6864167cb90d9a1ca1069b2b,6864167ab90d9a1ca1069ae8,2025,Qtr 3,July,1,a1034d9a-1051-7074-049c-fb99233de741,68641619b90d9a1ca1069ae7,2025,Qtr 3,July,1,a1034d9a-1051-7074-049c-fb99233de741,Z34Y0N,URL,https://app.securetag.in/found
in.pixiverse.user.management.securetag.db.entity.QRCode,6864167cb90d9a1ca1069b2c,6864167ab90d9a1ca1069ae8,2025,Qtr 3,July,1,a1034d9a-1051-7074-049c-fb99233de741,68641619b90d9a1ca1069ae7,2025,Qtr 3,July,1,a1034d9a-1051-7074-049c-fb99233de741,3QAPCG,URL,https://app.securetag.in/found
in.pixiverse.user.management.securetag.db.entity.QRCode,6864167cb90d9a1ca1069b2d,6864167ab90d9a1ca1069ae8,2025,Qtr 3,July,1,a1034d9a-1051-7074-049c-fb99233de741,68641619b90d9a1ca1069ae7,2025,Qtr 3,July,1,a1034d9a-1051-7074-049c-fb99233de741,N4H19N,URL,https://app.securetag.in/found
in.pixiverse.user.management.securetag.db.entity.QRCode,6864167cb90d9a1ca1069b2e,6864167ab90d9a1ca1069ae8,2025,Qtr 3,July,1,a1034d9a-1051-7074-049c-fb99233de741,68641619b90d9a1ca1069ae7,2025,Qtr 3,July,1,a1034d9a-1051-7074-049c-fb99233de741,WVRO71,URL,https://app.securetag.in/found
in.pixiverse.user.management.securetag.db.entity.QRCode,6864167cb90d9a1ca1069b2f,6864167ab90d9a1ca1069ae8,2025,Qtr 3,July,1,a1034d9a-1051-7074-049c-fb99233de741,68641619b90d9a1ca1069ae7,2025,Qtr 3,July,1,a1034d9a-1051-7074-049c-fb99233de741,QCAAAA,URL,https://app.securetag.in/found
in.pixiverse.user.management.securetag.db.entity.QRCode,6864167cb90d9a1ca1069b30,6864167ab90d9a1ca1069ae8,2025,Qtr 3,July,1,a1034d9a-1051-7074-049c-fb99233de741,68641619b90d9a1ca1069ae7,2025,Qtr 3,July,1,a1034d9a-1051-7074-049c-fb99233de741,EJERHF,URL,https://app.securetag.in/found
in.pixiverse.user.management.securetag.db.entity.QRCode,6864167cb90d9a1ca1069b31,6864167ab90d9a1ca1069ae8,2025,Qtr 3,July,1,a1034d9a-1051-7074-049c-fb99233de741,68641619b90d9a1ca1069ae7,2025,Qtr 3,July,1,a1034d9a-1051-7074-049c-fb99233de741,DYXQF5,URL,https://app.securetag.in/found
in.pixiverse.user.management.securetag.db.entity.QRCode,6864167cb90d9a1ca1069b32,6864167ab90d9a1ca1069ae8,2025,Qtr 3,July,1,a1034d9a-1051-7074-049c-fb99233de741,68641619b90d9a1ca1069ae7,2025,Qtr 3,July,1,a1034d9a-1051-7074-049c-fb99233de741,6XY9E1,URL,https://app.securetag.in/found
in.pixiverse.user.management.securetag.db.entity.QRCode,6864167cb90d9a1ca1069b33,6864167ab90d9a1ca1069ae8,2025,Qtr 3,July,1,a1034d9a-1051-7074-049c-fb99233de741,68641619b90d9a1ca1069ae7,2025,Qtr 3,July,1,a1034d9a-1051-7074-049c-fb99233de741,RN8RJW,URL,https://app.securetag.in/found
in.pixiverse.user.management.securetag.db.entity.QRCode,6864167cb90d9a1ca1069b34,6864167ab90d9a1ca1069ae8,2025,Qtr 3,July,1,a1034d9a-1051-7074-049c-fb99233de741,68641619b90d9a1ca1069ae7,2025,Qtr 3,July,1,a1034d9a-1051-7074-049c-fb99233de741,V8SUN3,URL,https://app.securetag.in/found
in.pixiverse.user.management.securetag.db.entity.QRCode,6864167cb90d9a1ca1069b35,6864167ab90d9a1ca1069ae8,2025,Qtr 3,July,1,a1034d9a-1051-7074-049c-fb99233de741,68641619b90d9a1ca1069ae7,2025,Qtr 3,July,1,a1034d9a-1051-7074-049c-fb99233de741,50HFJU,URL,https://app.securetag.in/found
in.pixiverse.user.management.securetag.db.entity.QRCode,6864167cb90d9a1ca1069b36,6864167ab90d9a1ca1069ae8,2025,Qtr 3,July,1,a1034d9a-1051-7074-049c-fb99233de741,68641619b90d9a1ca1069ae7,2025,Qtr 3,July,1,a1034d9a-1051-7074-049c-fb99233de741,O0X80H,URL,https://app.securetag.in/found
in.pixiverse.user.management.securetag.db.entity.QRCode,6864167cb90d9a1ca1069b37,6864167ab90d9a1ca1069ae8,2025,Qtr 3,July,1,a1034d9a-1051-7074-049c-fb99233de741,68641619b90d9a1ca1069ae7,2025,Qtr 3,July,1,a1034d9a-1051-7074-049c-fb99233de741,KYDXIT,URL,https://app.securetag.in/found
in.pixiverse.user.management.securetag.db.entity.QRCode,6864167cb90d9a1ca1069b38,6864167ab90d9a1ca1069ae8,2025,Qtr 3,July,1,a1034d9a-1051-7074-049c-fb99233de741,68641619b90d9a1ca1069ae7,2025,Qtr 3,July,1,a1034d9a-1051-7074-049c-fb99233de741,5W2UHP,URL,https://app.securetag.in/found
in.pixiverse.user.management.securetag.db.entity.QRCode,6864167cb90d9a1ca1069b39,6864167ab90d9a1ca1069ae8,2025,Qtr 3,July,1,a1034d9a-1051-7074-049c-fb99233de741,68641619b90d9a1ca1069ae7,2025,Qtr 3,July,1,a1034d9a-1051-7074-049c-fb99233de741,PJSZNW,URL,https://app.securetag.in/found
in.pixiverse.user.management.securetag.db.entity.QRCode,6864167cb90d9a1ca1069b3a,6864167ab90d9a1ca1069ae8,2025,Qtr 3,July,1,a1034d9a-1051-7074-049c-fb99233de741,68641619b90d9a1ca1069ae7,2025,Qtr 3,July,1,a1034d9a-1051-7074-049c-fb99233de741,KS3TJJ,URL,https://app.securetag.in/found
in.pixiverse.user.management.securetag.db.entity.QRCode,6864167cb90d9a1ca1069b3b,6864167ab90d9a1ca1069ae8,2025,Qtr 3,July,1,a1034d9a-1051-7074-049c-fb99233de741,68641619b90d9a1ca1069ae7,2025,Qtr 3,July,1,a1034d9a-1051-7074-049c-fb99233de741,E6DE7P,URL,https://app.securetag.in/found
in.pixiverse.user.management.securetag.db.entity.QRCode,6864167cb90d9a1ca1069b3c,6864167ab90d9a1ca1069ae8,2025,Qtr 3,July,1,a1034d9a-1051-7074-049c-fb99233de741,68641619b90d9a1ca1069ae7,2025,Qtr 3,July,1,a1034d9a-1051-7074-049c-fb99233de741,6D1UN8,URL,https://app.securetag.in/found
in.pixiverse.user.management.securetag.db.entity.QRCode,6864167cb90d9a1ca1069b3d,6864167ab90d9a1ca1069ae8,2025,Qtr 3,July,1,a1034d9a-1051-7074-049c-fb99233de741,68641619b90d9a1ca1069ae7,2025,Qtr 3,July,1,a1034d9a-1051-7074-049c-fb99233de741,4S2LGQ,URL,https://app.securetag.in/found
in.pixiverse.user.management.securetag.db.entity.QRCode,6864167cb90d9a1ca1069b3e,6864167ab90d9a1ca1069ae8,2025,Qtr 3,July,1,a1034d9a-1051-7074-049c-fb99233de741,68641619b90d9a1ca1069ae7,2025,Qtr 3,July,1,a1034d9a-1051-7074-049c-fb99233de741,5N4RE4,URL,https://app.securetag.in/found
in.pixiverse.user.management.securetag.db.entity.QRCode,6864167cb90d9a1ca1069b3f,6864167ab90d9a1ca1069ae8,2025,Qtr 3,July,1,a1034d9a-1051-7074-049c-fb99233de741,68641619b90d9a1ca1069ae7,2025,Qtr 3,July,1,a1034d9a-1051-7074-049c-fb99233de741,R1S4EJ,URL,https://app.securetag.in/found
in.pixiverse.user.management.securetag.db.entity.QRCode,6864167cb90d9a1ca1069b40,6864167ab90d9a1ca1069ae8,2025,Qtr 3,July,1,a1034d9a-1051-7074-049c-fb99233de741,68641619b90d9a1ca1069ae7,2025,Qtr 3,July,1,a1034d9a-1051-7074-049c-fb99233de741,IQ38XH,URL,https://app.securetag.in/found
in.pixiverse.user.management.securetag.db.entity.QRCode,6864167cb90d9a1ca1069b41,6864167ab90d9a1ca1069ae8,2025,Qtr 3,July,1,a1034d9a-1051-7074-049c-fb99233de741,68641619b90d9a1ca1069ae7,2025,Qtr 3,July,1,a1034d9a-1051-7074-049c-fb99233de741,6UPF3H,URL,https://app.securetag.in/found
in.pixiverse.user.management.securetag.db.entity.QRCode,6864167cb90d9a1ca1069b42,6864167ab90d9a1ca1069ae8,2025,Qtr 3,July,1,a1034d9a-1051-7074-049c-fb99233de741,68641619b90d9a1ca1069ae7,2025,Qtr 3,July,1,a1034d9a-1051-7074-049c-fb99233de741,P4D4BG,URL,https://app.securetag.in/found
in.pixiverse.user.management.securetag.db.entity.QRCode,6864167cb90d9a1ca1069b43,6864167ab90d9a1ca1069ae8,2025,Qtr 3,July,1,a1034d9a-1051-7074-049c-fb99233de741,68641619b90d9a1ca1069ae7,2025,Qtr 3,July,1,a1034d9a-1051-7074-049c-fb99233de741,70Q5PO,URL,https://app.securetag.in/found
in.pixiverse.user.management.securetag.db.entity.QRCode,6864167cb90d9a1ca1069b44,6864167ab90d9a1ca1069ae8,2025,Qtr 3,July,1,a1034d9a-1051-7074-049c-fb99233de741,68641619b90d9a1ca1069ae7,2025,Qtr 3,July,1,a1034d9a-1051-7074-049c-fb99233de741,NFV1N8,URL,https://app.securetag.in/found
in.pixiverse.user.management.securetag.db.entity.QRCode,6864167cb90d9a1ca1069b45,6864167ab90d9a1ca1069ae8,2025,Qtr 3,July,1,a1034d9a-1051-7074-049c-fb99233de741,68641619b90d9a1ca1069ae7,2025,Qtr 3,July,1,a1034d9a-1051-7074-049c-fb99233de741,FZBUJI,URL,https://app.securetag.in/found
in.pixiverse.user.management.securetag.db.entity.QRCode,6864167cb90d9a1ca1069b46,6864167ab90d9a1ca1069ae8,2025,Qtr 3,July,1,a1034d9a-1051-7074-049c-fb99233de741,68641619b90d9a1ca1069ae7,2025,Qtr 3,July,1,a1034d9a-1051-7074-049c-fb99233de741,LUSMG7,URL,https://app.securetag.in/found
in.pixiverse.user.management.securetag.db.entity.QRCode,6864167cb90d9a1ca1069b47,6864167ab90d9a1ca1069ae8,2025,Qtr 3,July,1,a1034d9a-1051-7074-049c-fb99233de741,68641619b90d9a1ca1069ae7,2025,Qtr 3,July,1,a1034d9a-1051-7074-049c-fb99233de741,UGIWNQ,URL,https://app.securetag.in/found
in.pixiverse.user.management.securetag.db.entity.QRCode,6864167cb90d9a1ca1069b48,6864167ab90d9a1ca1069ae8,2025,Qtr 3,July,1,a1034d9a-1051-7074-049c-fb99233de741,68641619b90d9a1ca1069ae7,2025,Qtr 3,July,1,a1034d9a-1051-7074-049c-fb99233de741,UKSCF4,URL,https://app.securetag.in/found
in.pixiverse.user.management.securetag.db.entity.QRCode,6864167cb90d9a1ca1069b49,6864167ab90d9a1ca1069ae8,2025,Qtr 3,July,1,a1034d9a-1051-7074-049c-fb99233de741,68641619b90d9a1ca1069ae7,2025,Qtr 3,July,1,a1034d9a-1051-7074-049c-fb99233de741,R9JXQE,URL,https://app.securetag.in/found
in.pixiverse.user.management.securetag.db.entity.QRCode,6864167cb90d9a1ca1069b4a,6864167ab90d9a1ca1069ae8,2025,Qtr 3,July,1,a1034d9a-1051-7074-049c-fb99233de741,68641619b90d9a1ca1069ae7,2025,Qtr 3,July,1,a1034d9a-1051-7074-049c-fb99233de741,92EBMM,URL,https://app.securetag.in/found
in.pixiverse.user.management.securetag.db.entity.QRCode,6864167cb90d9a1ca1069b4b,6864167ab90d9a1ca1069ae8,2025,Qtr 3,July,1,a1034d9a-1051-7074-049c-fb99233de741,68641619b90d9a1ca1069ae7,2025,Qtr 3,July,1,a1034d9a-1051-7074-049c-fb99233de741,RM5NZI,URL,https://app.securetag.in/found
in.pixiverse.user.management.securetag.db.entity.QRCode,6864167cb90d9a1ca1069b4c,6864167ab90d9a1ca1069ae8,2025,Qtr 3,July,1,a1034d9a-1051-7074-049c-fb99233de741,68641619b90d9a1ca1069ae7,2025,Qtr 3,July,1,a1034d9a-1051-7074-049c-fb99233de741,WG4BWF,URL,https://app.securetag.in/found
in.pixiverse.user.management.securetag.db.entity.QRCode,6864167cb90d9a1ca1069b4d,6864167ab90d9a1ca1069ae8,2025,Qtr 3,July,1,a1034d9a-1051-7074-049c-fb99233de741,68641619b90d9a1ca1069ae7,2025,Qtr 3,July,1,a1034d9a-1051-7074-049c-fb99233de741,E3DDC0,URL,https://app.securetag.in/found
in.pixiverse.user.management.securetag.db.entity.QRCode,6864167cb90d9a1ca1069b4e,6864167ab90d9a1ca1069ae8,2025,Qtr 3,July,1,a1034d9a-1051-7074-049c-fb99233de741,68641619b90d9a1ca1069ae7,2025,Qtr 3,July,1,a1034d9a-1051-7074-049c-fb99233de741,D8ZTIT,URL,https://app.securetag.in/found
in.pixiverse.user.management.securetag.db.entity.QRCode,6864167cb90d9a1ca1069b4f,6864167ab90d9a1ca1069ae8,2025,Qtr 3,July,1,a1034d9a-1051-7074-049c-fb99233de741,68641619b90d9a1ca1069ae7,2025,Qtr 3,July,1,a1034d9a-1051-7074-049c-fb99233de741,YNPS2W,URL,https://app.securetag.in/found
in.pixiverse.user.management.securetag.db.entity.QRCode,6864167cb90d9a1ca1069b50,6864167ab90d9a1ca1069ae8,2025,Qtr 3,July,1,a1034d9a-1051-7074-049c-fb99233de741,68641619b90d9a1ca1069ae7,2025,Qtr 3,July,1,a1034d9a-1051-7074-049c-fb99233de741,ERLP5R,URL,https://app.securetag.in/found
in.pixiverse.user.management.securetag.db.entity.QRCode,6864167cb90d9a1ca1069b51,6864167ab90d9a1ca1069ae8,2025,Qtr 3,July,1,a1034d9a-1051-7074-049c-fb99233de741,68641619b90d9a1ca1069ae7,2025,Qtr 3,July,1,a1034d9a-1051-7074-049c-fb99233de741,4KGRNE,URL,https://app.securetag.in/found
in.pixiverse.user.management.securetag.db.entity.QRCode,6864167cb90d9a1ca1069b52,6864167ab90d9a1ca1069ae8,2025,Qtr 3,July,1,a1034d9a-1051-7074-049c-fb99233de741,68641619b90d9a1ca1069ae7,2025,Qtr 3,July,1,a1034d9a-1051-7074-049c-fb99233de741,4BJ8U2,URL,https://app.securetag.in/found
in.pixiverse.user.management.securetag.db.entity.QRCode,6864167cb90d9a1ca1069b53,6864167ab90d9a1ca1069ae8,2025,Qtr 3,July,1,a1034d9a-1051-7074-049c-fb99233de741,68641619b90d9a1ca1069ae7,2025,Qtr 3,July,1,a1034d9a-1051-7074-049c-fb99233de741,KKGY45,URL,https://app.securetag.in/found
in.pixiverse.user.management.securetag.db.entity.QRCode,6864167cb90d9a1ca1069b54,6864167ab90d9a1ca1069ae8,2025,Qtr 3,July,1,a1034d9a-1051-7074-049c-fb99233de741,68641619b90d9a1ca1069ae7,2025,Qtr 3,July,1,a1034d9a-1051-7074-049c-fb99233de741,IPCR67,URL,https://app.securetag.in/found
in.pixiverse.user.management.securetag.db.entity.QRCode,6864167cb90d9a1ca1069b55,6864167ab90d9a1ca1069ae8,2025,Qtr 3,July,1,a1034d9a-1051-7074-049c-fb99233de741,68641619b90d9a1ca1069ae7,2025,Qtr 3,July,1,a1034d9a-1051-7074-049c-fb99233de741,JAGH92,URL,https://app.securetag.in/found
in.pixiverse.user.management.securetag.db.entity.QRCode,6864167cb90d9a1ca1069b56,6864167ab90d9a1ca1069ae8,2025,Qtr 3,July,1,a1034d9a-1051-7074-049c-fb99233de741,68641619b90d9a1ca1069ae7,2025,Qtr 3,July,1,a1034d9a-1051-7074-049c-fb99233de741,XIGFOQ,URL,https://app.securetag.in/found
in.pixiverse.user.management.securetag.db.entity.QRCode,6864167cb90d9a1ca1069b57,6864167ab90d9a1ca1069ae8,2025,Qtr 3,July,1,a1034d9a-1051-7074-049c-fb99233de741,68641619b90d9a1ca1069ae7,2025,Qtr 3,July,1,a1034d9a-1051-7074-049c-fb99233de741,0S2TZZ,URL,https://app.securetag.in/found
in.pixiverse.user.management.securetag.db.entity.QRCode,6864167cb90d9a1ca1069b58,6864167ab90d9a1ca1069ae8,2025,Qtr 3,July,1,a1034d9a-1051-7074-049c-fb99233de741,68641619b90d9a1ca1069ae7,2025,Qtr 3,July,1,a1034d9a-1051-7074-049c-fb99233de741,DLE9H3,URL,https://app.securetag.in/found
in.pixiverse.user.management.securetag.db.entity.QRCode,6864167cb90d9a1ca1069b59,6864167ab90d9a1ca1069ae8,2025,Qtr 3,July,1,a1034d9a-1051-7074-049c-fb99233de741,68641619b90d9a1ca1069ae7,2025,Qtr 3,July,1,a1034d9a-1051-7074-049c-fb99233de741,S6R39I,URL,https://app.securetag.in/found
in.pixiverse.user.management.securetag.db.entity.QRCode,6864167cb90d9a1ca1069b5a,6864167ab90d9a1ca1069ae8,2025,Qtr 3,July,1,a1034d9a-1051-7074-049c-fb99233de741,68641619b90d9a1ca1069ae7,2025,Qtr 3,July,1,a1034d9a-1051-7074-049c-fb99233de741,39YLBG,URL,https://app.securetag.in/found
in.pixiverse.user.management.securetag.db.entity.QRCode,6864167cb90d9a1ca1069b5b,6864167ab90d9a1ca1069ae8,2025,Qtr 3,July,1,a1034d9a-1051-7074-049c-fb99233de741,68641619b90d9a1ca1069ae7,2025,Qtr 3,July,1,a1034d9a-1051-7074-049c-fb99233de741,IVJ23Z,URL,https://app.securetag.in/found
in.pixiverse.user.management.securetag.db.entity.QRCode,6864167cb90d9a1ca1069b5c,6864167ab90d9a1ca1069ae8,2025,Qtr 3,July,1,a1034d9a-1051-7074-049c-fb99233de741,68641619b90d9a1ca1069ae7,2025,Qtr 3,July,1,a1034d9a-1051-7074-049c-fb99233de741,EWBVP7,URL,https://app.securetag.in/found
in.pixiverse.user.management.securetag.db.entity.QRCode,6864167cb90d9a1ca1069b5d,6864167ab90d9a1ca1069ae8,2025,Qtr 3,July,1,a1034d9a-1051-7074-049c-fb99233de741,68641619b90d9a1ca1069ae7,2025,Qtr 3,July,1,a1034d9a-1051-7074-049c-fb99233de741,4MNDCK,URL,https://app.securetag.in/found
in.pixiverse.user.management.securetag.db.entity.QRCode,6864167cb90d9a1ca1069b5e,6864167ab90d9a1ca1069ae8,2025,Qtr 3,July,1,a1034d9a-1051-7074-049c-fb99233de741,68641619b90d9a1ca1069ae7,2025,Qtr 3,July,1,a1034d9a-1051-7074-049c-fb99233de741,JMUR77,URL,https://app.securetag.in/found
in.pixiverse.user.management.securetag.db.entity.QRCode,6864167cb90d9a1ca1069b5f,6864167ab90d9a1ca1069ae8,2025,Qtr 3,July,1,a1034d9a-1051-7074-049c-fb99233de741,68641619b90d9a1ca1069ae7,2025,Qtr 3,July,1,a1034d9a-1051-7074-049c-fb99233de741,MIFOD7,URL,https://app.securetag.in/found
in.pixiverse.user.management.securetag.db.entity.QRCode,6864167cb90d9a1ca1069b60,6864167ab90d9a1ca1069ae8,2025,Qtr 3,July,1,a1034d9a-1051-7074-049c-fb99233de741,68641619b90d9a1ca1069ae7,2025,Qtr 3,July,1,a1034d9a-1051-7074-049c-fb99233de741,CN98I1,URL,https://app.securetag.in/found
in.pixiverse.user.management.securetag.db.entity.QRCode,6864167cb90d9a1ca1069b61,6864167ab90d9a1ca1069ae8,2025,Qtr 3,July,1,a1034d9a-1051-7074-049c-fb99233de741,68641619b90d9a1ca1069ae7,2025,Qtr 3,July,1,a1034d9a-1051-7074-049c-fb99233de741,F1DHCJ,URL,https://app.securetag.in/found
in.pixiverse.user.management.securetag.db.entity.QRCode,6864167cb90d9a1ca1069b62,6864167ab90d9a1ca1069ae8,2025,Qtr 3,July,1,a1034d9a-1051-7074-049c-fb99233de741,68641619b90d9a1ca1069ae7,2025,Qtr 3,July,1,a1034d9a-1051-7074-049c-fb99233de741,5QKY2Z,URL,https://app.securetag.in/found
in.pixiverse.user.management.securetag.db.entity.QRCode,6864167cb90d9a1ca1069b63,6864167ab90d9a1ca1069ae8,2025,Qtr 3,July,1,a1034d9a-1051-7074-049c-fb99233de741,68641619b90d9a1ca1069ae7,2025,Qtr 3,July,1,a1034d9a-1051-7074-049c-fb99233de741,7N2G5X,URL,https://app.securetag.in/found
in.pixiverse.user.management.securetag.db.entity.QRCode,6864167cb90d9a1ca1069b64,6864167ab90d9a1ca1069ae8,2025,Qtr 3,July,1,a1034d9a-1051-7074-049c-fb99233de741,68641619b90d9a1ca1069ae7,2025,Qtr 3,July,1,a1034d9a-1051-7074-049c-fb99233de741,GNGAL6,URL,https://app.securetag.in/found
in.pixiverse.user.management.securetag.db.entity.QRCode,6864167cb90d9a1ca1069b65,6864167ab90d9a1ca1069ae8,2025,Qtr 3,July,1,a1034d9a-1051-7074-049c-fb99233de741,68641619b90d9a1ca1069ae7,2025,Qtr 3,July,1,a1034d9a-1051-7074-049c-fb99233de741,OBZ2YM,URL,https://app.securetag.in/found
in.pixiverse.user.management.securetag.db.entity.QRCode,6864167cb90d9a1ca1069b66,6864167ab90d9a1ca1069ae8,2025,Qtr 3,July,1,a1034d9a-1051-7074-049c-fb99233de741,68641619b90d9a1ca1069ae7,2025,Qtr 3,July,1,a1034d9a-1051-7074-049c-fb99233de741,NRVR4F,URL,https://app.securetag.in/found
in.pixiverse.user.management.securetag.db.entity.QRCode,6864167cb90d9a1ca1069b67,6864167ab90d9a1ca1069ae8,2025,Qtr 3,July,1,a1034d9a-1051-7074-049c-fb99233de741,68641619b90d9a1ca1069ae7,2025,Qtr 3,July,1,a1034d9a-1051-7074-049c-fb99233de741,38F2YJ,URL,https://app.securetag.in/found
in.pixiverse.user.management.securetag.db.entity.QRCode,6864167cb90d9a1ca1069b68,6864167ab90d9a1ca1069ae8,2025,Qtr 3,July,1,a1034d9a-1051-7074-049c-fb99233de741,68641619b90d9a1ca1069ae7,2025,Qtr 3,July,1,a1034d9a-1051-7074-049c-fb99233de741,LW3912,URL,https://app.securetag.in/found
in.pixiverse.user.management.securetag.db.entity.QRCode,6864167cb90d9a1ca1069b69,6864167ab90d9a1ca1069ae8,2025,Qtr 3,July,1,a1034d9a-1051-7074-049c-fb99233de741,68641619b90d9a1ca1069ae7,2025,Qtr 3,July,1,a1034d9a-1051-7074-049c-fb99233de741,QFDACT,URL,https://app.securetag.in/found
in.pixiverse.user.management.securetag.db.entity.QRCode,6864167cb90d9a1ca1069b6a,6864167ab90d9a1ca1069ae8,2025,Qtr 3,July,1,a1034d9a-1051-7074-049c-fb99233de741,68641619b90d9a1ca1069ae7,2025,Qtr 3,July,1,a1034d9a-1051-7074-049c-fb99233de741,NVLGXV,URL,https://app.securetag.in/found
in.pixiverse.user.management.securetag.db.entity.QRCode,6864167cb90d9a1ca1069b6b,6864167ab90d9a1ca1069ae8,2025,Qtr 3,July,1,a1034d9a-1051-7074-049c-fb99233de741,68641619b90d9a1ca1069ae7,2025,Qtr 3,July,1,a1034d9a-1051-7074-049c-fb99233de741,P273D7,URL,https://app.securetag.in/found
in.pixiverse.user.management.securetag.db.entity.QRCode,6864167cb90d9a1ca1069b6c,6864167ab90d9a1ca1069ae8,2025,Qtr 3,July,1,a1034d9a-1051-7074-049c-fb99233de741,68641619b90d9a1ca1069ae7,2025,Qtr 3,July,1,a1034d9a-1051-7074-049c-fb99233de741,4NDPO6,URL,https://app.securetag.in/found
in.pixiverse.user.management.securetag.db.entity.QRCode,6864167cb90d9a1ca1069b6d,6864167ab90d9a1ca1069ae8,2025,Qtr 3,July,1,a1034d9a-1051-7074-049c-fb99233de741,68641619b90d9a1ca1069ae7,2025,Qtr 3,July,1,a1034d9a-1051-7074-049c-fb99233de741,OB2BPW,URL,https://app.securetag.in/found
in.pixiverse.user.management.securetag.db.entity.QRCode,6864167cb90d9a1ca1069b6e,6864167ab90d9a1ca1069ae8,2025,Qtr 3,July,1,a1034d9a-1051-7074-049c-fb99233de741,68641619b90d9a1ca1069ae7,2025,Qtr 3,July,1,a1034d9a-1051-7074-049c-fb99233de741,WHELXE,URL,https://app.securetag.in/found
in.pixiverse.user.management.securetag.db.entity.QRCode,6864167cb90d9a1ca1069b6f,6864167ab90d9a1ca1069ae8,2025,Qtr 3,July,1,a1034d9a-1051-7074-049c-fb99233de741,68641619b90d9a1ca1069ae7,2025,Qtr 3,July,1,a1034d9a-1051-7074-049c-fb99233de741,BB02EE,URL,https://app.securetag.in/found
in.pixiverse.user.management.securetag.db.entity.QRCode,6864167cb90d9a1ca1069b70,6864167ab90d9a1ca1069ae8,2025,Qtr 3,July,1,a1034d9a-1051-7074-049c-fb99233de741,68641619b90d9a1ca1069ae7,2025,Qtr 3,July,1,a1034d9a-1051-7074-049c-fb99233de741,ZXQSLV,URL,https://app.securetag.in/found
in.pixiverse.user.management.securetag.db.entity.QRCode,6864167cb90d9a1ca1069b71,6864167ab90d9a1ca1069ae8,2025,Qtr 3,July,1,a1034d9a-1051-7074-049c-fb99233de741,68641619b90d9a1ca1069ae7,2025,Qtr 3,July,1,a1034d9a-1051-7074-049c-fb99233de741,3WS4BK,URL,https://app.securetag.in/found
in.pixiverse.user.management.securetag.db.entity.QRCode,6864167cb90d9a1ca1069b72,6864167ab90d9a1ca1069ae8,2025,Qtr 3,July,1,a1034d9a-1051-7074-049c-fb99233de741,68641619b90d9a1ca1069ae7,2025,Qtr 3,July,1,a1034d9a-1051-7074-049c-fb99233de741,HGYPAW,URL,https://app.securetag.in/found
in.pixiverse.user.management.securetag.db.entity.QRCode,6864167cb90d9a1ca1069b73,6864167ab90d9a1ca1069ae8,2025,Qtr 3,July,1,a1034d9a-1051-7074-049c-fb99233de741,68641619b90d9a1ca1069ae7,2025,Qtr 3,July,1,a1034d9a-1051-7074-049c-fb99233de741,APNGL6,URL,https://app.securetag.in/found
in.pixiverse.user.management.securetag.db.entity.QRCode,6864167cb90d9a1ca1069b74,6864167ab90d9a1ca1069ae8,2025,Qtr 3,July,1,a1034d9a-1051-7074-049c-fb99233de741,68641619b90d9a1ca1069ae7,2025,Qtr 3,July,1,a1034d9a-1051-7074-049c-fb99233de741,1ILECC,URL,https://app.securetag.in/found
in.pixiverse.user.management.securetag.db.entity.QRCode,6864167cb90d9a1ca1069b75,6864167ab90d9a1ca1069ae8,2025,Qtr 3,July,1,a1034d9a-1051-7074-049c-fb99233de741,68641619b90d9a1ca1069ae7,2025,Qtr 3,July,1,a1034d9a-1051-7074-049c-fb99233de741,MOZNDR,URL,https://app.securetag.in/found
in.pixiverse.user.management.securetag.db.entity.QRCode,6864167cb90d9a1ca1069b76,6864167ab90d9a1ca1069ae8,2025,Qtr 3,July,1,a1034d9a-1051-7074-049c-fb99233de741,68641619b90d9a1ca1069ae7,2025,Qtr 3,July,1,a1034d9a-1051-7074-049c-fb99233de741,TZ4DXV,URL,https://app.securetag.in/found
in.pixiverse.user.management.securetag.db.entity.QRCode,6864167cb90d9a1ca1069b77,6864167ab90d9a1ca1069ae8,2025,Qtr 3,July,1,a1034d9a-1051-7074-049c-fb99233de741,68641619b90d9a1ca1069ae7,2025,Qtr 3,July,1,a1034d9a-1051-7074-049c-fb99233de741,BA18ZQ,URL,https://app.securetag.in/found
in.pixiverse.user.management.securetag.db.entity.QRCode,6864167cb90d9a1ca1069b78,6864167ab90d9a1ca1069ae8,2025,Qtr 3,July,1,a1034d9a-1051-7074-049c-fb99233de741,68641619b90d9a1ca1069ae7,2025,Qtr 3,July,1,a1034d9a-1051-7074-049c-fb99233de741,NNYZ2P,URL,https://app.securetag.in/found
in.pixiverse.user.management.securetag.db.entity.QRCode,6864167cb90d9a1ca1069b79,6864167ab90d9a1ca1069ae8,2025,Qtr 3,July,1,a1034d9a-1051-7074-049c-fb99233de741,68641619b90d9a1ca1069ae7,2025,Qtr 3,July,1,a1034d9a-1051-7074-049c-fb99233de741,AAU4NV,URL,https://app.securetag.in/found
in.pixiverse.user.management.securetag.db.entity.QRCode,6864167cb90d9a1ca1069b7a,6864167ab90d9a1ca1069ae8,2025,Qtr 3,July,1,a1034d9a-1051-7074-049c-fb99233de741,68641619b90d9a1ca1069ae7,2025,Qtr 3,July,1,a1034d9a-1051-7074-049c-fb99233de741,QV2S8X,URL,https://app.securetag.in/found
in.pixiverse.user.management.securetag.db.entity.QRCode,6864167cb90d9a1ca1069b7b,6864167ab90d9a1ca1069ae8,2025,Qtr 3,July,1,a1034d9a-1051-7074-049c-fb99233de741,68641619b90d9a1ca1069ae7,2025,Qtr 3,July,1,a1034d9a-1051-7074-049c-fb99233de741,0YVZPK,URL,https://app.securetag.in/found
in.pixiverse.user.management.securetag.db.entity.QRCode,6864167cb90d9a1ca1069b7c,6864167ab90d9a1ca1069ae8,2025,Qtr 3,July,1,a1034d9a-1051-7074-049c-fb99233de741,68641619b90d9a1ca1069ae7,2025,Qtr 3,July,1,a1034d9a-1051-7074-049c-fb99233de741,4SQ73I,URL,https://app.securetag.in/found
in.pixiverse.user.management.securetag.db.entity.QRCode,6864167cb90d9a1ca1069b7d,6864167ab90d9a1ca1069ae8,2025,Qtr 3,July,1,a1034d9a-1051-7074-049c-fb99233de741,68641619b90d9a1ca1069ae7,2025,Qtr 3,July,1,a1034d9a-1051-7074-049c-fb99233de741,8BF916,URL,https://app.securetag.in/found
in.pixiverse.user.management.securetag.db.entity.QRCode,6864167cb90d9a1ca1069b7e,6864167ab90d9a1ca1069ae8,2025,Qtr 3,July,1,a1034d9a-1051-7074-049c-fb99233de741,68641619b90d9a1ca1069ae7,2025,Qtr 3,July,1,a1034d9a-1051-7074-049c-fb99233de741,XMBX2A,URL,https://app.securetag.in/found
in.pixiverse.user.management.securetag.db.entity.QRCode,6864167cb90d9a1ca1069b7f,6864167ab90d9a1ca1069ae8,2025,Qtr 3,July,1,a1034d9a-1051-7074-049c-fb99233de741,68641619b90d9a1ca1069ae7,2025,Qtr 3,July,1,a1034d9a-1051-7074-049c-fb99233de741,HKCGND,URL,https://app.securetag.in/found
in.pixiverse.user.management.securetag.db.entity.QRCode,6864167cb90d9a1ca1069b80,6864167ab90d9a1ca1069ae8,2025,Qtr 3,July,1,a1034d9a-1051-7074-049c-fb99233de741,68641619b90d9a1ca1069ae7,2025,Qtr 3,July,1,a1034d9a-1051-7074-049c-fb99233de741,JQG7EM,URL,https://app.securetag.in/found
in.pixiverse.user.management.securetag.db.entity.QRCode,6864167cb90d9a1ca1069b81,6864167ab90d9a1ca1069ae8,2025,Qtr 3,July,1,a1034d9a-1051-7074-049c-fb99233de741,68641619b90d9a1ca1069ae7,2025,Qtr 3,July,1,a1034d9a-1051-7074-049c-fb99233de741,2HADAG,URL,https://app.securetag.in/found
in.pixiverse.user.management.securetag.db.entity.QRCode,6864167cb90d9a1ca1069b82,6864167ab90d9a1ca1069ae8,2025,Qtr 3,July,1,a1034d9a-1051-7074-049c-fb99233de741,68641619b90d9a1ca1069ae7,2025,Qtr 3,July,1,a1034d9a-1051-7074-049c-fb99233de741,51TK33,URL,https://app.securetag.in/found
in.pixiverse.user.management.securetag.db.entity.QRCode,6864167cb90d9a1ca1069b83,6864167ab90d9a1ca1069ae8,2025,Qtr 3,July,1,a1034d9a-1051-7074-049c-fb99233de741,68641619b90d9a1ca1069ae7,2025,Qtr 3,July,1,a1034d9a-1051-7074-049c-fb99233de741,GWIAOC,URL,https://app.securetag.in/found
in.pixiverse.user.management.securetag.db.entity.QRCode,6864167cb90d9a1ca1069b84,6864167ab90d9a1ca1069ae8,2025,Qtr 3,July,1,a1034d9a-1051-7074-049c-fb99233de741,68641619b90d9a1ca1069ae7,2025,Qtr 3,July,1,a1034d9a-1051-7074-049c-fb99233de741,U3KWQK,URL,https://app.securetag.in/found
in.pixiverse.user.management.securetag.db.entity.QRCode,6864167cb90d9a1ca1069b85,6864167ab90d9a1ca1069ae8,2025,Qtr 3,July,1,a1034d9a-1051-7074-049c-fb99233de741,68641619b90d9a1ca1069ae7,2025,Qtr 3,July,1,a1034d9a-1051-7074-049c-fb99233de741,0UVTGC,URL,https://app.securetag.in/found
in.pixiverse.user.management.securetag.db.entity.QRCode,6864167cb90d9a1ca1069b86,6864167ab90d9a1ca1069ae8,2025,Qtr 3,July,1,a1034d9a-1051-7074-049c-fb99233de741,68641619b90d9a1ca1069ae7,2025,Qtr 3,July,1,a1034d9a-1051-7074-049c-fb99233de741,UR1AKH,URL,https://app.securetag.in/found
in.pixiverse.user.management.securetag.db.entity.QRCode,6864167cb90d9a1ca1069b87,6864167ab90d9a1ca1069ae8,2025,Qtr 3,July,1,a1034d9a-1051-7074-049c-fb99233de741,68641619b90d9a1ca1069ae7,2025,Qtr 3,July,1,a1034d9a-1051-7074-049c-fb99233de741,4BAYMX,URL,https://app.securetag.in/found
in.pixiverse.user.management.securetag.db.entity.QRCode,6864167cb90d9a1ca1069b88,6864167ab90d9a1ca1069ae8,2025,Qtr 3,July,1,a1034d9a-1051-7074-049c-fb99233de741,68641619b90d9a1ca1069ae7,2025,Qtr 3,July,1,a1034d9a-1051-7074-049c-fb99233de741,43X0XX,URL,https://app.securetag.in/found
in.pixiverse.user.management.securetag.db.entity.QRCode,6864167cb90d9a1ca1069b89,6864167ab90d9a1ca1069ae8,2025,Qtr 3,July,1,a1034d9a-1051-7074-049c-fb99233de741,68641619b90d9a1ca1069ae7,2025,Qtr 3,July,1,a1034d9a-1051-7074-049c-fb99233de741,89CIGO,URL,https://app.securetag.in/found
in.pixiverse.user.management.securetag.db.entity.QRCode,6864167cb90d9a1ca1069b8a,6864167ab90d9a1ca1069ae8,2025,Qtr 3,July,1,a1034d9a-1051-7074-049c-fb99233de741,68641619b90d9a1ca1069ae7,2025,Qtr 3,July,1,a1034d9a-1051-7074-049c-fb99233de741,B9YE7U,URL,https://app.securetag.in/found
in.pixiverse.user.management.securetag.db.entity.QRCode,6864167cb90d9a1ca1069b8b,6864167ab90d9a1ca1069ae8,2025,Qtr 3,July,1,a1034d9a-1051-7074-049c-fb99233de741,68641619b90d9a1ca1069ae7,2025,Qtr 3,July,1,a1034d9a-1051-7074-049c-fb99233de741,B12ZWC,URL,https://app.securetag.in/found
in.pixiverse.user.management.securetag.db.entity.QRCode,6864167cb90d9a1ca1069b8c,6864167ab90d9a1ca1069ae8,2025,Qtr 3,July,1,a1034d9a-1051-7074-049c-fb99233de741,68641619b90d9a1ca1069ae7,2025,Qtr 3,July,1,a1034d9a-1051-7074-049c-fb99233de741,H8D853,URL,https://app.securetag.in/found
in.pixiverse.user.management.securetag.db.entity.QRCode,6864167cb90d9a1ca1069b8d,6864167ab90d9a1ca1069ae8,2025,Qtr 3,July,1,a1034d9a-1051-7074-049c-fb99233de741,68641619b90d9a1ca1069ae7,2025,Qtr 3,July,1,a1034d9a-1051-7074-049c-fb99233de741,QR204X,URL,https://app.securetag.in/found
in.pixiverse.user.management.securetag.db.entity.QRCode,6864167cb90d9a1ca1069b8e,6864167ab90d9a1ca1069ae8,2025,Qtr 3,July,1,a1034d9a-1051-7074-049c-fb99233de741,68641619b90d9a1ca1069ae7,2025,Qtr 3,July,1,a1034d9a-1051-7074-049c-fb99233de741,79Y79R,URL,https://app.securetag.in/found
in.pixiverse.user.management.securetag.db.entity.QRCode,6864167cb90d9a1ca1069b8f,6864167ab90d9a1ca1069ae8,2025,Qtr 3,July,1,a1034d9a-1051-7074-049c-fb99233de741,68641619b90d9a1ca1069ae7,2025,Qtr 3,July,1,a1034d9a-1051-7074-049c-fb99233de741,GXRODN,URL,https://app.securetag.in/found
in.pixiverse.user.management.securetag.db.entity.QRCode,6864167cb90d9a1ca1069b90,6864167ab90d9a1ca1069ae8,2025,Qtr 3,July,1,a1034d9a-1051-7074-049c-fb99233de741,68641619b90d9a1ca1069ae7,2025,Qtr 3,July,1,a1034d9a-1051-7074-049c-fb99233de741,AOFOXQ,URL,https://app.securetag.in/found
in.pixiverse.user.management.securetag.db.entity.QRCode,6864167cb90d9a1ca1069b91,6864167ab90d9a1ca1069ae8,2025,Qtr 3,July,1,a1034d9a-1051-7074-049c-fb99233de741,68641619b90d9a1ca1069ae7,2025,Qtr 3,July,1,a1034d9a-1051-7074-049c-fb99233de741,BVSHXY,URL,https://app.securetag.in/found
in.pixiverse.user.management.securetag.db.entity.QRCode,6864167cb90d9a1ca1069b92,6864167ab90d9a1ca1069ae8,2025,Qtr 3,July,1,a1034d9a-1051-7074-049c-fb99233de741,68641619b90d9a1ca1069ae7,2025,Qtr 3,July,1,a1034d9a-1051-7074-049c-fb99233de741,ZIH0YX,URL,https://app.securetag.in/found
in.pixiverse.user.management.securetag.db.entity.QRCode,6864167cb90d9a1ca1069b93,6864167ab90d9a1ca1069ae8,2025,Qtr 3,July,1,a1034d9a-1051-7074-049c-fb99233de741,68641619b90d9a1ca1069ae7,2025,Qtr 3,July,1,a1034d9a-1051-7074-049c-fb99233de741,7GAINR,URL,https://app.securetag.in/found
in.pixiverse.user.management.securetag.db.entity.QRCode,6864167cb90d9a1ca1069b94,6864167ab90d9a1ca1069ae8,2025,Qtr 3,July,1,a1034d9a-1051-7074-049c-fb99233de741,68641619b90d9a1ca1069ae7,2025,Qtr 3,July,1,a1034d9a-1051-7074-049c-fb99233de741,WPVMNM,URL,https://app.securetag.in/found
in.pixiverse.user.management.securetag.db.entity.QRCode,6864167cb90d9a1ca1069b95,6864167ab90d9a1ca1069ae8,2025,Qtr 3,July,1,a1034d9a-1051-7074-049c-fb99233de741,68641619b90d9a1ca1069ae7,2025,Qtr 3,July,1,a1034d9a-1051-7074-049c-fb99233de741,PPGBIM,URL,https://app.securetag.in/found
in.pixiverse.user.management.securetag.db.entity.QRCode,6864167cb90d9a1ca1069b96,6864167ab90d9a1ca1069ae8,2025,Qtr 3,July,1,a1034d9a-1051-7074-049c-fb99233de741,68641619b90d9a1ca1069ae7,2025,Qtr 3,July,1,a1034d9a-1051-7074-049c-fb99233de741,EWCLYZ,URL,https://app.securetag.in/found
in.pixiverse.user.management.securetag.db.entity.QRCode,6864167cb90d9a1ca1069b97,6864167ab90d9a1ca1069ae8,2025,Qtr 3,July,1,a1034d9a-1051-7074-049c-fb99233de741,68641619b90d9a1ca1069ae7,2025,Qtr 3,July,1,a1034d9a-1051-7074-049c-fb99233de741,4OWC8K,URL,https://app.securetag.in/found
in.pixiverse.user.management.securetag.db.entity.QRCode,6864167cb90d9a1ca1069b98,6864167ab90d9a1ca1069ae8,2025,Qtr 3,July,1,a1034d9a-1051-7074-049c-fb99233de741,68641619b90d9a1ca1069ae7,2025,Qtr 3,July,1,a1034d9a-1051-7074-049c-fb99233de741,8OJ6YE,URL,https://app.securetag.in/found
in.pixiverse.user.management.securetag.db.entity.QRCode,6864167cb90d9a1ca1069b99,6864167ab90d9a1ca1069ae8,2025,Qtr 3,July,1,a1034d9a-1051-7074-049c-fb99233de741,68641619b90d9a1ca1069ae7,2025,Qtr 3,July,1,a1034d9a-1051-7074-049c-fb99233de741,HVYH2P,URL,https://app.securetag.in/found
in.pixiverse.user.management.securetag.db.entity.QRCode,6864167cb90d9a1ca1069b9a,6864167ab90d9a1ca1069ae8,2025,Qtr 3,July,1,a1034d9a-1051-7074-049c-fb99233de741,68641619b90d9a1ca1069ae7,2025,Qtr 3,July,1,a1034d9a-1051-7074-049c-fb99233de741,CFDFGS,URL,https://app.securetag.in/found
in.pixiverse.user.management.securetag.db.entity.QRCode,6864167cb90d9a1ca1069b9b,6864167ab90d9a1ca1069ae8,2025,Qtr 3,July,1,a1034d9a-1051-7074-049c-fb99233de741,68641619b90d9a1ca1069ae7,2025,Qtr 3,July,1,a1034d9a-1051-7074-049c-fb99233de741,62DFFM,URL,https://app.securetag.in/found
in.pixiverse.user.management.securetag.db.entity.QRCode,6864167cb90d9a1ca1069b9c,6864167ab90d9a1ca1069ae8,2025,Qtr 3,July,1,a1034d9a-1051-7074-049c-fb99233de741,68641619b90d9a1ca1069ae7,2025,Qtr 3,July,1,a1034d9a-1051-7074-049c-fb99233de741,GOK2W9,URL,https://app.securetag.in/found
in.pixiverse.user.management.securetag.db.entity.QRCode,6864167cb90d9a1ca1069b9d,6864167ab90d9a1ca1069ae8,2025,Qtr 3,July,1,a1034d9a-1051-7074-049c-fb99233de741,68641619b90d9a1ca1069ae7,2025,Qtr 3,July,1,a1034d9a-1051-7074-049c-fb99233de741,CX4P3F,URL,https://app.securetag.in/found
in.pixiverse.user.management.securetag.db.entity.QRCode,6864167cb90d9a1ca1069b9e,6864167ab90d9a1ca1069ae8,2025,Qtr 3,July,1,a1034d9a-1051-7074-049c-fb99233de741,68641619b90d9a1ca1069ae7,2025,Qtr 3,July,1,a1034d9a-1051-7074-049c-fb99233de741,9CHWEB,URL,https://app.securetag.in/found
in.pixiverse.user.management.securetag.db.entity.QRCode,6864167cb90d9a1ca1069b9f,6864167ab90d9a1ca1069ae8,2025,Qtr 3,July,1,a1034d9a-1051-7074-049c-fb99233de741,68641619b90d9a1ca1069ae7,2025,Qtr 3,July,1,a1034d9a-1051-7074-049c-fb99233de741,ATAZ8N,URL,https://app.securetag.in/found
in.pixiverse.user.management.securetag.db.entity.QRCode,6864167cb90d9a1ca1069ba0,6864167ab90d9a1ca1069ae8,2025,Qtr 3,July,1,a1034d9a-1051-7074-049c-fb99233de741,68641619b90d9a1ca1069ae7,2025,Qtr 3,July,1,a1034d9a-1051-7074-049c-fb99233de741,E98G19,URL,https://app.securetag.in/found
in.pixiverse.user.management.securetag.db.entity.QRCode,6864167cb90d9a1ca1069ba1,6864167ab90d9a1ca1069ae8,2025,Qtr 3,July,1,a1034d9a-1051-7074-049c-fb99233de741,68641619b90d9a1ca1069ae7,2025,Qtr 3,July,1,a1034d9a-1051-7074-049c-fb99233de741,WWVLD6,URL,https://app.securetag.in/found
in.pixiverse.user.management.securetag.db.entity.QRCode,6864167cb90d9a1ca1069ba2,6864167ab90d9a1ca1069ae8,2025,Qtr 3,July,1,a1034d9a-1051-7074-049c-fb99233de741,68641619b90d9a1ca1069ae7,2025,Qtr 3,July,1,a1034d9a-1051-7074-049c-fb99233de741,KD3DPT,URL,https://app.securetag.in/found
in.pixiverse.user.management.securetag.db.entity.QRCode,6864167cb90d9a1ca1069ba3,6864167ab90d9a1ca1069ae8,2025,Qtr 3,July,1,a1034d9a-1051-7074-049c-fb99233de741,68641619b90d9a1ca1069ae7,2025,Qtr 3,July,1,a1034d9a-1051-7074-049c-fb99233de741,TC0WOG,URL,https://app.securetag.in/found
in.pixiverse.user.management.securetag.db.entity.QRCode,6864167cb90d9a1ca1069ba4,6864167ab90d9a1ca1069ae8,2025,Qtr 3,July,1,a1034d9a-1051-7074-049c-fb99233de741,68641619b90d9a1ca1069ae7,2025,Qtr 3,July,1,a1034d9a-1051-7074-049c-fb99233de741,MK5BGH,URL,https://app.securetag.in/found
in.pixiverse.user.management.securetag.db.entity.QRCode,6864167cb90d9a1ca1069ba5,6864167ab90d9a1ca1069ae8,2025,Qtr 3,July,1,a1034d9a-1051-7074-049c-fb99233de741,68641619b90d9a1ca1069ae7,2025,Qtr 3,July,1,a1034d9a-1051-7074-049c-fb99233de741,YJA50W,URL,https://app.securetag.in/found
in.pixiverse.user.management.securetag.db.entity.QRCode,6864167cb90d9a1ca1069ba6,6864167ab90d9a1ca1069ae8,2025,Qtr 3,July,1,a1034d9a-1051-7074-049c-fb99233de741,68641619b90d9a1ca1069ae7,2025,Qtr 3,July,1,a1034d9a-1051-7074-049c-fb99233de741,HO4CHH,URL,https://app.securetag.in/found
in.pixiverse.user.management.securetag.db.entity.QRCode,6864167cb90d9a1ca1069ba7,6864167ab90d9a1ca1069ae8,2025,Qtr 3,July,1,a1034d9a-1051-7074-049c-fb99233de741,68641619b90d9a1ca1069ae7,2025,Qtr 3,July,1,a1034d9a-1051-7074-049c-fb99233de741,NGW191,URL,https://app.securetag.in/found
in.pixiverse.user.management.securetag.db.entity.QRCode,6864167cb90d9a1ca1069ba8,6864167ab90d9a1ca1069ae8,2025,Qtr 3,July,1,a1034d9a-1051-7074-049c-fb99233de741,68641619b90d9a1ca1069ae7,2025,Qtr 3,July,1,a1034d9a-1051-7074-049c-fb99233de741,DVI2SM,URL,https://app.securetag.in/found
in.pixiverse.user.management.securetag.db.entity.QRCode,6864167cb90d9a1ca1069ba9,6864167ab90d9a1ca1069ae8,2025,Qtr 3,July,1,a1034d9a-1051-7074-049c-fb99233de741,68641619b90d9a1ca1069ae7,2025,Qtr 3,July,1,a1034d9a-1051-7074-049c-fb99233de741,WZDFXQ,URL,https://app.securetag.in/found
in.pixiverse.user.management.securetag.db.entity.QRCode,6864167cb90d9a1ca1069baa,6864167ab90d9a1ca1069ae8,2025,Qtr 3,July,1,a1034d9a-1051-7074-049c-fb99233de741,68641619b90d9a1ca1069ae7,2025,Qtr 3,July,1,a1034d9a-1051-7074-049c-fb99233de741,ME0OK8,URL,https://app.securetag.in/found
in.pixiverse.user.management.securetag.db.entity.QRCode,6864167cb90d9a1ca1069bab,6864167ab90d9a1ca1069ae8,2025,Qtr 3,July,1,a1034d9a-1051-7074-049c-fb99233de741,68641619b90d9a1ca1069ae7,2025,Qtr 3,July,1,a1034d9a-1051-7074-049c-fb99233de741,D64LK2,URL,https://app.securetag.in/found
in.pixiverse.user.management.securetag.db.entity.QRCode,6864167cb90d9a1ca1069bac,6864167ab90d9a1ca1069ae8,2025,Qtr 3,July,1,a1034d9a-1051-7074-049c-fb99233de741,68641619b90d9a1ca1069ae7,2025,Qtr 3,July,1,a1034d9a-1051-7074-049c-fb99233de741,YWI0B4,URL,https://app.securetag.in/found
in.pixiverse.user.management.securetag.db.entity.QRCode,6864167cb90d9a1ca1069bad,6864167ab90d9a1ca1069ae8,2025,Qtr 3,July,1,a1034d9a-1051-7074-049c-fb99233de741,68641619b90d9a1ca1069ae7,2025,Qtr 3,July,1,a1034d9a-1051-7074-049c-fb99233de741,9YR16T,URL,https://app.securetag.in/found
in.pixiverse.user.management.securetag.db.entity.QRCode,6864167cb90d9a1ca1069bae,6864167ab90d9a1ca1069ae8,2025,Qtr 3,July,1,a1034d9a-1051-7074-049c-fb99233de741,68641619b90d9a1ca1069ae7,2025,Qtr 3,July,1,a1034d9a-1051-7074-049c-fb99233de741,F489FU,URL,https://app.securetag.in/found
in.pixiverse.user.management.securetag.db.entity.QRCode,6864167cb90d9a1ca1069baf,6864167ab90d9a1ca1069ae8,2025,Qtr 3,July,1,a1034d9a-1051-7074-049c-fb99233de741,68641619b90d9a1ca1069ae7,2025,Qtr 3,July,1,a1034d9a-1051-7074-049c-fb99233de741,8WHKA9,URL,https://app.securetag.in/found
in.pixiverse.user.management.securetag.db.entity.QRCode,6864167cb90d9a1ca1069bb0,6864167ab90d9a1ca1069ae8,2025,Qtr 3,July,1,a1034d9a-1051-7074-049c-fb99233de741,68641619b90d9a1ca1069ae7,2025,Qtr 3,July,1,a1034d9a-1051-7074-049c-fb99233de741,0T1PLM,URL,https://app.securetag.in/found
in.pixiverse.user.management.securetag.db.entity.QRCode,6864167cb90d9a1ca1069bb1,6864167ab90d9a1ca1069ae8,2025,Qtr 3,July,1,a1034d9a-1051-7074-049c-fb99233de741,68641619b90d9a1ca1069ae7,2025,Qtr 3,July,1,a1034d9a-1051-7074-049c-fb99233de741,7YL2O7,URL,https://app.securetag.in/found
in.pixiverse.user.management.securetag.db.entity.QRCode,6864167cb90d9a1ca1069bb2,6864167ab90d9a1ca1069ae8,2025,Qtr 3,July,1,a1034d9a-1051-7074-049c-fb99233de741,68641619b90d9a1ca1069ae7,2025,Qtr 3,July,1,a1034d9a-1051-7074-049c-fb99233de741,XC1M8P,URL,https://app.securetag.in/found
in.pixiverse.user.management.securetag.db.entity.QRCode,6864167cb90d9a1ca1069bb3,6864167ab90d9a1ca1069ae8,2025,Qtr 3,July,1,a1034d9a-1051-7074-049c-fb99233de741,68641619b90d9a1ca1069ae7,2025,Qtr 3,July,1,a1034d9a-1051-7074-049c-fb99233de741,RE61QE,URL,https://app.securetag.in/found
in.pixiverse.user.management.securetag.db.entity.QRCode,6864167cb90d9a1ca1069bb4,6864167ab90d9a1ca1069ae8,2025,Qtr 3,July,1,a1034d9a-1051-7074-049c-fb99233de741,68641619b90d9a1ca1069ae7,2025,Qtr 3,July,1,a1034d9a-1051-7074-049c-fb99233de741,TDUI1V,URL,https://app.securetag.in/found
in.pixiverse.user.management.securetag.db.entity.QRCode,6864167cb90d9a1ca1069bb5,6864167ab90d9a1ca1069ae8,2025,Qtr 3,July,1,a1034d9a-1051-7074-049c-fb99233de741,68641619b90d9a1ca1069ae7,2025,Qtr 3,July,1,a1034d9a-1051-7074-049c-fb99233de741,BRHHU2,URL,https://app.securetag.in/found
in.pixiverse.user.management.securetag.db.entity.QRCode,6864167cb90d9a1ca1069bb6,6864167ab90d9a1ca1069ae8,2025,Qtr 3,July,1,a1034d9a-1051-7074-049c-fb99233de741,68641619b90d9a1ca1069ae7,2025,Qtr 3,July,1,a1034d9a-1051-7074-049c-fb99233de741,RKXH7I,URL,https://app.securetag.in/found
in.pixiverse.user.management.securetag.db.entity.QRCode,6864167cb90d9a1ca1069bb7,6864167ab90d9a1ca1069ae8,2025,Qtr 3,July,1,a1034d9a-1051-7074-049c-fb99233de741,68641619b90d9a1ca1069ae7,2025,Qtr 3,July,1,a1034d9a-1051-7074-049c-fb99233de741,0QVJSR,URL,https://app.securetag.in/found
in.pixiverse.user.management.securetag.db.entity.QRCode,6864167cb90d9a1ca1069bb8,6864167ab90d9a1ca1069ae8,2025,Qtr 3,July,1,a1034d9a-1051-7074-049c-fb99233de741,68641619b90d9a1ca1069ae7,2025,Qtr 3,July,1,a1034d9a-1051-7074-049c-fb99233de741,9M0D0T,URL,https://app.securetag.in/found
in.pixiverse.user.management.securetag.db.entity.QRCode,6864167cb90d9a1ca1069bb9,6864167ab90d9a1ca1069ae8,2025,Qtr 3,July,1,a1034d9a-1051-7074-049c-fb99233de741,68641619b90d9a1ca1069ae7,2025,Qtr 3,July,1,a1034d9a-1051-7074-049c-fb99233de741,ZE0YNZ,URL,https://app.securetag.in/found
in.pixiverse.user.management.securetag.db.entity.QRCode,6864167cb90d9a1ca1069bba,6864167ab90d9a1ca1069ae8,2025,Qtr 3,July,1,a1034d9a-1051-7074-049c-fb99233de741,68641619b90d9a1ca1069ae7,2025,Qtr 3,July,1,a1034d9a-1051-7074-049c-fb99233de741,T0EG2V,URL,https://app.securetag.in/found
in.pixiverse.user.management.securetag.db.entity.QRCode,6864167cb90d9a1ca1069bbb,6864167ab90d9a1ca1069ae8,2025,Qtr 3,July,1,a1034d9a-1051-7074-049c-fb99233de741,68641619b90d9a1ca1069ae7,2025,Qtr 3,July,1,a1034d9a-1051-7074-049c-fb99233de741,8BRCN8,URL,https://app.securetag.in/found
in.pixiverse.user.management.securetag.db.entity.QRCode,6864167cb90d9a1ca1069bbc,6864167ab90d9a1ca1069ae8,2025,Qtr 3,July,1,a1034d9a-1051-7074-049c-fb99233de741,68641619b90d9a1ca1069ae7,2025,Qtr 3,July,1,a1034d9a-1051-7074-049c-fb99233de741,7FPFU4,URL,https://app.securetag.in/found
in.pixiverse.user.management.securetag.db.entity.QRCode,6864167cb90d9a1ca1069bbd,6864167ab90d9a1ca1069ae8,2025,Qtr 3,July,1,a1034d9a-1051-7074-049c-fb99233de741,68641619b90d9a1ca1069ae7,2025,Qtr 3,July,1,a1034d9a-1051-7074-049c-fb99233de741,7CEO3S,URL,https://app.securetag.in/found
in.pixiverse.user.management.securetag.db.entity.QRCode,6864167cb90d9a1ca1069bbe,6864167ab90d9a1ca1069ae8,2025,Qtr 3,July,1,a1034d9a-1051-7074-049c-fb99233de741,68641619b90d9a1ca1069ae7,2025,Qtr 3,July,1,a1034d9a-1051-7074-049c-fb99233de741,LBXUE2,URL,https://app.securetag.in/found
in.pixiverse.user.management.securetag.db.entity.QRCode,6864167cb90d9a1ca1069bbf,6864167ab90d9a1ca1069ae8,2025,Qtr 3,July,1,a1034d9a-1051-7074-049c-fb99233de741,68641619b90d9a1ca1069ae7,2025,Qtr 3,July,1,a1034d9a-1051-7074-049c-fb99233de741,B51F6Q,URL,https://app.securetag.in/found
in.pixiverse.user.management.securetag.db.entity.QRCode,6864167cb90d9a1ca1069bc0,6864167ab90d9a1ca1069ae8,2025,Qtr 3,July,1,a1034d9a-1051-7074-049c-fb99233de741,68641619b90d9a1ca1069ae7,2025,Qtr 3,July,1,a1034d9a-1051-7074-049c-fb99233de741,47E06T,URL,https://app.securetag.in/found
in.pixiverse.user.management.securetag.db.entity.QRCode,6864167cb90d9a1ca1069bc1,6864167ab90d9a1ca1069ae8,2025,Qtr 3,July,1,a1034d9a-1051-7074-049c-fb99233de741,68641619b90d9a1ca1069ae7,2025,Qtr 3,July,1,a1034d9a-1051-7074-049c-fb99233de741,ZSCAGT,URL,https://app.securetag.in/found
in.pixiverse.user.management.securetag.db.entity.QRCode,6864167cb90d9a1ca1069bc2,6864167ab90d9a1ca1069ae8,2025,Qtr 3,July,1,a1034d9a-1051-7074-049c-fb99233de741,68641619b90d9a1ca1069ae7,2025,Qtr 3,July,1,a1034d9a-1051-7074-049c-fb99233de741,ZBL5AH,URL,https://app.securetag.in/found
in.pixiverse.user.management.securetag.db.entity.QRCode,6864167cb90d9a1ca1069bc3,6864167ab90d9a1ca1069ae8,2025,Qtr 3,July,1,a1034d9a-1051-7074-049c-fb99233de741,68641619b90d9a1ca1069ae7,2025,Qtr 3,July,1,a1034d9a-1051-7074-049c-fb99233de741,N0MVV8,URL,https://app.securetag.in/found
in.pixiverse.user.management.securetag.db.entity.QRCode,6864167cb90d9a1ca1069bc4,6864167ab90d9a1ca1069ae8,2025,Qtr 3,July,1,a1034d9a-1051-7074-049c-fb99233de741,68641619b90d9a1ca1069ae7,2025,Qtr 3,July,1,a1034d9a-1051-7074-049c-fb99233de741,Y7WCJQ,URL,https://app.securetag.in/found
in.pixiverse.user.management.securetag.db.entity.QRCode,6864167cb90d9a1ca1069bc5,6864167ab90d9a1ca1069ae8,2025,Qtr 3,July,1,a1034d9a-1051-7074-049c-fb99233de741,68641619b90d9a1ca1069ae7,2025,Qtr 3,July,1,a1034d9a-1051-7074-049c-fb99233de741,Y8NAB4,URL,https://app.securetag.in/found
in.pixiverse.user.management.securetag.db.entity.QRCode,6864167cb90d9a1ca1069bc6,6864167ab90d9a1ca1069ae8,2025,Qtr 3,July,1,a1034d9a-1051-7074-049c-fb99233de741,68641619b90d9a1ca1069ae7,2025,Qtr 3,July,1,a1034d9a-1051-7074-049c-fb99233de741,TL61B4,URL,https://app.securetag.in/found
in.pixiverse.user.management.securetag.db.entity.QRCode,6864167cb90d9a1ca1069bc7,6864167ab90d9a1ca1069ae8,2025,Qtr 3,July,1,a1034d9a-1051-7074-049c-fb99233de741,68641619b90d9a1ca1069ae7,2025,Qtr 3,July,1,a1034d9a-1051-7074-049c-fb99233de741,P6Z7BC,URL,https://app.securetag.in/found
in.pixiverse.user.management.securetag.db.entity.QRCode,6864167cb90d9a1ca1069bc8,6864167ab90d9a1ca1069ae8,2025,Qtr 3,July,1,a1034d9a-1051-7074-049c-fb99233de741,68641619b90d9a1ca1069ae7,2025,Qtr 3,July,1,a1034d9a-1051-7074-049c-fb99233de741,XO4170,URL,https://app.securetag.in/found
in.pixiverse.user.management.securetag.db.entity.QRCode,6864167cb90d9a1ca1069bc9,6864167ab90d9a1ca1069ae8,2025,Qtr 3,July,1,a1034d9a-1051-7074-049c-fb99233de741,68641619b90d9a1ca1069ae7,2025,Qtr 3,July,1,a1034d9a-1051-7074-049c-fb99233de741,GZJ2TK,URL,https://app.securetag.in/found
in.pixiverse.user.management.securetag.db.entity.QRCode,6864167cb90d9a1ca1069bca,6864167ab90d9a1ca1069ae8,2025,Qtr 3,July,1,a1034d9a-1051-7074-049c-fb99233de741,68641619b90d9a1ca1069ae7,2025,Qtr 3,July,1,a1034d9a-1051-7074-049c-fb99233de741,YH5IFW,URL,https://app.securetag.in/found
in.pixiverse.user.management.securetag.db.entity.QRCode,6864167cb90d9a1ca1069bcb,6864167ab90d9a1ca1069ae8,2025,Qtr 3,July,1,a1034d9a-1051-7074-049c-fb99233de741,68641619b90d9a1ca1069ae7,2025,Qtr 3,July,1,a1034d9a-1051-7074-049c-fb99233de741,ORCAV3,URL,https://app.securetag.in/found
in.pixiverse.user.management.securetag.db.entity.QRCode,6864167cb90d9a1ca1069bcc,6864167ab90d9a1ca1069ae8,2025,Qtr 3,July,1,a1034d9a-1051-7074-049c-fb99233de741,68641619b90d9a1ca1069ae7,2025,Qtr 3,July,1,a1034d9a-1051-7074-049c-fb99233de741,Q4VFCK,URL,https://app.securetag.in/found
in.pixiverse.user.management.securetag.db.entity.QRCode,6864167cb90d9a1ca1069bcd,6864167ab90d9a1ca1069ae8,2025,Qtr 3,July,1,a1034d9a-1051-7074-049c-fb99233de741,68641619b90d9a1ca1069ae7,2025,Qtr 3,July,1,a1034d9a-1051-7074-049c-fb99233de741,RFBAAP,URL,https://app.securetag.in/found
in.pixiverse.user.management.securetag.db.entity.QRCode,6864167cb90d9a1ca1069bce,6864167ab90d9a1ca1069ae8,2025,Qtr 3,July,1,a1034d9a-1051-7074-049c-fb99233de741,68641619b90d9a1ca1069ae7,2025,Qtr 3,July,1,a1034d9a-1051-7074-049c-fb99233de741,EFJHI4,URL,https://app.securetag.in/found
in.pixiverse.user.management.securetag.db.entity.QRCode,6864167cb90d9a1ca1069bcf,6864167ab90d9a1ca1069ae8,2025,Qtr 3,July,1,a1034d9a-1051-7074-049c-fb99233de741,68641619b90d9a1ca1069ae7,2025,Qtr 3,July,1,a1034d9a-1051-7074-049c-fb99233de741,X5N8U9,URL,https://app.securetag.in/found
in.pixiverse.user.management.securetag.db.entity.QRCode,6864167cb90d9a1ca1069bd0,6864167ab90d9a1ca1069ae8,2025,Qtr 3,July,1,a1034d9a-1051-7074-049c-fb99233de741,68641619b90d9a1ca1069ae7,2025,Qtr 3,July,1,a1034d9a-1051-7074-049c-fb99233de741,0CHPPV,URL,https://app.securetag.in/found
in.pixiverse.user.management.securetag.db.entity.QRCode,6864167cb90d9a1ca1069bd1,6864167ab90d9a1ca1069ae8,2025,Qtr 3,July,1,a1034d9a-1051-7074-049c-fb99233de741,68641619b90d9a1ca1069ae7,2025,Qtr 3,July,1,a1034d9a-1051-7074-049c-fb99233de741,0BAAXP,URL,https://app.securetag.in/found
in.pixiverse.user.management.securetag.db.entity.QRCode,6864167cb90d9a1ca1069bd2,6864167ab90d9a1ca1069ae8,2025,Qtr 3,July,1,a1034d9a-1051-7074-049c-fb99233de741,68641619b90d9a1ca1069ae7,2025,Qtr 3,July,1,a1034d9a-1051-7074-049c-fb99233de741,FUFRD6,URL,https://app.securetag.in/found
in.pixiverse.user.management.securetag.db.entity.QRCode,6864167cb90d9a1ca1069bd3,6864167ab90d9a1ca1069ae8,2025,Qtr 3,July,1,a1034d9a-1051-7074-049c-fb99233de741,68641619b90d9a1ca1069ae7,2025,Qtr 3,July,1,a1034d9a-1051-7074-049c-fb99233de741,HPDHJN,URL,https://app.securetag.in/found
in.pixiverse.user.management.securetag.db.entity.QRCode,6864167cb90d9a1ca1069bd4,6864167ab90d9a1ca1069ae8,2025,Qtr 3,July,1,a1034d9a-1051-7074-049c-fb99233de741,68641619b90d9a1ca1069ae7,2025,Qtr 3,July,1,a1034d9a-1051-7074-049c-fb99233de741,I77RK3,URL,https://app.securetag.in/found
in.pixiverse.user.management.securetag.db.entity.QRCode,6864167cb90d9a1ca1069bd5,6864167ab90d9a1ca1069ae8,2025,Qtr 3,July,1,a1034d9a-1051-7074-049c-fb99233de741,68641619b90d9a1ca1069ae7,2025,Qtr 3,July,1,a1034d9a-1051-7074-049c-fb99233de741,AFJY4D,URL,https://app.securetag.in/found
in.pixiverse.user.management.securetag.db.entity.QRCode,6864167cb90d9a1ca1069bd6,6864167ab90d9a1ca1069ae8,2025,Qtr 3,July,1,a1034d9a-1051-7074-049c-fb99233de741,68641619b90d9a1ca1069ae7,2025,Qtr 3,July,1,a1034d9a-1051-7074-049c-fb99233de741,GRHP3C,URL,https://app.securetag.in/found
in.pixiverse.user.management.securetag.db.entity.QRCode,6864167cb90d9a1ca1069bd7,6864167ab90d9a1ca1069ae8,2025,Qtr 3,July,1,a1034d9a-1051-7074-049c-fb99233de741,68641619b90d9a1ca1069ae7,2025,Qtr 3,July,1,a1034d9a-1051-7074-049c-fb99233de741,BG6AMH,URL,https://app.securetag.in/found
in.pixiverse.user.management.securetag.db.entity.QRCode,6864167cb90d9a1ca1069bd8,6864167ab90d9a1ca1069ae8,2025,Qtr 3,July,1,a1034d9a-1051-7074-049c-fb99233de741,68641619b90d9a1ca1069ae7,2025,Qtr 3,July,1,a1034d9a-1051-7074-049c-fb99233de741,ZYT52F,URL,https://app.securetag.in/found
in.pixiverse.user.management.securetag.db.entity.QRCode,6864167cb90d9a1ca1069bd9,6864167ab90d9a1ca1069ae8,2025,Qtr 3,July,1,a1034d9a-1051-7074-049c-fb99233de741,68641619b90d9a1ca1069ae7,2025,Qtr 3,July,1,a1034d9a-1051-7074-049c-fb99233de741,APO8MD,URL,https://app.securetag.in/found
in.pixiverse.user.management.securetag.db.entity.QRCode,6864167cb90d9a1ca1069bda,6864167ab90d9a1ca1069ae8,2025,Qtr 3,July,1,a1034d9a-1051-7074-049c-fb99233de741,68641619b90d9a1ca1069ae7,2025,Qtr 3,July,1,a1034d9a-1051-7074-049c-fb99233de741,5QY19G,URL,https://app.securetag.in/found
in.pixiverse.user.management.securetag.db.entity.QRCode,6864167cb90d9a1ca1069bdb,6864167ab90d9a1ca1069ae8,2025,Qtr 3,July,1,a1034d9a-1051-7074-049c-fb99233de741,68641619b90d9a1ca1069ae7,2025,Qtr 3,July,1,a1034d9a-1051-7074-049c-fb99233de741,2E8N6S,URL,https://app.securetag.in/found
in.pixiverse.user.management.securetag.db.entity.QRCode,6864167cb90d9a1ca1069bdc,6864167ab90d9a1ca1069ae8,2025,Qtr 3,July,1,a1034d9a-1051-7074-049c-fb99233de741,68641619b90d9a1ca1069ae7,2025,Qtr 3,July,1,a1034d9a-1051-7074-049c-fb99233de741,3N21SY,URL,https://app.securetag.in/found
in.pixiverse.user.management.securetag.db.entity.QRCode,6864167cb90d9a1ca1069bdd,6864167ab90d9a1ca1069ae8,2025,Qtr 3,July,1,a1034d9a-1051-7074-049c-fb99233de741,68641619b90d9a1ca1069ae7,2025,Qtr 3,July,1,a1034d9a-1051-7074-049c-fb99233de741,FSDSPC,URL,https://app.securetag.in/found
in.pixiverse.user.management.securetag.db.entity.QRCode,6864167cb90d9a1ca1069bde,6864167ab90d9a1ca1069ae8,2025,Qtr 3,July,1,a1034d9a-1051-7074-049c-fb99233de741,68641619b90d9a1ca1069ae7,2025,Qtr 3,July,1,a1034d9a-1051-7074-049c-fb99233de741,NIWZ89,URL,https://app.securetag.in/found
in.pixiverse.user.management.securetag.db.entity.QRCode,6864167cb90d9a1ca1069bdf,6864167ab90d9a1ca1069ae8,2025,Qtr 3,July,1,a1034d9a-1051-7074-049c-fb99233de741,68641619b90d9a1ca1069ae7,2025,Qtr 3,July,1,a1034d9a-1051-7074-049c-fb99233de741,LYE2Z5,URL,https://app.securetag.in/found
in.pixiverse.user.management.securetag.db.entity.QRCode,6864167cb90d9a1ca1069be0,6864167ab90d9a1ca1069ae8,2025,Qtr 3,July,1,a1034d9a-1051-7074-049c-fb99233de741,68641619b90d9a1ca1069ae7,2025,Qtr 3,July,1,a1034d9a-1051-7074-049c-fb99233de741,M0PAXQ,URL,https://app.securetag.in/found
in.pixiverse.user.management.securetag.db.entity.QRCode,6864167cb90d9a1ca1069be1,6864167ab90d9a1ca1069ae8,2025,Qtr 3,July,1,a1034d9a-1051-7074-049c-fb99233de741,68641619b90d9a1ca1069ae7,2025,Qtr 3,July,1,a1034d9a-1051-7074-049c-fb99233de741,FX8EHB,URL,https://app.securetag.in/found
in.pixiverse.user.management.securetag.db.entity.QRCode,6864167cb90d9a1ca1069be2,6864167ab90d9a1ca1069ae8,2025,Qtr 3,July,1,a1034d9a-1051-7074-049c-fb99233de741,68641619b90d9a1ca1069ae7,2025,Qtr 3,July,1,a1034d9a-1051-7074-049c-fb99233de741,7FS8CC,URL,https://app.securetag.in/found
in.pixiverse.user.management.securetag.db.entity.QRCode,686417acb90d9a1ca1069be4,686417acb90d9a1ca1069be3,2025,Qtr 3,July,1,a1034d9a-1051-7074-049c-fb99233de741,68641619b90d9a1ca1069ae7,2025,Qtr 3,July,1,a1034d9a-1051-7074-049c-fb99233de741,6PVK2V,URL,https://app.securetag.in/found
in.pixiverse.user.management.securetag.db.entity.QRCode,686417acb90d9a1ca1069be5,686417acb90d9a1ca1069be3,2025,Qtr 3,July,1,a1034d9a-1051-7074-049c-fb99233de741,68641619b90d9a1ca1069ae7,2025,Qtr 3,July,1,a1034d9a-1051-7074-049c-fb99233de741,OL66GD,URL,https://app.securetag.in/found
in.pixiverse.user.management.securetag.db.entity.QRCode,686417acb90d9a1ca1069be6,686417acb90d9a1ca1069be3,2025,Qtr 3,July,1,a1034d9a-1051-7074-049c-fb99233de741,68641619b90d9a1ca1069ae7,2025,Qtr 3,July,1,a1034d9a-1051-7074-049c-fb99233de741,ZOFYVW,URL,https://app.securetag.in/found
in.pixiverse.user.management.securetag.db.entity.QRCode,686417acb90d9a1ca1069be7,686417acb90d9a1ca1069be3,2025,Qtr 3,July,1,a1034d9a-1051-7074-049c-fb99233de741,68641619b90d9a1ca1069ae7,2025,Qtr 3,July,1,a1034d9a-1051-7074-049c-fb99233de741,FSIJ38,URL,https://app.securetag.in/found
in.pixiverse.user.management.securetag.db.entity.QRCode,686417acb90d9a1ca1069be8,686417acb90d9a1ca1069be3,2025,Qtr 3,July,1,a1034d9a-1051-7074-049c-fb99233de741,68641619b90d9a1ca1069ae7,2025,Qtr 3,July,1,a1034d9a-1051-7074-049c-fb99233de741,Q142KI,URL,https://app.securetag.in/found
in.pixiverse.user.management.securetag.db.entity.QRCode,686417acb90d9a1ca1069be9,686417acb90d9a1ca1069be3,2025,Qtr 3,July,1,a1034d9a-1051-7074-049c-fb99233de741,68641619b90d9a1ca1069ae7,2025,Qtr 3,July,1,a1034d9a-1051-7074-049c-fb99233de741,T5E96O,URL,https://app.securetag.in/found
in.pixiverse.user.management.securetag.db.entity.QRCode,686417acb90d9a1ca1069bea,686417acb90d9a1ca1069be3,2025,Qtr 3,July,1,a1034d9a-1051-7074-049c-fb99233de741,68641619b90d9a1ca1069ae7,2025,Qtr 3,July,1,a1034d9a-1051-7074-049c-fb99233de741,HLM81V,URL,https://app.securetag.in/found
in.pixiverse.user.management.securetag.db.entity.QRCode,686417acb90d9a1ca1069beb,686417acb90d9a1ca1069be3,2025,Qtr 3,July,1,a1034d9a-1051-7074-049c-fb99233de741,68641619b90d9a1ca1069ae7,2025,Qtr 3,July,1,a1034d9a-1051-7074-049c-fb99233de741,Y9BZWW,URL,https://app.securetag.in/found
in.pixiverse.user.management.securetag.db.entity.QRCode,686417acb90d9a1ca1069bec,686417acb90d9a1ca1069be3,2025,Qtr 3,July,1,a1034d9a-1051-7074-049c-fb99233de741,68641619b90d9a1ca1069ae7,2025,Qtr 3,July,1,a1034d9a-1051-7074-049c-fb99233de741,4MFFB5,URL,https://app.securetag.in/found
in.pixiverse.user.management.securetag.db.entity.QRCode,686417acb90d9a1ca1069bed,686417acb90d9a1ca1069be3,2025,Qtr 3,July,1,a1034d9a-1051-7074-049c-fb99233de741,68641619b90d9a1ca1069ae7,2025,Qtr 3,July,1,a1034d9a-1051-7074-049c-fb99233de741,JR6AV1,URL,https://app.securetag.in/found
in.pixiverse.user.management.securetag.db.entity.QRCode,686417acb90d9a1ca1069bee,686417acb90d9a1ca1069be3,2025,Qtr 3,July,1,a1034d9a-1051-7074-049c-fb99233de741,68641619b90d9a1ca1069ae7,2025,Qtr 3,July,1,a1034d9a-1051-7074-049c-fb99233de741,YJGZWF,URL,https://app.securetag.in/found
in.pixiverse.user.management.securetag.db.entity.QRCode,686417acb90d9a1ca1069bef,686417acb90d9a1ca1069be3,2025,Qtr 3,July,1,a1034d9a-1051-7074-049c-fb99233de741,68641619b90d9a1ca1069ae7,2025,Qtr 3,July,1,a1034d9a-1051-7074-049c-fb99233de741,QFQH4Q,URL,https://app.securetag.in/found
in.pixiverse.user.management.securetag.db.entity.QRCode,686417acb90d9a1ca1069bf0,686417acb90d9a1ca1069be3,2025,Qtr 3,July,1,a1034d9a-1051-7074-049c-fb99233de741,68641619b90d9a1ca1069ae7,2025,Qtr 3,July,1,a1034d9a-1051-7074-049c-fb99233de741,WLLM6W,URL,https://app.securetag.in/found
in.pixiverse.user.management.securetag.db.entity.QRCode,686417acb90d9a1ca1069bf1,686417acb90d9a1ca1069be3,2025,Qtr 3,July,1,a1034d9a-1051-7074-049c-fb99233de741,68641619b90d9a1ca1069ae7,2025,Qtr 3,July,1,a1034d9a-1051-7074-049c-fb99233de741,JBW9Q2,URL,https://app.securetag.in/found
in.pixiverse.user.management.securetag.db.entity.QRCode,686417acb90d9a1ca1069bf2,686417acb90d9a1ca1069be3,2025,Qtr 3,July,1,a1034d9a-1051-7074-049c-fb99233de741,68641619b90d9a1ca1069ae7,2025,Qtr 3,July,1,a1034d9a-1051-7074-049c-fb99233de741,05IKUD,URL,https://app.securetag.in/found
in.pixiverse.user.management.securetag.db.entity.QRCode,686417acb90d9a1ca1069bf3,686417acb90d9a1ca1069be3,2025,Qtr 3,July,1,a1034d9a-1051-7074-049c-fb99233de741,68641619b90d9a1ca1069ae7,2025,Qtr 3,July,1,a1034d9a-1051-7074-049c-fb99233de741,V664XZ,URL,https://app.securetag.in/found
in.pixiverse.user.management.securetag.db.entity.QRCode,686417acb90d9a1ca1069bf4,686417acb90d9a1ca1069be3,2025,Qtr 3,July,1,a1034d9a-1051-7074-049c-fb99233de741,68641619b90d9a1ca1069ae7,2025,Qtr 3,July,1,a1034d9a-1051-7074-049c-fb99233de741,5W62RX,URL,https://app.securetag.in/found
in.pixiverse.user.management.securetag.db.entity.QRCode,686417acb90d9a1ca1069bf5,686417acb90d9a1ca1069be3,2025,Qtr 3,July,1,a1034d9a-1051-7074-049c-fb99233de741,68641619b90d9a1ca1069ae7,2025,Qtr 3,July,1,a1034d9a-1051-7074-049c-fb99233de741,Q5B310,URL,https://app.securetag.in/found
in.pixiverse.user.management.securetag.db.entity.QRCode,686417acb90d9a1ca1069bf6,686417acb90d9a1ca1069be3,2025,Qtr 3,July,1,a1034d9a-1051-7074-049c-fb99233de741,68641619b90d9a1ca1069ae7,2025,Qtr 3,July,1,a1034d9a-1051-7074-049c-fb99233de741,QKEY7M,URL,https://app.securetag.in/found
in.pixiverse.user.management.securetag.db.entity.QRCode,686417acb90d9a1ca1069bf7,686417acb90d9a1ca1069be3,2025,Qtr 3,July,1,a1034d9a-1051-7074-049c-fb99233de741,68641619b90d9a1ca1069ae7,2025,Qtr 3,July,1,a1034d9a-1051-7074-049c-fb99233de741,IBB4OT,URL,https://app.securetag.in/found
in.pixiverse.user.management.securetag.db.entity.QRCode,686417acb90d9a1ca1069bf8,686417acb90d9a1ca1069be3,2025,Qtr 3,July,1,a1034d9a-1051-7074-049c-fb99233de741,68641619b90d9a1ca1069ae7,2025,Qtr 3,July,1,a1034d9a-1051-7074-049c-fb99233de741,YFKSDO,URL,https://app.securetag.in/found
in.pixiverse.user.management.securetag.db.entity.QRCode,686417acb90d9a1ca1069bf9,686417acb90d9a1ca1069be3,2025,Qtr 3,July,1,a1034d9a-1051-7074-049c-fb99233de741,68641619b90d9a1ca1069ae7,2025,Qtr 3,July,1,a1034d9a-1051-7074-049c-fb99233de741,8LCPHG,URL,https://app.securetag.in/found
in.pixiverse.user.management.securetag.db.entity.QRCode,686417acb90d9a1ca1069bfa,686417acb90d9a1ca1069be3,2025,Qtr 3,July,1,a1034d9a-1051-7074-049c-fb99233de741,68641619b90d9a1ca1069ae7,2025,Qtr 3,July,1,a1034d9a-1051-7074-049c-fb99233de741,XGLU73,URL,https://app.securetag.in/found
in.pixiverse.user.management.securetag.db.entity.QRCode,686417acb90d9a1ca1069bfb,686417acb90d9a1ca1069be3,2025,Qtr 3,July,1,a1034d9a-1051-7074-049c-fb99233de741,68641619b90d9a1ca1069ae7,2025,Qtr 3,July,1,a1034d9a-1051-7074-049c-fb99233de741,JZSHR1,URL,https://app.securetag.in/found
in.pixiverse.user.management.securetag.db.entity.QRCode,686417acb90d9a1ca1069bfc,686417acb90d9a1ca1069be3,2025,Qtr 3,July,1,a1034d9a-1051-7074-049c-fb99233de741,68641619b90d9a1ca1069ae7,2025,Qtr 3,July,1,a1034d9a-1051-7074-049c-fb99233de741,K1JD21,URL,https://app.securetag.in/found
in.pixiverse.user.management.securetag.db.entity.QRCode,686417acb90d9a1ca1069bfd,686417acb90d9a1ca1069be3,2025,Qtr 3,July,1,a1034d9a-1051-7074-049c-fb99233de741,68641619b90d9a1ca1069ae7,2025,Qtr 3,July,1,a1034d9a-1051-7074-049c-fb99233de741,RA30QC,URL,https://app.securetag.in/found
in.pixiverse.user.management.securetag.db.entity.QRCode,686417acb90d9a1ca1069bfe,686417acb90d9a1ca1069be3,2025,Qtr 3,July,1,a1034d9a-1051-7074-049c-fb99233de741,68641619b90d9a1ca1069ae7,2025,Qtr 3,July,1,a1034d9a-1051-7074-049c-fb99233de741,7FZVXH,URL,https://app.securetag.in/found
in.pixiverse.user.management.securetag.db.entity.QRCode,686417acb90d9a1ca1069bff,686417acb90d9a1ca1069be3,2025,Qtr 3,July,1,a1034d9a-1051-7074-049c-fb99233de741,68641619b90d9a1ca1069ae7,2025,Qtr 3,July,1,a1034d9a-1051-7074-049c-fb99233de741,I11ENU,URL,https://app.securetag.in/found
in.pixiverse.user.management.securetag.db.entity.QRCode,686417acb90d9a1ca1069c00,686417acb90d9a1ca1069be3,2025,Qtr 3,July,1,a1034d9a-1051-7074-049c-fb99233de741,68641619b90d9a1ca1069ae7,2025,Qtr 3,July,1,a1034d9a-1051-7074-049c-fb99233de741,0LDJAQ,URL,https://app.securetag.in/found
in.pixiverse.user.management.securetag.db.entity.QRCode,686417acb90d9a1ca1069c01,686417acb90d9a1ca1069be3,2025,Qtr 3,July,1,a1034d9a-1051-7074-049c-fb99233de741,68641619b90d9a1ca1069ae7,2025,Qtr 3,July,1,a1034d9a-1051-7074-049c-fb99233de741,P4JE7L,URL,https://app.securetag.in/found
in.pixiverse.user.management.securetag.db.entity.QRCode,686417acb90d9a1ca1069c02,686417acb90d9a1ca1069be3,2025,Qtr 3,July,1,a1034d9a-1051-7074-049c-fb99233de741,68641619b90d9a1ca1069ae7,2025,Qtr 3,July,1,a1034d9a-1051-7074-049c-fb99233de741,35W7RJ,URL,https://app.securetag.in/found
in.pixiverse.user.management.securetag.db.entity.QRCode,686417acb90d9a1ca1069c03,686417acb90d9a1ca1069be3,2025,Qtr 3,July,1,a1034d9a-1051-7074-049c-fb99233de741,68641619b90d9a1ca1069ae7,2025,Qtr 3,July,1,a1034d9a-1051-7074-049c-fb99233de741,ATI7KE,URL,https://app.securetag.in/found
in.pixiverse.user.management.securetag.db.entity.QRCode,686417acb90d9a1ca1069c04,686417acb90d9a1ca1069be3,2025,Qtr 3,July,1,a1034d9a-1051-7074-049c-fb99233de741,68641619b90d9a1ca1069ae7,2025,Qtr 3,July,1,a1034d9a-1051-7074-049c-fb99233de741,LZ26GE,URL,https://app.securetag.in/found
in.pixiverse.user.management.securetag.db.entity.QRCode,686417acb90d9a1ca1069c05,686417acb90d9a1ca1069be3,2025,Qtr 3,July,1,a1034d9a-1051-7074-049c-fb99233de741,68641619b90d9a1ca1069ae7,2025,Qtr 3,July,1,a1034d9a-1051-7074-049c-fb99233de741,72V849,URL,https://app.securetag.in/found
in.pixiverse.user.management.securetag.db.entity.QRCode,686417acb90d9a1ca1069c06,686417acb90d9a1ca1069be3,2025,Qtr 3,July,1,a1034d9a-1051-7074-049c-fb99233de741,68641619b90d9a1ca1069ae7,2025,Qtr 3,July,1,a1034d9a-1051-7074-049c-fb99233de741,E7198P,URL,https://app.securetag.in/found
in.pixiverse.user.management.securetag.db.entity.QRCode,686417acb90d9a1ca1069c07,686417acb90d9a1ca1069be3,2025,Qtr 3,July,1,a1034d9a-1051-7074-049c-fb99233de741,68641619b90d9a1ca1069ae7,2025,Qtr 3,July,1,a1034d9a-1051-7074-049c-fb99233de741,BLVD7V,URL,https://app.securetag.in/found
in.pixiverse.user.management.securetag.db.entity.QRCode,686417acb90d9a1ca1069c08,686417acb90d9a1ca1069be3,2025,Qtr 3,July,1,a1034d9a-1051-7074-049c-fb99233de741,68641619b90d9a1ca1069ae7,2025,Qtr 3,July,1,a1034d9a-1051-7074-049c-fb99233de741,O3L1SI,URL,https://app.securetag.in/found
in.pixiverse.user.management.securetag.db.entity.QRCode,686417acb90d9a1ca1069c09,686417acb90d9a1ca1069be3,2025,Qtr 3,July,1,a1034d9a-1051-7074-049c-fb99233de741,68641619b90d9a1ca1069ae7,2025,Qtr 3,July,1,a1034d9a-1051-7074-049c-fb99233de741,DC4VZ4,URL,https://app.securetag.in/found
in.pixiverse.user.management.securetag.db.entity.QRCode,686417acb90d9a1ca1069c0a,686417acb90d9a1ca1069be3,2025,Qtr 3,July,1,a1034d9a-1051-7074-049c-fb99233de741,68641619b90d9a1ca1069ae7,2025,Qtr 3,July,1,a1034d9a-1051-7074-049c-fb99233de741,FGB0C9,URL,https://app.securetag.in/found
in.pixiverse.user.management.securetag.db.entity.QRCode,686417acb90d9a1ca1069c0b,686417acb90d9a1ca1069be3,2025,Qtr 3,July,1,a1034d9a-1051-7074-049c-fb99233de741,68641619b90d9a1ca1069ae7,2025,Qtr 3,July,1,a1034d9a-1051-7074-049c-fb99233de741,K8VYNP,URL,https://app.securetag.in/found
in.pixiverse.user.management.securetag.db.entity.QRCode,686417acb90d9a1ca1069c0c,686417acb90d9a1ca1069be3,2025,Qtr 3,July,1,a1034d9a-1051-7074-049c-fb99233de741,68641619b90d9a1ca1069ae7,2025,Qtr 3,July,1,a1034d9a-1051-7074-049c-fb99233de741,HZG9NC,URL,https://app.securetag.in/found
in.pixiverse.user.management.securetag.db.entity.QRCode,686417acb90d9a1ca1069c0d,686417acb90d9a1ca1069be3,2025,Qtr 3,July,1,a1034d9a-1051-7074-049c-fb99233de741,68641619b90d9a1ca1069ae7,2025,Qtr 3,July,1,a1034d9a-1051-7074-049c-fb99233de741,QPP7LG,URL,https://app.securetag.in/found
in.pixiverse.user.management.securetag.db.entity.QRCode,686417acb90d9a1ca1069c0e,686417acb90d9a1ca1069be3,2025,Qtr 3,July,1,a1034d9a-1051-7074-049c-fb99233de741,68641619b90d9a1ca1069ae7,2025,Qtr 3,July,1,a1034d9a-1051-7074-049c-fb99233de741,L6HQVY,URL,https://app.securetag.in/found
in.pixiverse.user.management.securetag.db.entity.QRCode,686417acb90d9a1ca1069c0f,686417acb90d9a1ca1069be3,2025,Qtr 3,July,1,a1034d9a-1051-7074-049c-fb99233de741,68641619b90d9a1ca1069ae7,2025,Qtr 3,July,1,a1034d9a-1051-7074-049c-fb99233de741,1H8YMW,URL,https://app.securetag.in/found
in.pixiverse.user.management.securetag.db.entity.QRCode,686417acb90d9a1ca1069c10,686417acb90d9a1ca1069be3,2025,Qtr 3,July,1,a1034d9a-1051-7074-049c-fb99233de741,68641619b90d9a1ca1069ae7,2025,Qtr 3,July,1,a1034d9a-1051-7074-049c-fb99233de741,Q7PDKS,URL,https://app.securetag.in/found
in.pixiverse.user.management.securetag.db.entity.QRCode,686417acb90d9a1ca1069c11,686417acb90d9a1ca1069be3,2025,Qtr 3,July,1,a1034d9a-1051-7074-049c-fb99233de741,68641619b90d9a1ca1069ae7,2025,Qtr 3,July,1,a1034d9a-1051-7074-049c-fb99233de741,HY0PJR,URL,https://app.securetag.in/found
in.pixiverse.user.management.securetag.db.entity.QRCode,686417acb90d9a1ca1069c12,686417acb90d9a1ca1069be3,2025,Qtr 3,July,1,a1034d9a-1051-7074-049c-fb99233de741,68641619b90d9a1ca1069ae7,2025,Qtr 3,July,1,a1034d9a-1051-7074-049c-fb99233de741,KSZQED,URL,https://app.securetag.in/found
in.pixiverse.user.management.securetag.db.entity.QRCode,686417acb90d9a1ca1069c13,686417acb90d9a1ca1069be3,2025,Qtr 3,July,1,a1034d9a-1051-7074-049c-fb99233de741,68641619b90d9a1ca1069ae7,2025,Qtr 3,July,1,a1034d9a-1051-7074-049c-fb99233de741,MO3AGX,URL,https://app.securetag.in/found
in.pixiverse.user.management.securetag.db.entity.QRCode,686417acb90d9a1ca1069c14,686417acb90d9a1ca1069be3,2025,Qtr 3,July,1,a1034d9a-1051-7074-049c-fb99233de741,68641619b90d9a1ca1069ae7,2025,Qtr 3,July,1,a1034d9a-1051-7074-049c-fb99233de741,T5WPK8,URL,https://app.securetag.in/found
in.pixiverse.user.management.securetag.db.entity.QRCode,686417acb90d9a1ca1069c15,686417acb90d9a1ca1069be3,2025,Qtr 3,July,1,a1034d9a-1051-7074-049c-fb99233de741,68641619b90d9a1ca1069ae7,2025,Qtr 3,July,1,a1034d9a-1051-7074-049c-fb99233de741,XKLZ0L,URL,https://app.securetag.in/found
in.pixiverse.user.management.securetag.db.entity.QRCode,686417acb90d9a1ca1069c16,686417acb90d9a1ca1069be3,2025,Qtr 3,July,1,a1034d9a-1051-7074-049c-fb99233de741,68641619b90d9a1ca1069ae7,2025,Qtr 3,July,1,a1034d9a-1051-7074-049c-fb99233de741,STBIPF,URL,https://app.securetag.in/found
in.pixiverse.user.management.securetag.db.entity.QRCode,686417acb90d9a1ca1069c17,686417acb90d9a1ca1069be3,2025,Qtr 3,July,1,a1034d9a-1051-7074-049c-fb99233de741,68641619b90d9a1ca1069ae7,2025,Qtr 3,July,1,a1034d9a-1051-7074-049c-fb99233de741,KV5UW8,URL,https://app.securetag.in/found
in.pixiverse.user.management.securetag.db.entity.QRCode,686417acb90d9a1ca1069c18,686417acb90d9a1ca1069be3,2025,Qtr 3,July,1,a1034d9a-1051-7074-049c-fb99233de741,68641619b90d9a1ca1069ae7,2025,Qtr 3,July,1,a1034d9a-1051-7074-049c-fb99233de741,JLBJN4,URL,https://app.securetag.in/found
in.pixiverse.user.management.securetag.db.entity.QRCode,686417acb90d9a1ca1069c19,686417acb90d9a1ca1069be3,2025,Qtr 3,July,1,a1034d9a-1051-7074-049c-fb99233de741,68641619b90d9a1ca1069ae7,2025,Qtr 3,July,1,a1034d9a-1051-7074-049c-fb99233de741,H1I5M7,URL,https://app.securetag.in/found
in.pixiverse.user.management.securetag.db.entity.QRCode,686417acb90d9a1ca1069c1a,686417acb90d9a1ca1069be3,2025,Qtr 3,July,1,a1034d9a-1051-7074-049c-fb99233de741,68641619b90d9a1ca1069ae7,2025,Qtr 3,July,1,a1034d9a-1051-7074-049c-fb99233de741,28WRRC,URL,https://app.securetag.in/found
in.pixiverse.user.management.securetag.db.entity.QRCode,686417acb90d9a1ca1069c1b,686417acb90d9a1ca1069be3,2025,Qtr 3,July,1,a1034d9a-1051-7074-049c-fb99233de741,68641619b90d9a1ca1069ae7,2025,Qtr 3,July,1,a1034d9a-1051-7074-049c-fb99233de741,VC0E6R,URL,https://app.securetag.in/found
in.pixiverse.user.management.securetag.db.entity.QRCode,686417acb90d9a1ca1069c1c,686417acb90d9a1ca1069be3,2025,Qtr 3,July,1,a1034d9a-1051-7074-049c-fb99233de741,68641619b90d9a1ca1069ae7,2025,Qtr 3,July,1,a1034d9a-1051-7074-049c-fb99233de741,N8SBZD,URL,https://app.securetag.in/found
in.pixiverse.user.management.securetag.db.entity.QRCode,686417acb90d9a1ca1069c1d,686417acb90d9a1ca1069be3,2025,Qtr 3,July,1,a1034d9a-1051-7074-049c-fb99233de741,68641619b90d9a1ca1069ae7,2025,Qtr 3,July,1,a1034d9a-1051-7074-049c-fb99233de741,TS3OEB,URL,https://app.securetag.in/found
in.pixiverse.user.management.securetag.db.entity.QRCode,686417acb90d9a1ca1069c1e,686417acb90d9a1ca1069be3,2025,Qtr 3,July,1,a1034d9a-1051-7074-049c-fb99233de741,68641619b90d9a1ca1069ae7,2025,Qtr 3,July,1,a1034d9a-1051-7074-049c-fb99233de741,1HZ1JF,URL,https://app.securetag.in/found
in.pixiverse.user.management.securetag.db.entity.QRCode,686417acb90d9a1ca1069c1f,686417acb90d9a1ca1069be3,2025,Qtr 3,July,1,a1034d9a-1051-7074-049c-fb99233de741,68641619b90d9a1ca1069ae7,2025,Qtr 3,July,1,a1034d9a-1051-7074-049c-fb99233de741,A5FLW8,URL,https://app.securetag.in/found
in.pixiverse.user.management.securetag.db.entity.QRCode,6864e7e3b90d9a1ca1069c7c,6864e7e3b90d9a1ca1069c7b,2025,Qtr 3,July,2,a1034d9a-1051-7074-049c-fb99233de741,66702dcb1e556463c0433817,2025,Qtr 3,July,2,a1034d9a-1051-7074-049c-fb99233de741,VPUYU3,URL,https://app.securetag.in/found
in.pixiverse.user.management.securetag.db.entity.QRCode,6864e7e3b90d9a1ca1069c7d,6864e7e3b90d9a1ca1069c7b,2025,Qtr 3,July,2,a1034d9a-1051-7074-049c-fb99233de741,66702dcb1e556463c0433817,2025,Qtr 3,July,2,a1034d9a-1051-7074-049c-fb99233de741,SXISN6,URL,https://app.securetag.in/found
in.pixiverse.user.management.securetag.db.entity.QRCode,6864e7e3b90d9a1ca1069c7e,6864e7e3b90d9a1ca1069c7b,2025,Qtr 3,July,2,a1034d9a-1051-7074-049c-fb99233de741,66702dcb1e556463c0433817,2025,Qtr 3,July,2,a1034d9a-1051-7074-049c-fb99233de741,XT8VST,URL,https://app.securetag.in/found
in.pixiverse.user.management.securetag.db.entity.QRCode,6864e7e3b90d9a1ca1069c7f,6864e7e3b90d9a1ca1069c7b,2025,Qtr 3,July,2,a1034d9a-1051-7074-049c-fb99233de741,66702dcb1e556463c0433817,2025,Qtr 3,July,2,a1034d9a-1051-7074-049c-fb99233de741,UJ2K2K,URL,https://app.securetag.in/found
in.pixiverse.user.management.securetag.db.entity.QRCode,6864e7e3b90d9a1ca1069c80,6864e7e3b90d9a1ca1069c7b,2025,Qtr 3,July,2,a1034d9a-1051-7074-049c-fb99233de741,66702dcb1e556463c0433817,2025,Qtr 3,July,2,a1034d9a-1051-7074-049c-fb99233de741,IJV0KT,URL,https://app.securetag.in/found
in.pixiverse.user.management.securetag.db.entity.QRCode,6864e818b90d9a1ca1069c82,6864e818b90d9a1ca1069c81,2025,Qtr 3,July,2,a1034d9a-1051-7074-049c-fb99233de741,6670279c1e556463c043380a,2025,Qtr 3,July,2,a1034d9a-1051-7074-049c-fb99233de741,MSNSCS,URL,https://app.securetag.in/found
in.pixiverse.user.management.securetag.db.entity.QRCode,6864e818b90d9a1ca1069c83,6864e818b90d9a1ca1069c81,2025,Qtr 3,July,2,a1034d9a-1051-7074-049c-fb99233de741,6670279c1e556463c043380a,2025,Qtr 3,July,2,a1034d9a-1051-7074-049c-fb99233de741,QLQAQ1,URL,https://app.securetag.in/found
in.pixiverse.user.management.securetag.db.entity.QRCode,6864e818b90d9a1ca1069c84,6864e818b90d9a1ca1069c81,2025,Qtr 3,July,2,a1034d9a-1051-7074-049c-fb99233de741,6670279c1e556463c043380a,2025,Qtr 3,July,2,a1034d9a-1051-7074-049c-fb99233de741,Q1CSPK,URL,https://app.securetag.in/found
in.pixiverse.user.management.securetag.db.entity.QRCode,6864e818b90d9a1ca1069c85,6864e818b90d9a1ca1069c81,2025,Qtr 3,July,2,a1034d9a-1051-7074-049c-fb99233de741,6670279c1e556463c043380a,2025,Qtr 3,July,2,a1034d9a-1051-7074-049c-fb99233de741,AH70DA,URL,https://app.securetag.in/found
in.pixiverse.user.management.securetag.db.entity.QRCode,6864e818b90d9a1ca1069c86,6864e818b90d9a1ca1069c81,2025,Qtr 3,July,2,a1034d9a-1051-7074-049c-fb99233de741,6670279c1e556463c043380a,2025,Qtr 3,July,2,a1034d9a-1051-7074-049c-fb99233de741,O1VN50,URL,https://app.securetag.in/found
in.pixiverse.user.management.securetag.db.entity.QRCode,6864e886b90d9a1ca1069c88,6864e886b90d9a1ca1069c87,2025,Qtr 3,July,2,a1034d9a-1051-7074-049c-fb99233de741,6632d385382ecd43e5d5bb03,2025,Qtr 3,July,2,a1034d9a-1051-7074-049c-fb99233de741,C0PY2M,URL,https://app.securetag.in/found
in.pixiverse.user.management.securetag.db.entity.QRCode,6864e886b90d9a1ca1069c89,6864e886b90d9a1ca1069c87,2025,Qtr 3,July,2,a1034d9a-1051-7074-049c-fb99233de741,6632d385382ecd43e5d5bb03,2025,Qtr 3,July,2,a1034d9a-1051-7074-049c-fb99233de741,CB0ZS5,URL,https://app.securetag.in/found
in.pixiverse.user.management.securetag.db.entity.QRCode,6864e886b90d9a1ca1069c8a,6864e886b90d9a1ca1069c87,2025,Qtr 3,July,2,a1034d9a-1051-7074-049c-fb99233de741,6632d385382ecd43e5d5bb03,2025,Qtr 3,July,2,a1034d9a-1051-7074-049c-fb99233de741,CD9DW0,URL,https://app.securetag.in/found
in.pixiverse.user.management.securetag.db.entity.QRCode,6864e886b90d9a1ca1069c8b,6864e886b90d9a1ca1069c87,2025,Qtr 3,July,2,a1034d9a-1051-7074-049c-fb99233de741,6632d385382ecd43e5d5bb03,2025,Qtr 3,July,2,a1034d9a-1051-7074-049c-fb99233de741,3XEXPA,URL,https://app.securetag.in/found
in.pixiverse.user.management.securetag.db.entity.QRCode,6864e886b90d9a1ca1069c8c,6864e886b90d9a1ca1069c87,2025,Qtr 3,July,2,a1034d9a-1051-7074-049c-fb99233de741,6632d385382ecd43e5d5bb03,2025,Qtr 3,July,2,a1034d9a-1051-7074-049c-fb99233de741,5K9SBS,URL,https://app.securetag.in/found
in.pixiverse.user.management.securetag.db.entity.QRCode,686695a7b90d9a1ca1069cf3,686695a7b90d9a1ca1069cf2,2025,Qtr 3,July,3,a1034d9a-1051-7074-049c-fb99233de741,66a28bce361f465a40c2d27a,2025,Qtr 3,July,3,a1034d9a-1051-7074-049c-fb99233de741,QG9K70,URL,https://app.securetag.in/found
in.pixiverse.user.management.securetag.db.entity.QRCode,686696b6b90d9a1ca1069cf5,686696b6b90d9a1ca1069cf4,2025,Qtr 3,July,3,a1034d9a-1051-7074-049c-fb99233de741,66a28bce361f465a40c2d27a,2025,Qtr 3,July,3,a1034d9a-1051-7074-049c-fb99233de741,PZNS7Z,URL,https://app.securetag.in/found
in.pixiverse.user.management.securetag.db.entity.QRCode,68678aa37c354224b906c32b,68678aa37c354224b906c32a,2025,Qtr 3,July,4,a1034d9a-1051-7074-049c-fb99233de741,6680e16c98c9713daae37bc4,2025,Qtr 3,July,4,a1034d9a-1051-7074-049c-fb99233de741,PX2J6V,URL,https://app.securetag.in/found
in.pixiverse.user.management.securetag.db.entity.QRCode,68678aa37c354224b906c32c,68678aa37c354224b906c32a,2025,Qtr 3,July,4,a1034d9a-1051-7074-049c-fb99233de741,6680e16c98c9713daae37bc4,2025,Qtr 3,July,4,a1034d9a-1051-7074-049c-fb99233de741,X7H21T,URL,https://app.securetag.in/found
in.pixiverse.user.management.securetag.db.entity.QRCode,68678aa37c354224b906c32d,68678aa37c354224b906c32a,2025,Qtr 3,July,4,a1034d9a-1051-7074-049c-fb99233de741,6680e16c98c9713daae37bc4,2025,Qtr 3,July,4,a1034d9a-1051-7074-049c-fb99233de741,3ZIOC1,URL,https://app.securetag.in/found
in.pixiverse.user.management.securetag.db.entity.QRCode,68678aa37c354224b906c32e,68678aa37c354224b906c32a,2025,Qtr 3,July,4,a1034d9a-1051-7074-049c-fb99233de741,6680e16c98c9713daae37bc4,2025,Qtr 3,July,4,a1034d9a-1051-7074-049c-fb99233de741,XU7S0S,URL,https://app.securetag.in/found
in.pixiverse.user.management.securetag.db.entity.QRCode,68678aa37c354224b906c32f,68678aa37c354224b906c32a,2025,Qtr 3,July,4,a1034d9a-1051-7074-049c-fb99233de741,6680e16c98c9713daae37bc4,2025,Qtr 3,July,4,a1034d9a-1051-7074-049c-fb99233de741,08204K,URL,https://app.securetag.in/found
in.pixiverse.user.management.securetag.db.entity.QRCode,687a65034b06e70430f4076a,687a65034b06e70430f40769,2025,Qtr 3,July,18,a1034d9a-1051-7074-049c-fb99233de741,6632d387382ecd43e5d5bb06,2025,Qtr 3,July,18,a1034d9a-1051-7074-049c-fb99233de741,G62KHA,URL,https://app.securetag.in/found
in.pixiverse.user.management.securetag.db.entity.QRCode,687d2ce74b06e70430f4082c,687d2ce64b06e70430f4082b,2025,Qtr 3,July,20,31033dfa-e0c1-7037-1fc6-3a58046231da,687d2c784b06e70430f4082a,2025,Qtr 3,July,20,31033dfa-e0c1-7037-1fc6-3a58046231da,T4XS4N,URL,https://app.securetag.in/found
in.pixiverse.user.management.securetag.db.entity.QRCode,687d2ce74b06e70430f4082d,687d2ce64b06e70430f4082b,2025,Qtr 3,July,20,31033dfa-e0c1-7037-1fc6-3a58046231da,687d2c784b06e70430f4082a,2025,Qtr 3,July,20,31033dfa-e0c1-7037-1fc6-3a58046231da,GKUGUZ,URL,https://app.securetag.in/found
in.pixiverse.user.management.securetag.db.entity.QRCode,687d2ce74b06e70430f4082e,687d2ce64b06e70430f4082b,2025,Qtr 3,July,20,31033dfa-e0c1-7037-1fc6-3a58046231da,687d2c784b06e70430f4082a,2025,Qtr 3,July,20,31033dfa-e0c1-7037-1fc6-3a58046231da,2NQ1KZ,URL,https://app.securetag.in/found
in.pixiverse.user.management.securetag.db.entity.QRCode,687d2ce74b06e70430f4082f,687d2ce64b06e70430f4082b,2025,Qtr 3,July,20,31033dfa-e0c1-7037-1fc6-3a58046231da,687d2c784b06e70430f4082a,2025,Qtr 3,July,20,31033dfa-e0c1-7037-1fc6-3a58046231da,N1HBVO,URL,https://app.securetag.in/found
in.pixiverse.user.management.securetag.db.entity.QRCode,687d2ce74b06e70430f40830,687d2ce64b06e70430f4082b,2025,Qtr 3,July,20,31033dfa-e0c1-7037-1fc6-3a58046231da,687d2c784b06e70430f4082a,2025,Qtr 3,July,20,31033dfa-e0c1-7037-1fc6-3a58046231da,022LWE,URL,https://app.securetag.in/found
in.pixiverse.user.management.securetag.db.entity.QRCode,687d2ce74b06e70430f40831,687d2ce64b06e70430f4082b,2025,Qtr 3,July,20,31033dfa-e0c1-7037-1fc6-3a58046231da,687d2c784b06e70430f4082a,2025,Qtr 3,July,20,31033dfa-e0c1-7037-1fc6-3a58046231da,Q1EIDO,URL,https://app.securetag.in/found
in.pixiverse.user.management.securetag.db.entity.QRCode,687d2ce74b06e70430f40832,687d2ce64b06e70430f4082b,2025,Qtr 3,July,20,31033dfa-e0c1-7037-1fc6-3a58046231da,687d2c784b06e70430f4082a,2025,Qtr 3,July,20,31033dfa-e0c1-7037-1fc6-3a58046231da,7B15D5,URL,https://app.securetag.in/found
in.pixiverse.user.management.securetag.db.entity.QRCode,687d2ce74b06e70430f40833,687d2ce64b06e70430f4082b,2025,Qtr 3,July,20,31033dfa-e0c1-7037-1fc6-3a58046231da,687d2c784b06e70430f4082a,2025,Qtr 3,July,20,31033dfa-e0c1-7037-1fc6-3a58046231da,D1WZ03,URL,https://app.securetag.in/found
in.pixiverse.user.management.securetag.db.entity.QRCode,687d2ce74b06e70430f40834,687d2ce64b06e70430f4082b,2025,Qtr 3,July,20,31033dfa-e0c1-7037-1fc6-3a58046231da,687d2c784b06e70430f4082a,2025,Qtr 3,July,20,31033dfa-e0c1-7037-1fc6-3a58046231da,6EBCYU,URL,https://app.securetag.in/found
in.pixiverse.user.management.securetag.db.entity.QRCode,687d2ce74b06e70430f40835,687d2ce64b06e70430f4082b,2025,Qtr 3,July,20,31033dfa-e0c1-7037-1fc6-3a58046231da,687d2c784b06e70430f4082a,2025,Qtr 3,July,20,31033dfa-e0c1-7037-1fc6-3a58046231da,R484FS,URL,https://app.securetag.in/found
in.pixiverse.user.management.securetag.db.entity.QRCode,687d2ce74b06e70430f40836,687d2ce64b06e70430f4082b,2025,Qtr 3,July,20,31033dfa-e0c1-7037-1fc6-3a58046231da,687d2c784b06e70430f4082a,2025,Qtr 3,July,20,31033dfa-e0c1-7037-1fc6-3a58046231da,NWU11L,URL,https://app.securetag.in/found
in.pixiverse.user.management.securetag.db.entity.QRCode,687d2ce74b06e70430f40837,687d2ce64b06e70430f4082b,2025,Qtr 3,July,20,31033dfa-e0c1-7037-1fc6-3a58046231da,687d2c784b06e70430f4082a,2025,Qtr 3,July,20,31033dfa-e0c1-7037-1fc6-3a58046231da,GW4O8U,URL,https://app.securetag.in/found
in.pixiverse.user.management.securetag.db.entity.QRCode,687d2ce74b06e70430f40838,687d2ce64b06e70430f4082b,2025,Qtr 3,July,20,31033dfa-e0c1-7037-1fc6-3a58046231da,687d2c784b06e70430f4082a,2025,Qtr 3,July,20,31033dfa-e0c1-7037-1fc6-3a58046231da,J2OI7M,URL,https://app.securetag.in/found
in.pixiverse.user.management.securetag.db.entity.QRCode,687d2ce74b06e70430f40839,687d2ce64b06e70430f4082b,2025,Qtr 3,July,20,31033dfa-e0c1-7037-1fc6-3a58046231da,687d2c784b06e70430f4082a,2025,Qtr 3,July,20,31033dfa-e0c1-7037-1fc6-3a58046231da,HWHKWH,URL,https://app.securetag.in/found
in.pixiverse.user.management.securetag.db.entity.QRCode,687d2ce74b06e70430f4083a,687d2ce64b06e70430f4082b,2025,Qtr 3,July,20,31033dfa-e0c1-7037-1fc6-3a58046231da,687d2c784b06e70430f4082a,2025,Qtr 3,July,20,31033dfa-e0c1-7037-1fc6-3a58046231da,G4T1RB,URL,https://app.securetag.in/found
in.pixiverse.user.management.securetag.db.entity.QRCode,687d2ce74b06e70430f4083b,687d2ce64b06e70430f4082b,2025,Qtr 3,July,20,31033dfa-e0c1-7037-1fc6-3a58046231da,687d2c784b06e70430f4082a,2025,Qtr 3,July,20,31033dfa-e0c1-7037-1fc6-3a58046231da,SCJJD9,URL,https://app.securetag.in/found
in.pixiverse.user.management.securetag.db.entity.QRCode,687d2ce74b06e70430f4083c,687d2ce64b06e70430f4082b,2025,Qtr 3,July,20,31033dfa-e0c1-7037-1fc6-3a58046231da,687d2c784b06e70430f4082a,2025,Qtr 3,July,20,31033dfa-e0c1-7037-1fc6-3a58046231da,06KBJX,URL,https://app.securetag.in/found
in.pixiverse.user.management.securetag.db.entity.QRCode,687d2ce74b06e70430f4083d,687d2ce64b06e70430f4082b,2025,Qtr 3,July,20,31033dfa-e0c1-7037-1fc6-3a58046231da,687d2c784b06e70430f4082a,2025,Qtr 3,July,20,31033dfa-e0c1-7037-1fc6-3a58046231da,IFPNNE,URL,https://app.securetag.in/found
in.pixiverse.user.management.securetag.db.entity.QRCode,687d2ce74b06e70430f4083e,687d2ce64b06e70430f4082b,2025,Qtr 3,July,20,31033dfa-e0c1-7037-1fc6-3a58046231da,687d2c784b06e70430f4082a,2025,Qtr 3,July,20,31033dfa-e0c1-7037-1fc6-3a58046231da,LFQA47,URL,https://app.securetag.in/found
in.pixiverse.user.management.securetag.db.entity.QRCode,687d2ce74b06e70430f4083f,687d2ce64b06e70430f4082b,2025,Qtr 3,July,20,31033dfa-e0c1-7037-1fc6-3a58046231da,687d2c784b06e70430f4082a,2025,Qtr 3,July,20,31033dfa-e0c1-7037-1fc6-3a58046231da,1BE4CS,URL,https://app.securetag.in/found
in.pixiverse.user.management.securetag.db.entity.QRCode,687d2ce74b06e70430f40840,687d2ce64b06e70430f4082b,2025,Qtr 3,July,20,31033dfa-e0c1-7037-1fc6-3a58046231da,687d2c784b06e70430f4082a,2025,Qtr 3,July,20,31033dfa-e0c1-7037-1fc6-3a58046231da,V89G9K,URL,https://app.securetag.in/found
in.pixiverse.user.management.securetag.db.entity.QRCode,687d2ce74b06e70430f40841,687d2ce64b06e70430f4082b,2025,Qtr 3,July,20,31033dfa-e0c1-7037-1fc6-3a58046231da,687d2c784b06e70430f4082a,2025,Qtr 3,July,20,31033dfa-e0c1-7037-1fc6-3a58046231da,ZFTY2N,URL,https://app.securetag.in/found
in.pixiverse.user.management.securetag.db.entity.QRCode,687d2ce74b06e70430f40842,687d2ce64b06e70430f4082b,2025,Qtr 3,July,20,31033dfa-e0c1-7037-1fc6-3a58046231da,687d2c784b06e70430f4082a,2025,Qtr 3,July,20,31033dfa-e0c1-7037-1fc6-3a58046231da,EHDK7J,URL,https://app.securetag.in/found
in.pixiverse.user.management.securetag.db.entity.QRCode,687d2ce74b06e70430f40843,687d2ce64b06e70430f4082b,2025,Qtr 3,July,20,31033dfa-e0c1-7037-1fc6-3a58046231da,687d2c784b06e70430f4082a,2025,Qtr 3,July,20,31033dfa-e0c1-7037-1fc6-3a58046231da,8I8PCZ,URL,https://app.securetag.in/found
in.pixiverse.user.management.securetag.db.entity.QRCode,687d2ce74b06e70430f40844,687d2ce64b06e70430f4082b,2025,Qtr 3,July,20,31033dfa-e0c1-7037-1fc6-3a58046231da,687d2c784b06e70430f4082a,2025,Qtr 3,July,20,31033dfa-e0c1-7037-1fc6-3a58046231da,X0D3O3,URL,https://app.securetag.in/found
in.pixiverse.user.management.securetag.db.entity.QRCode,687dcc694b06e70430f408ad,687dcc694b06e70430f408ac,2025,Qtr 3,July,21,a1034d9a-1051-7074-049c-fb99233de741,6680e16c98c9713daae37bc4,2025,Qtr 3,July,21,a1034d9a-1051-7074-049c-fb99233de741,CPACM4,URL,https://app.securetag.in/found
